[
{
  "model": "contenttypes.contenttype",
  "pk": 1,
  "fields": {
    "app_label": "admin",
    "model": "logentry"
  }
},
{
  "model": "contenttypes.contenttype",
  "pk": 2,
  "fields": {
    "app_label": "auth",
    "model": "permission"
  }
},
{
  "model": "contenttypes.contenttype",
  "pk": 3,
  "fields": {
    "app_label": "auth",
    "model": "group"
  }
},
{
  "model": "contenttypes.contenttype",
  "pk": 4,
  "fields": {
    "app_label": "contenttypes",
    "model": "contenttype"
  }
},
{
  "model": "contenttypes.contenttype",
  "pk": 5,
  "fields": {
    "app_label": "sessions",
    "model": "session"
  }
},
{
  "model": "contenttypes.contenttype",
  "pk": 6,
  "fields": {
    "app_label": "security",
    "model": "accessusers"
  }
},
{
  "model": "contenttypes.contenttype",
  "pk": 7,
  "fields": {
    "app_label": "security",
    "model": "dashboard"
  }
},
{
  "model": "contenttypes.contenttype",
  "pk": 8,
  "fields": {
    "app_label": "security",
    "model": "databasebackups"
  }
},
{
  "model": "contenttypes.contenttype",
  "pk": 9,
  "fields": {
    "app_label": "security",
    "model": "moduletype"
  }
},
{
  "model": "contenttypes.contenttype",
  "pk": 10,
  "fields": {
    "app_label": "security",
    "model": "module"
  }
},
{
  "model": "contenttypes.contenttype",
  "pk": 11,
  "fields": {
    "app_label": "security",
    "model": "grouppermission"
  }
},
{
  "model": "contenttypes.contenttype",
  "pk": 12,
  "fields": {
    "app_label": "security",
    "model": "groupmodule"
  }
},
{
  "model": "contenttypes.contenttype",
  "pk": 13,
  "fields": {
    "app_label": "user",
    "model": "user"
  }
},
{
  "model": "contenttypes.contenttype",
  "pk": 14,
  "fields": {
    "app_label": "clinic",
    "model": "breedpet"
  }
},
{
  "model": "contenttypes.contenttype",
  "pk": 15,
  "fields": {
    "app_label": "clinic",
    "model": "canton"
  }
},
{
  "model": "contenttypes.contenttype",
  "pk": 16,
  "fields": {
    "app_label": "clinic",
    "model": "client"
  }
},
{
  "model": "contenttypes.contenttype",
  "pk": 17,
  "fields": {
    "app_label": "clinic",
    "model": "color"
  }
},
{
  "model": "contenttypes.contenttype",
  "pk": 18,
  "fields": {
    "app_label": "clinic",
    "model": "country"
  }
},
{
  "model": "contenttypes.contenttype",
  "pk": 19,
  "fields": {
    "app_label": "clinic",
    "model": "employee"
  }
},
{
  "model": "contenttypes.contenttype",
  "pk": 20,
  "fields": {
    "app_label": "clinic",
    "model": "mascots"
  }
},
{
  "model": "contenttypes.contenttype",
  "pk": 21,
  "fields": {
    "app_label": "clinic",
    "model": "medicalparameters"
  }
},
{
  "model": "contenttypes.contenttype",
  "pk": 22,
  "fields": {
    "app_label": "clinic",
    "model": "product"
  }
},
{
  "model": "contenttypes.contenttype",
  "pk": 23,
  "fields": {
    "app_label": "clinic",
    "model": "producttype"
  }
},
{
  "model": "contenttypes.contenttype",
  "pk": 24,
  "fields": {
    "app_label": "clinic",
    "model": "profession"
  }
},
{
  "model": "contenttypes.contenttype",
  "pk": 25,
  "fields": {
    "app_label": "clinic",
    "model": "provider"
  }
},
{
  "model": "contenttypes.contenttype",
  "pk": 26,
  "fields": {
    "app_label": "clinic",
    "model": "purchase"
  }
},
{
  "model": "contenttypes.contenttype",
  "pk": 27,
  "fields": {
    "app_label": "clinic",
    "model": "sale"
  }
},
{
  "model": "contenttypes.contenttype",
  "pk": 28,
  "fields": {
    "app_label": "clinic",
    "model": "typepet"
  }
},
{
  "model": "contenttypes.contenttype",
  "pk": 29,
  "fields": {
    "app_label": "clinic",
    "model": "saleproducts"
  }
},
{
  "model": "contenttypes.contenttype",
  "pk": 30,
  "fields": {
    "app_label": "clinic",
    "model": "purchasedetail"
  }
},
{
  "model": "contenttypes.contenttype",
  "pk": 31,
  "fields": {
    "app_label": "clinic",
    "model": "province"
  }
},
{
  "model": "contenttypes.contenttype",
  "pk": 32,
  "fields": {
    "app_label": "clinic",
    "model": "parish"
  }
},
{
  "model": "contenttypes.contenttype",
  "pk": 33,
  "fields": {
    "app_label": "clinic",
    "model": "historialmedical"
  }
},
{
  "model": "contenttypes.contenttype",
  "pk": 34,
  "fields": {
    "app_label": "homepage",
    "model": "comments"
  }
},
{
  "model": "contenttypes.contenttype",
  "pk": 35,
  "fields": {
    "app_label": "homepage",
    "model": "departments"
  }
},
{
  "model": "contenttypes.contenttype",
  "pk": 36,
  "fields": {
    "app_label": "homepage",
    "model": "freqquestions"
  }
},
{
  "model": "contenttypes.contenttype",
  "pk": 37,
  "fields": {
    "app_label": "homepage",
    "model": "gallery"
  }
},
{
  "model": "contenttypes.contenttype",
  "pk": 38,
  "fields": {
    "app_label": "homepage",
    "model": "mainpage"
  }
},
{
  "model": "contenttypes.contenttype",
  "pk": 39,
  "fields": {
    "app_label": "homepage",
    "model": "news"
  }
},
{
  "model": "contenttypes.contenttype",
  "pk": 40,
  "fields": {
    "app_label": "homepage",
    "model": "qualities"
  }
},
{
  "model": "contenttypes.contenttype",
  "pk": 41,
  "fields": {
    "app_label": "homepage",
    "model": "services"
  }
},
{
  "model": "contenttypes.contenttype",
  "pk": 42,
  "fields": {
    "app_label": "homepage",
    "model": "socialnetworks"
  }
},
{
  "model": "contenttypes.contenttype",
  "pk": 43,
  "fields": {
    "app_label": "homepage",
    "model": "statistics"
  }
},
{
  "model": "contenttypes.contenttype",
  "pk": 44,
  "fields": {
    "app_label": "homepage",
    "model": "team"
  }
},
{
  "model": "contenttypes.contenttype",
  "pk": 45,
  "fields": {
    "app_label": "homepage",
    "model": "testimonials"
  }
},
{
  "model": "contenttypes.contenttype",
  "pk": 46,
  "fields": {
    "app_label": "homepage",
    "model": "videos"
  }
},
{
  "model": "contenttypes.contenttype",
  "pk": 47,
  "fields": {
    "app_label": "homepage",
    "model": "teamsocialnet"
  }
},
{
  "model": "sessions.session",
  "pk": "ngo5otbkecpj9jmrigqs88jfnp4w9ik5",
  "fields": {
    "session_data": "ODk3ZDY0NzVhY2FkMmE3MTcxN2Q1OWE1YmIyMGUxNTI3MGM2YzQ4ZDqABJXGAgAAAAAAAH2UKIwNX2F1dGhfdXNlcl9pZJSMATGUjBJfYXV0aF91c2VyX2JhY2tlbmSUjClkamFuZ28uY29udHJpYi5hdXRoLmJhY2tlbmRzLk1vZGVsQmFja2VuZJSMD19hdXRoX3VzZXJfaGFzaJSMKGM0MDY4MjkxNDZjYWI1YTA2N2QzYWM3YTZmNTJlNzg2ODQwNzE2ZTKUjAVncm91cJSMFWRqYW5nby5kYi5tb2RlbHMuYmFzZZSMDm1vZGVsX3VucGlja2xllJOUjARhdXRolIwFR3JvdXCUhpSFlFKUfZQojAZfc3RhdGWUaAiMCk1vZGVsU3RhdGWUk5QpgZR9lCiMBmFkZGluZ5SJjAJkYpSMB2RlZmF1bHSUdWKMAmlklEsBjARuYW1llIwNQWRtaW5pc3RyYWRvcpSMD19kamFuZ29fdmVyc2lvbpSMBTMuMC4zlHVijAZtb2R1bGWUaAqMCHNlY3VyaXR5lIwGTW9kdWxllIaUhZRSlH2UKIwGX3N0YXRllGgTKYGUfZQojAxmaWVsZHNfY2FjaGWUfZRoFoloF2gYdWKMAmlklEsnjAN1cmyUjBUvY2xpbmljL3Byb2R1Y3QvdHlwZS+UjARuYW1llIwSVGlwb3MgZGUgUHJvZHVjdG9zlIwNbW9kdWxldHlwZV9pZJRLBYwLZGVzY3JpcHRpb26UjC1QZXJtaXRlIGFkbWluaXN0cmFyIGxhIGxpbmVhIGRlIGxvcyBwcm9kdWN0b3OUjARpY29ulIwNZmFiIGZhLWxpbm9kZZSMBWltYWdllIwAlIwLaXNfdmVydGljYWyUiIwJaXNfYWN0aXZllIiMCmlzX3Zpc2libGWUiIwPX2RqYW5nb192ZXJzaW9ulIwFMy4wLjOUdWKMCHVybF9sYXN0lIwVL2NsaW5pYy9wcm9kdWN0L3R5cGUvlHUu",
    "expire_date": "2021-07-03T22:06:29.454Z"
  }
},
{
  "model": "security.dashboard",
  "pk": 1,
  "fields": {
    "name": "PEGASUS WEB",
    "image": "dashboard/2020/12/18/iconfinder__paw_2559792.png",
    "icon": "fas fa-paw",
    "layout": 1,
    "card": " ",
    "navbar": "navbar-dark navbar-primary",
    "brand_logo": " ",
    "sidebar": "sidebar-light-primary"
  }
},
{
  "model": "security.moduletype",
  "pk": 1,
  "fields": {
    "name": "Seguridad",
    "icon": "fas fa-lock",
    "is_active": true
  }
},
{
  "model": "security.moduletype",
  "pk": 2,
  "fields": {
    "name": "Usuarios",
    "icon": "fas fa-users",
    "is_active": true
  }
},
{
  "model": "security.moduletype",
  "pk": 3,
  "fields": {
    "name": "P\u00e1gina Web",
    "icon": "fas fa-house-damage",
    "is_active": true
  }
},
{
  "model": "security.moduletype",
  "pk": 4,
  "fields": {
    "name": "Veterinaria",
    "icon": "fas fa-hospital",
    "is_active": true
  }
},
{
  "model": "security.moduletype",
  "pk": 5,
  "fields": {
    "name": "Bodega",
    "icon": "fas fa-boxes",
    "is_active": true
  }
},
{
  "model": "security.moduletype",
  "pk": 6,
  "fields": {
    "name": "Reportes",
    "icon": "fas fa-chart-pie",
    "is_active": true
  }
},
{
  "model": "security.moduletype",
  "pk": 7,
  "fields": {
    "name": "Ubicaci\u00f3n",
    "icon": "fas fa-street-view",
    "is_active": true
  }
},
{
  "model": "clinic.country",
  "pk": 1,
  "fields": {
    "code": "AF",
    "name": "Afganist\u00e1n"
  }
},
{
  "model": "clinic.country",
  "pk": 2,
  "fields": {
    "code": "AL",
    "name": "Albania"
  }
},
{
  "model": "clinic.country",
  "pk": 3,
  "fields": {
    "code": "DE",
    "name": "Alemania"
  }
},
{
  "model": "clinic.country",
  "pk": 4,
  "fields": {
    "code": "AD",
    "name": "Andorra"
  }
},
{
  "model": "clinic.country",
  "pk": 5,
  "fields": {
    "code": "AO",
    "name": "Angola"
  }
},
{
  "model": "clinic.country",
  "pk": 6,
  "fields": {
    "code": "AI",
    "name": "Anguila"
  }
},
{
  "model": "clinic.country",
  "pk": 7,
  "fields": {
    "code": "AQ",
    "name": "Ant\u00e1rtida"
  }
},
{
  "model": "clinic.country",
  "pk": 8,
  "fields": {
    "code": "AG",
    "name": "Antigua y Barbuda"
  }
},
{
  "model": "clinic.country",
  "pk": 9,
  "fields": {
    "code": "AN",
    "name": "Antillas holandesas"
  }
},
{
  "model": "clinic.country",
  "pk": 10,
  "fields": {
    "code": "SA",
    "name": "Arabia Saud\u00ed"
  }
},
{
  "model": "clinic.country",
  "pk": 11,
  "fields": {
    "code": "DZ",
    "name": "Argelia"
  }
},
{
  "model": "clinic.country",
  "pk": 12,
  "fields": {
    "code": "AR",
    "name": "Argentina"
  }
},
{
  "model": "clinic.country",
  "pk": 13,
  "fields": {
    "code": "AM",
    "name": "Armenia"
  }
},
{
  "model": "clinic.country",
  "pk": 14,
  "fields": {
    "code": "AW",
    "name": "Aruba"
  }
},
{
  "model": "clinic.country",
  "pk": 15,
  "fields": {
    "code": "AU",
    "name": "Australia"
  }
},
{
  "model": "clinic.country",
  "pk": 16,
  "fields": {
    "code": "AT",
    "name": "Austria"
  }
},
{
  "model": "clinic.country",
  "pk": 17,
  "fields": {
    "code": "AZ",
    "name": "Azerbaiy\u00e1n"
  }
},
{
  "model": "clinic.country",
  "pk": 18,
  "fields": {
    "code": "BS",
    "name": "Bahamas"
  }
},
{
  "model": "clinic.country",
  "pk": 19,
  "fields": {
    "code": "BH",
    "name": "Bahrein"
  }
},
{
  "model": "clinic.country",
  "pk": 20,
  "fields": {
    "code": "BD",
    "name": "Bangladesh"
  }
},
{
  "model": "clinic.country",
  "pk": 21,
  "fields": {
    "code": "BB",
    "name": "Barbados"
  }
},
{
  "model": "clinic.country",
  "pk": 22,
  "fields": {
    "code": "BE",
    "name": "B\u00e9lgica"
  }
},
{
  "model": "clinic.country",
  "pk": 23,
  "fields": {
    "code": "BZ",
    "name": "Belice"
  }
},
{
  "model": "clinic.country",
  "pk": 24,
  "fields": {
    "code": "BJ",
    "name": "Ben\u00edn"
  }
},
{
  "model": "clinic.country",
  "pk": 25,
  "fields": {
    "code": "BM",
    "name": "Bermudas"
  }
},
{
  "model": "clinic.country",
  "pk": 26,
  "fields": {
    "code": "BT",
    "name": "Bhut\u00e1n"
  }
},
{
  "model": "clinic.country",
  "pk": 27,
  "fields": {
    "code": "BY",
    "name": "Bielorrusia"
  }
},
{
  "model": "clinic.country",
  "pk": 28,
  "fields": {
    "code": "MM",
    "name": "Birmania"
  }
},
{
  "model": "clinic.country",
  "pk": 29,
  "fields": {
    "code": "BO",
    "name": "Bolivia"
  }
},
{
  "model": "clinic.country",
  "pk": 30,
  "fields": {
    "code": "BA",
    "name": "Bosnia y Herzegovina"
  }
},
{
  "model": "clinic.country",
  "pk": 31,
  "fields": {
    "code": "BW",
    "name": "Botsuana"
  }
},
{
  "model": "clinic.country",
  "pk": 32,
  "fields": {
    "code": "BR",
    "name": "Brasil"
  }
},
{
  "model": "clinic.country",
  "pk": 33,
  "fields": {
    "code": "BN",
    "name": "Brunei"
  }
},
{
  "model": "clinic.country",
  "pk": 34,
  "fields": {
    "code": "BG",
    "name": "Bulgaria"
  }
},
{
  "model": "clinic.country",
  "pk": 35,
  "fields": {
    "code": "BF",
    "name": "Burkina Faso"
  }
},
{
  "model": "clinic.country",
  "pk": 36,
  "fields": {
    "code": "BI",
    "name": "Burundi"
  }
},
{
  "model": "clinic.country",
  "pk": 37,
  "fields": {
    "code": "CV",
    "name": "Cabo Verde"
  }
},
{
  "model": "clinic.country",
  "pk": 38,
  "fields": {
    "code": "KH",
    "name": "Camboya"
  }
},
{
  "model": "clinic.country",
  "pk": 39,
  "fields": {
    "code": "CM",
    "name": "Camer\u00fan"
  }
},
{
  "model": "clinic.country",
  "pk": 40,
  "fields": {
    "code": "CA",
    "name": "Canad\u00e1"
  }
},
{
  "model": "clinic.country",
  "pk": 41,
  "fields": {
    "code": "TD",
    "name": "Chad"
  }
},
{
  "model": "clinic.country",
  "pk": 42,
  "fields": {
    "code": "CL",
    "name": "Chile"
  }
},
{
  "model": "clinic.country",
  "pk": 43,
  "fields": {
    "code": "CN",
    "name": "China"
  }
},
{
  "model": "clinic.country",
  "pk": 44,
  "fields": {
    "code": "CY",
    "name": "Chipre"
  }
},
{
  "model": "clinic.country",
  "pk": 45,
  "fields": {
    "code": "VA",
    "name": "Ciudad estado del Vaticano"
  }
},
{
  "model": "clinic.country",
  "pk": 46,
  "fields": {
    "code": "CO",
    "name": "Colombia"
  }
},
{
  "model": "clinic.country",
  "pk": 47,
  "fields": {
    "code": "KM",
    "name": "Comores"
  }
},
{
  "model": "clinic.country",
  "pk": 48,
  "fields": {
    "code": "CG",
    "name": "Congo"
  }
},
{
  "model": "clinic.country",
  "pk": 49,
  "fields": {
    "code": "KR",
    "name": "Corea"
  }
},
{
  "model": "clinic.country",
  "pk": 50,
  "fields": {
    "code": "KP",
    "name": "Corea del Norte"
  }
},
{
  "model": "clinic.country",
  "pk": 51,
  "fields": {
    "code": "CI",
    "name": "Costa del Marf\u00edl"
  }
},
{
  "model": "clinic.country",
  "pk": 52,
  "fields": {
    "code": "CR",
    "name": "Costa Rica"
  }
},
{
  "model": "clinic.country",
  "pk": 53,
  "fields": {
    "code": "HR",
    "name": "Croacia"
  }
},
{
  "model": "clinic.country",
  "pk": 54,
  "fields": {
    "code": "CU",
    "name": "Cuba"
  }
},
{
  "model": "clinic.country",
  "pk": 55,
  "fields": {
    "code": "DK",
    "name": "Dinamarca"
  }
},
{
  "model": "clinic.country",
  "pk": 56,
  "fields": {
    "code": "DJ",
    "name": "Djibouri"
  }
},
{
  "model": "clinic.country",
  "pk": 57,
  "fields": {
    "code": "DM",
    "name": "Dominica"
  }
},
{
  "model": "clinic.country",
  "pk": 58,
  "fields": {
    "code": "EC",
    "name": "Ecuador"
  }
},
{
  "model": "clinic.country",
  "pk": 59,
  "fields": {
    "code": "EG",
    "name": "Egipto"
  }
},
{
  "model": "clinic.country",
  "pk": 60,
  "fields": {
    "code": "SV",
    "name": "El Salvador"
  }
},
{
  "model": "clinic.country",
  "pk": 61,
  "fields": {
    "code": "AE",
    "name": "Emiratos Arabes Unidos"
  }
},
{
  "model": "clinic.country",
  "pk": 62,
  "fields": {
    "code": "ER",
    "name": "Eritrea"
  }
},
{
  "model": "clinic.country",
  "pk": 63,
  "fields": {
    "code": "SK",
    "name": "Eslovaquia"
  }
},
{
  "model": "clinic.country",
  "pk": 64,
  "fields": {
    "code": "SI",
    "name": "Eslovenia"
  }
},
{
  "model": "clinic.country",
  "pk": 65,
  "fields": {
    "code": "ES",
    "name": "Espa\u00f1a"
  }
},
{
  "model": "clinic.country",
  "pk": 66,
  "fields": {
    "code": "US",
    "name": "Estados Unidos"
  }
},
{
  "model": "clinic.country",
  "pk": 67,
  "fields": {
    "code": "EE",
    "name": "Estonia"
  }
},
{
  "model": "clinic.country",
  "pk": 68,
  "fields": {
    "code": "ET",
    "name": "c"
  }
},
{
  "model": "clinic.country",
  "pk": 69,
  "fields": {
    "code": "MK",
    "name": "Ex-Rep\u00fablica Yugoslava de Macedonia"
  }
},
{
  "model": "clinic.country",
  "pk": 70,
  "fields": {
    "code": "PH",
    "name": "Filipinas"
  }
},
{
  "model": "clinic.country",
  "pk": 71,
  "fields": {
    "code": "FI",
    "name": "Finlandia"
  }
},
{
  "model": "clinic.country",
  "pk": 72,
  "fields": {
    "code": "FR",
    "name": "Francia"
  }
},
{
  "model": "clinic.country",
  "pk": 73,
  "fields": {
    "code": "GA",
    "name": "Gab\u00f3n"
  }
},
{
  "model": "clinic.country",
  "pk": 74,
  "fields": {
    "code": "GM",
    "name": "Gambia"
  }
},
{
  "model": "clinic.country",
  "pk": 75,
  "fields": {
    "code": "GE",
    "name": "Georgia"
  }
},
{
  "model": "clinic.country",
  "pk": 76,
  "fields": {
    "code": "GS",
    "name": "Georgia del Sur y las islas Sandwich del Sur"
  }
},
{
  "model": "clinic.country",
  "pk": 77,
  "fields": {
    "code": "GH",
    "name": "Ghana"
  }
},
{
  "model": "clinic.country",
  "pk": 78,
  "fields": {
    "code": "GI",
    "name": "Gibraltar"
  }
},
{
  "model": "clinic.country",
  "pk": 79,
  "fields": {
    "code": "GD",
    "name": "Granada"
  }
},
{
  "model": "clinic.country",
  "pk": 80,
  "fields": {
    "code": "GR",
    "name": "Grecia"
  }
},
{
  "model": "clinic.country",
  "pk": 81,
  "fields": {
    "code": "GL",
    "name": "Groenlandia"
  }
},
{
  "model": "clinic.country",
  "pk": 82,
  "fields": {
    "code": "GP",
    "name": "Guadalupe"
  }
},
{
  "model": "clinic.country",
  "pk": 83,
  "fields": {
    "code": "GU",
    "name": "Guam"
  }
},
{
  "model": "clinic.country",
  "pk": 84,
  "fields": {
    "code": "GT",
    "name": "Guatemala"
  }
},
{
  "model": "clinic.country",
  "pk": 85,
  "fields": {
    "code": "GY",
    "name": "Guayana"
  }
},
{
  "model": "clinic.country",
  "pk": 86,
  "fields": {
    "code": "GF",
    "name": "Guayana francesa"
  }
},
{
  "model": "clinic.country",
  "pk": 87,
  "fields": {
    "code": "GN",
    "name": "Guinea"
  }
},
{
  "model": "clinic.country",
  "pk": 88,
  "fields": {
    "code": "GQ",
    "name": "Guinea Ecuatorial"
  }
},
{
  "model": "clinic.country",
  "pk": 89,
  "fields": {
    "code": "GW",
    "name": "Guinea-Bissau"
  }
},
{
  "model": "clinic.country",
  "pk": 90,
  "fields": {
    "code": "HT",
    "name": "Hait\u00ed"
  }
},
{
  "model": "clinic.country",
  "pk": 91,
  "fields": {
    "code": "NL",
    "name": "Holanda"
  }
},
{
  "model": "clinic.country",
  "pk": 92,
  "fields": {
    "code": "HN",
    "name": "Honduras"
  }
},
{
  "model": "clinic.country",
  "pk": 93,
  "fields": {
    "code": "HK",
    "name": "Hong Kong R. A. E"
  }
},
{
  "model": "clinic.country",
  "pk": 94,
  "fields": {
    "code": "HU",
    "name": "Hungr\u00eda"
  }
},
{
  "model": "clinic.country",
  "pk": 95,
  "fields": {
    "code": "IN",
    "name": "India"
  }
},
{
  "model": "clinic.country",
  "pk": 96,
  "fields": {
    "code": "ID",
    "name": "Indonesia"
  }
},
{
  "model": "clinic.country",
  "pk": 97,
  "fields": {
    "code": "IQ",
    "name": "Irak"
  }
},
{
  "model": "clinic.country",
  "pk": 98,
  "fields": {
    "code": "IR",
    "name": "Ir\u00e1n"
  }
},
{
  "model": "clinic.country",
  "pk": 99,
  "fields": {
    "code": "IE",
    "name": "Irlanda"
  }
},
{
  "model": "clinic.country",
  "pk": 100,
  "fields": {
    "code": "BV",
    "name": "Isla Bouvet"
  }
},
{
  "model": "clinic.country",
  "pk": 101,
  "fields": {
    "code": "CX",
    "name": "Isla Christmas"
  }
},
{
  "model": "clinic.country",
  "pk": 102,
  "fields": {
    "code": "HM",
    "name": "Isla Heard e Islas McDonald"
  }
},
{
  "model": "clinic.country",
  "pk": 103,
  "fields": {
    "code": "IS",
    "name": "Islandia"
  }
},
{
  "model": "clinic.country",
  "pk": 104,
  "fields": {
    "code": "KY",
    "name": "Islas Caim\u00e1n"
  }
},
{
  "model": "clinic.country",
  "pk": 105,
  "fields": {
    "code": "CK",
    "name": "Islas Cook"
  }
},
{
  "model": "clinic.country",
  "pk": 106,
  "fields": {
    "code": "CC",
    "name": "Islas de Cocos o Keeling"
  }
},
{
  "model": "clinic.country",
  "pk": 107,
  "fields": {
    "code": "FO",
    "name": "Islas Faroe"
  }
},
{
  "model": "clinic.country",
  "pk": 108,
  "fields": {
    "code": "FJ",
    "name": "Islas Fiyi"
  }
},
{
  "model": "clinic.country",
  "pk": 109,
  "fields": {
    "code": "FK",
    "name": "Islas Malvinas Islas Falkland"
  }
},
{
  "model": "clinic.country",
  "pk": 110,
  "fields": {
    "code": "MP",
    "name": "Islas Marianas del norte"
  }
},
{
  "model": "clinic.country",
  "pk": 111,
  "fields": {
    "code": "MH",
    "name": "Islas Marshall"
  }
},
{
  "model": "clinic.country",
  "pk": 112,
  "fields": {
    "code": "UM",
    "name": "Islas menores de Estados Unidos"
  }
},
{
  "model": "clinic.country",
  "pk": 113,
  "fields": {
    "code": "PW",
    "name": "Islas Palau"
  }
},
{
  "model": "clinic.country",
  "pk": 114,
  "fields": {
    "code": "undefined",
    "name": "Islas Salom\u00f3n"
  }
},
{
  "model": "clinic.country",
  "pk": 115,
  "fields": {
    "code": "TK",
    "name": "Islas Tokelau"
  }
},
{
  "model": "clinic.country",
  "pk": 116,
  "fields": {
    "code": "TC",
    "name": "Islas Turks y Caicos"
  }
},
{
  "model": "clinic.country",
  "pk": 117,
  "fields": {
    "code": "VI",
    "name": "Islas V\u00edrgenes EE.UU."
  }
},
{
  "model": "clinic.country",
  "pk": 118,
  "fields": {
    "code": "VG",
    "name": "Islas V\u00edrgenes Reino Unido"
  }
},
{
  "model": "clinic.country",
  "pk": 119,
  "fields": {
    "code": "IL",
    "name": "Israel"
  }
},
{
  "model": "clinic.country",
  "pk": 120,
  "fields": {
    "code": "IT",
    "name": "Italia"
  }
},
{
  "model": "clinic.country",
  "pk": 121,
  "fields": {
    "code": "JM",
    "name": "Jamaica"
  }
},
{
  "model": "clinic.country",
  "pk": 122,
  "fields": {
    "code": "JP",
    "name": "Jap\u00f3n"
  }
},
{
  "model": "clinic.country",
  "pk": 123,
  "fields": {
    "code": "JO",
    "name": "Jordania"
  }
},
{
  "model": "clinic.country",
  "pk": 124,
  "fields": {
    "code": "KZ",
    "name": "Kazajist\u00e1n"
  }
},
{
  "model": "clinic.country",
  "pk": 125,
  "fields": {
    "code": "KE",
    "name": "Kenia"
  }
},
{
  "model": "clinic.country",
  "pk": 126,
  "fields": {
    "code": "KG",
    "name": "Kirguizist\u00e1n"
  }
},
{
  "model": "clinic.country",
  "pk": 127,
  "fields": {
    "code": "KI",
    "name": "Kiribati"
  }
},
{
  "model": "clinic.country",
  "pk": 128,
  "fields": {
    "code": "KW",
    "name": "Kuwait"
  }
},
{
  "model": "clinic.country",
  "pk": 129,
  "fields": {
    "code": "LA",
    "name": "Laos"
  }
},
{
  "model": "clinic.country",
  "pk": 130,
  "fields": {
    "code": "LS",
    "name": "Lesoto"
  }
},
{
  "model": "clinic.country",
  "pk": 131,
  "fields": {
    "code": "LV",
    "name": "Letonia"
  }
},
{
  "model": "clinic.country",
  "pk": 132,
  "fields": {
    "code": "LB",
    "name": "L\u00edbano"
  }
},
{
  "model": "clinic.country",
  "pk": 133,
  "fields": {
    "code": "LR",
    "name": "Liberia"
  }
},
{
  "model": "clinic.country",
  "pk": 134,
  "fields": {
    "code": "LY",
    "name": "Libia"
  }
},
{
  "model": "clinic.country",
  "pk": 135,
  "fields": {
    "code": "LI",
    "name": "Liechtenstein"
  }
},
{
  "model": "clinic.country",
  "pk": 136,
  "fields": {
    "code": "LT",
    "name": "Lituania"
  }
},
{
  "model": "clinic.country",
  "pk": 137,
  "fields": {
    "code": "LU",
    "name": "Luxemburgo"
  }
},
{
  "model": "clinic.country",
  "pk": 138,
  "fields": {
    "code": "MO",
    "name": "Macao R. A. E"
  }
},
{
  "model": "clinic.country",
  "pk": 139,
  "fields": {
    "code": "MG",
    "name": "Madagascar"
  }
},
{
  "model": "clinic.country",
  "pk": 140,
  "fields": {
    "code": "MY",
    "name": "Malasia"
  }
},
{
  "model": "clinic.country",
  "pk": 141,
  "fields": {
    "code": "MW",
    "name": "Malawi"
  }
},
{
  "model": "clinic.country",
  "pk": 142,
  "fields": {
    "code": "MV",
    "name": "Maldivas"
  }
},
{
  "model": "clinic.country",
  "pk": 143,
  "fields": {
    "code": "ML",
    "name": "Mal\u00ed"
  }
},
{
  "model": "clinic.country",
  "pk": 144,
  "fields": {
    "code": "MT",
    "name": "Malta"
  }
},
{
  "model": "clinic.country",
  "pk": 145,
  "fields": {
    "code": "MA",
    "name": "Marruecos"
  }
},
{
  "model": "clinic.country",
  "pk": 146,
  "fields": {
    "code": "MQ",
    "name": "Martinica"
  }
},
{
  "model": "clinic.country",
  "pk": 147,
  "fields": {
    "code": "MU",
    "name": "Mauricio"
  }
},
{
  "model": "clinic.country",
  "pk": 148,
  "fields": {
    "code": "MR",
    "name": "Mauritania"
  }
},
{
  "model": "clinic.country",
  "pk": 149,
  "fields": {
    "code": "YT",
    "name": "Mayotte"
  }
},
{
  "model": "clinic.country",
  "pk": 150,
  "fields": {
    "code": "MX",
    "name": "M\u00e9xico"
  }
},
{
  "model": "clinic.country",
  "pk": 151,
  "fields": {
    "code": "FM",
    "name": "Micronesia"
  }
},
{
  "model": "clinic.country",
  "pk": 152,
  "fields": {
    "code": "MD",
    "name": "Moldavia"
  }
},
{
  "model": "clinic.country",
  "pk": 153,
  "fields": {
    "code": "MC",
    "name": "M\u00f3naco"
  }
},
{
  "model": "clinic.country",
  "pk": 154,
  "fields": {
    "code": "MN",
    "name": "Mongolia"
  }
},
{
  "model": "clinic.country",
  "pk": 155,
  "fields": {
    "code": "MS",
    "name": "Montserrat"
  }
},
{
  "model": "clinic.country",
  "pk": 156,
  "fields": {
    "code": "MZ",
    "name": "Mozambique"
  }
},
{
  "model": "clinic.country",
  "pk": 157,
  "fields": {
    "code": "NA",
    "name": "Namibia"
  }
},
{
  "model": "clinic.country",
  "pk": 158,
  "fields": {
    "code": "NR",
    "name": "Nauru"
  }
},
{
  "model": "clinic.country",
  "pk": 159,
  "fields": {
    "code": "NP",
    "name": "Nepal"
  }
},
{
  "model": "clinic.country",
  "pk": 160,
  "fields": {
    "code": "NI",
    "name": "Nicaragua"
  }
},
{
  "model": "clinic.country",
  "pk": 161,
  "fields": {
    "code": "NE",
    "name": "N\u00edger"
  }
},
{
  "model": "clinic.country",
  "pk": 162,
  "fields": {
    "code": "NG",
    "name": "Nigeria"
  }
},
{
  "model": "clinic.country",
  "pk": 163,
  "fields": {
    "code": "NU",
    "name": "Niue"
  }
},
{
  "model": "clinic.country",
  "pk": 164,
  "fields": {
    "code": "NF",
    "name": "Norfolk"
  }
},
{
  "model": "clinic.country",
  "pk": 165,
  "fields": {
    "code": "NO",
    "name": "Noruega"
  }
},
{
  "model": "clinic.country",
  "pk": 166,
  "fields": {
    "code": "NC",
    "name": "Nueva Caledonia"
  }
},
{
  "model": "clinic.country",
  "pk": 167,
  "fields": {
    "code": "NZ",
    "name": "Nueva Zelanda"
  }
},
{
  "model": "clinic.country",
  "pk": 168,
  "fields": {
    "code": "OM",
    "name": "Om\u00e1n"
  }
},
{
  "model": "clinic.country",
  "pk": 169,
  "fields": {
    "code": "PA",
    "name": "Panam\u00e1"
  }
},
{
  "model": "clinic.country",
  "pk": 170,
  "fields": {
    "code": "PG",
    "name": "Papua Nueva Guinea"
  }
},
{
  "model": "clinic.country",
  "pk": 171,
  "fields": {
    "code": "PK",
    "name": "Paquist\u00e1n"
  }
},
{
  "model": "clinic.country",
  "pk": 172,
  "fields": {
    "code": "PY",
    "name": "Paraguay"
  }
},
{
  "model": "clinic.country",
  "pk": 173,
  "fields": {
    "code": "PE",
    "name": "Per\u00fa"
  }
},
{
  "model": "clinic.country",
  "pk": 174,
  "fields": {
    "code": "PN",
    "name": "Pitcairn"
  }
},
{
  "model": "clinic.country",
  "pk": 175,
  "fields": {
    "code": "PF",
    "name": "Polinesia francesa"
  }
},
{
  "model": "clinic.country",
  "pk": 176,
  "fields": {
    "code": "PL",
    "name": "Polonia"
  }
},
{
  "model": "clinic.country",
  "pk": 177,
  "fields": {
    "code": "PT",
    "name": "Portugal"
  }
},
{
  "model": "clinic.country",
  "pk": 178,
  "fields": {
    "code": "PR",
    "name": "Puerto Rico"
  }
},
{
  "model": "clinic.country",
  "pk": 179,
  "fields": {
    "code": "QA",
    "name": "Qatar"
  }
},
{
  "model": "clinic.country",
  "pk": 180,
  "fields": {
    "code": "UK",
    "name": "Reino Unido"
  }
},
{
  "model": "clinic.country",
  "pk": 181,
  "fields": {
    "code": "CF",
    "name": "Rep\u00fablica Centroafricana"
  }
},
{
  "model": "clinic.country",
  "pk": 182,
  "fields": {
    "code": "CZ",
    "name": "Rep\u00fablica Checa"
  }
},
{
  "model": "clinic.country",
  "pk": 183,
  "fields": {
    "code": "ZA",
    "name": "Rep\u00fablica de Sud\u00e1frica"
  }
},
{
  "model": "clinic.country",
  "pk": 184,
  "fields": {
    "code": "CD",
    "name": "Rep\u00fablica Democr\u00e1tica del Congo Zaire"
  }
},
{
  "model": "clinic.country",
  "pk": 185,
  "fields": {
    "code": "DO",
    "name": "Rep\u00fablica Dominicana"
  }
},
{
  "model": "clinic.country",
  "pk": 186,
  "fields": {
    "code": "RE",
    "name": "Reuni\u00f3n"
  }
},
{
  "model": "clinic.country",
  "pk": 187,
  "fields": {
    "code": "RW",
    "name": "Ruanda"
  }
},
{
  "model": "clinic.country",
  "pk": 188,
  "fields": {
    "code": "RO",
    "name": "Rumania"
  }
},
{
  "model": "clinic.country",
  "pk": 189,
  "fields": {
    "code": "RU",
    "name": "Rusia"
  }
},
{
  "model": "clinic.country",
  "pk": 190,
  "fields": {
    "code": "WS",
    "name": "Samoa"
  }
},
{
  "model": "clinic.country",
  "pk": 191,
  "fields": {
    "code": "AS",
    "name": "Samoa occidental"
  }
},
{
  "model": "clinic.country",
  "pk": 192,
  "fields": {
    "code": "KN",
    "name": "San Kitts y Nevis"
  }
},
{
  "model": "clinic.country",
  "pk": 193,
  "fields": {
    "code": "SM",
    "name": "San Marino"
  }
},
{
  "model": "clinic.country",
  "pk": 194,
  "fields": {
    "code": "PM",
    "name": "San Pierre y Miquelon"
  }
},
{
  "model": "clinic.country",
  "pk": 195,
  "fields": {
    "code": "VC",
    "name": "San Vicente e Islas Granadinas"
  }
},
{
  "model": "clinic.country",
  "pk": 196,
  "fields": {
    "code": "SH",
    "name": "Santa Helena"
  }
},
{
  "model": "clinic.country",
  "pk": 197,
  "fields": {
    "code": "LC",
    "name": "Santa Luc\u00eda"
  }
},
{
  "model": "clinic.country",
  "pk": 198,
  "fields": {
    "code": "ST",
    "name": "Santo Tom\u00e9 y Pr\u00edncipe"
  }
},
{
  "model": "clinic.country",
  "pk": 199,
  "fields": {
    "code": "SN",
    "name": "Senegal"
  }
},
{
  "model": "clinic.country",
  "pk": 200,
  "fields": {
    "code": "YU",
    "name": "Serbia y Montenegro"
  }
},
{
  "model": "clinic.country",
  "pk": 201,
  "fields": {
    "code": "SC",
    "name": "Sychelles"
  }
},
{
  "model": "clinic.country",
  "pk": 202,
  "fields": {
    "code": "SL",
    "name": "Sierra Leona"
  }
},
{
  "model": "clinic.country",
  "pk": 203,
  "fields": {
    "code": "SG",
    "name": "Singapur"
  }
},
{
  "model": "clinic.country",
  "pk": 204,
  "fields": {
    "code": "SY",
    "name": "Siria"
  }
},
{
  "model": "clinic.country",
  "pk": 205,
  "fields": {
    "code": "SO",
    "name": "Somalia"
  }
},
{
  "model": "clinic.country",
  "pk": 206,
  "fields": {
    "code": "LK",
    "name": "Sri Lanka"
  }
},
{
  "model": "clinic.country",
  "pk": 207,
  "fields": {
    "code": "SZ",
    "name": "Suazilandia"
  }
},
{
  "model": "clinic.country",
  "pk": 208,
  "fields": {
    "code": "SD",
    "name": "Sud\u00e1n"
  }
},
{
  "model": "clinic.country",
  "pk": 209,
  "fields": {
    "code": "SE",
    "name": "Suecia"
  }
},
{
  "model": "clinic.country",
  "pk": 210,
  "fields": {
    "code": "CH",
    "name": "Suiza"
  }
},
{
  "model": "clinic.country",
  "pk": 211,
  "fields": {
    "code": "SR",
    "name": "Surinam"
  }
},
{
  "model": "clinic.country",
  "pk": 212,
  "fields": {
    "code": "SJ",
    "name": "Svalbard"
  }
},
{
  "model": "clinic.country",
  "pk": 213,
  "fields": {
    "code": "TH",
    "name": "Tailandia"
  }
},
{
  "model": "clinic.country",
  "pk": 214,
  "fields": {
    "code": "TW",
    "name": "Taiw\u00e1n"
  }
},
{
  "model": "clinic.country",
  "pk": 215,
  "fields": {
    "code": "TZ",
    "name": "Tanzania"
  }
},
{
  "model": "clinic.country",
  "pk": 216,
  "fields": {
    "code": "TJ",
    "name": "Tayikist\u00e1n"
  }
},
{
  "model": "clinic.country",
  "pk": 217,
  "fields": {
    "code": "IO",
    "name": "Territorios brit\u00e1nicos del oc\u00e9ano Indico"
  }
},
{
  "model": "clinic.country",
  "pk": 218,
  "fields": {
    "code": "TF",
    "name": "Territorios franceses del sur"
  }
},
{
  "model": "clinic.country",
  "pk": 219,
  "fields": {
    "code": "TP",
    "name": "Timor Oriental"
  }
},
{
  "model": "clinic.country",
  "pk": 220,
  "fields": {
    "code": "TG",
    "name": "Togo"
  }
},
{
  "model": "clinic.country",
  "pk": 221,
  "fields": {
    "code": "TO",
    "name": "Tonga"
  }
},
{
  "model": "clinic.country",
  "pk": 222,
  "fields": {
    "code": "TT",
    "name": "Trinidad y Tobago"
  }
},
{
  "model": "clinic.country",
  "pk": 223,
  "fields": {
    "code": "TN",
    "name": "T\u00fanez"
  }
},
{
  "model": "clinic.country",
  "pk": 224,
  "fields": {
    "code": "TM",
    "name": "Turkmenist\u00e1n"
  }
},
{
  "model": "clinic.country",
  "pk": 225,
  "fields": {
    "code": "TR",
    "name": "Turqu\u00eda"
  }
},
{
  "model": "clinic.country",
  "pk": 226,
  "fields": {
    "code": "TV",
    "name": "Tuvalu"
  }
},
{
  "model": "clinic.country",
  "pk": 227,
  "fields": {
    "code": "UA",
    "name": "Ucrania"
  }
},
{
  "model": "clinic.country",
  "pk": 228,
  "fields": {
    "code": "UG",
    "name": "Uganda"
  }
},
{
  "model": "clinic.country",
  "pk": 229,
  "fields": {
    "code": "UY",
    "name": "Uruguay"
  }
},
{
  "model": "clinic.country",
  "pk": 230,
  "fields": {
    "code": "UZ",
    "name": "Uzbekist\u00e1n"
  }
},
{
  "model": "clinic.country",
  "pk": 231,
  "fields": {
    "code": "VU",
    "name": "Vanuatu"
  }
},
{
  "model": "clinic.country",
  "pk": 232,
  "fields": {
    "code": "VE",
    "name": "Venezuela"
  }
},
{
  "model": "clinic.country",
  "pk": 233,
  "fields": {
    "code": "VN",
    "name": "Vietnam"
  }
},
{
  "model": "clinic.country",
  "pk": 234,
  "fields": {
    "code": "WF",
    "name": "Wallis y Futuna"
  }
},
{
  "model": "clinic.country",
  "pk": 235,
  "fields": {
    "code": "YE",
    "name": "Yemen"
  }
},
{
  "model": "clinic.country",
  "pk": 236,
  "fields": {
    "code": "ZM",
    "name": "Zambia"
  }
},
{
  "model": "clinic.country",
  "pk": 237,
  "fields": {
    "code": "ZW",
    "name": "Zimbabue"
  }
},
{
  "model": "clinic.province",
  "pk": 1,
  "fields": {
    "country": 58,
    "name": "AZUAY",
    "code": "01"
  }
},
{
  "model": "clinic.province",
  "pk": 2,
  "fields": {
    "country": 58,
    "name": "BOLIVAR",
    "code": "02"
  }
},
{
  "model": "clinic.province",
  "pk": 3,
  "fields": {
    "country": 58,
    "name": "CA\u00d1AR",
    "code": "03"
  }
},
{
  "model": "clinic.province",
  "pk": 4,
  "fields": {
    "country": 58,
    "name": "CARCHI",
    "code": "04"
  }
},
{
  "model": "clinic.province",
  "pk": 5,
  "fields": {
    "country": 58,
    "name": "COTOPAXI",
    "code": "05"
  }
},
{
  "model": "clinic.province",
  "pk": 6,
  "fields": {
    "country": 58,
    "name": "CHIMBORAZO",
    "code": "06"
  }
},
{
  "model": "clinic.province",
  "pk": 7,
  "fields": {
    "country": 58,
    "name": "EL ORO",
    "code": "07"
  }
},
{
  "model": "clinic.province",
  "pk": 8,
  "fields": {
    "country": 58,
    "name": "ESMERALDAS",
    "code": "08"
  }
},
{
  "model": "clinic.province",
  "pk": 9,
  "fields": {
    "country": 58,
    "name": "GUAYAS",
    "code": "09"
  }
},
{
  "model": "clinic.province",
  "pk": 10,
  "fields": {
    "country": 58,
    "name": "IMBABURA",
    "code": "10"
  }
},
{
  "model": "clinic.province",
  "pk": 11,
  "fields": {
    "country": 58,
    "name": "LOJA",
    "code": "11"
  }
},
{
  "model": "clinic.province",
  "pk": 12,
  "fields": {
    "country": 58,
    "name": "LOS RIOS",
    "code": "12"
  }
},
{
  "model": "clinic.province",
  "pk": 13,
  "fields": {
    "country": 58,
    "name": "MANABI",
    "code": "13"
  }
},
{
  "model": "clinic.province",
  "pk": 14,
  "fields": {
    "country": 58,
    "name": "MORONA SANTIAGO",
    "code": "14"
  }
},
{
  "model": "clinic.province",
  "pk": 15,
  "fields": {
    "country": 58,
    "name": "NAPO",
    "code": "15"
  }
},
{
  "model": "clinic.province",
  "pk": 16,
  "fields": {
    "country": 58,
    "name": "PASTAZA",
    "code": "16"
  }
},
{
  "model": "clinic.province",
  "pk": 17,
  "fields": {
    "country": 58,
    "name": "PICHINCHA",
    "code": "17"
  }
},
{
  "model": "clinic.province",
  "pk": 18,
  "fields": {
    "country": 58,
    "name": "TUNGURAHUA",
    "code": "18"
  }
},
{
  "model": "clinic.province",
  "pk": 19,
  "fields": {
    "country": 58,
    "name": "ZAMORA CHINCHIPE",
    "code": "19"
  }
},
{
  "model": "clinic.province",
  "pk": 20,
  "fields": {
    "country": 58,
    "name": "GALAPAGOS",
    "code": "20"
  }
},
{
  "model": "clinic.province",
  "pk": 21,
  "fields": {
    "country": 58,
    "name": "SUCUMBIOS",
    "code": "21"
  }
},
{
  "model": "clinic.province",
  "pk": 22,
  "fields": {
    "country": 58,
    "name": "ORELLANA",
    "code": "22"
  }
},
{
  "model": "clinic.province",
  "pk": 23,
  "fields": {
    "country": 58,
    "name": "NTO DOMINGO DE LOS TSACHIL",
    "code": "23"
  }
},
{
  "model": "clinic.province",
  "pk": 24,
  "fields": {
    "country": 58,
    "name": "SANTA ELENA",
    "code": "24"
  }
},
{
  "model": "clinic.province",
  "pk": 25,
  "fields": {
    "country": 58,
    "name": "ZONAS NO DELIMITADAS",
    "code": "90"
  }
},
{
  "model": "clinic.canton",
  "pk": 1,
  "fields": {
    "province": 1,
    "name": "CUENCA"
  }
},
{
  "model": "clinic.canton",
  "pk": 2,
  "fields": {
    "province": 1,
    "name": "GIR\u00d3N"
  }
},
{
  "model": "clinic.canton",
  "pk": 3,
  "fields": {
    "province": 1,
    "name": "GUALACEO"
  }
},
{
  "model": "clinic.canton",
  "pk": 4,
  "fields": {
    "province": 1,
    "name": "NAB\u00d3N"
  }
},
{
  "model": "clinic.canton",
  "pk": 5,
  "fields": {
    "province": 1,
    "name": "PAUTE"
  }
},
{
  "model": "clinic.canton",
  "pk": 6,
  "fields": {
    "province": 1,
    "name": "PUCARA"
  }
},
{
  "model": "clinic.canton",
  "pk": 7,
  "fields": {
    "province": 1,
    "name": "SAN FERNANDO"
  }
},
{
  "model": "clinic.canton",
  "pk": 8,
  "fields": {
    "province": 1,
    "name": "SANTA ISABEL"
  }
},
{
  "model": "clinic.canton",
  "pk": 9,
  "fields": {
    "province": 1,
    "name": "SIGSIG"
  }
},
{
  "model": "clinic.canton",
  "pk": 10,
  "fields": {
    "province": 1,
    "name": "O\u00d1A"
  }
},
{
  "model": "clinic.canton",
  "pk": 11,
  "fields": {
    "province": 1,
    "name": "CHORDELEG"
  }
},
{
  "model": "clinic.canton",
  "pk": 12,
  "fields": {
    "province": 1,
    "name": "EL PAN"
  }
},
{
  "model": "clinic.canton",
  "pk": 13,
  "fields": {
    "province": 1,
    "name": "SEVILLA DE ORO"
  }
},
{
  "model": "clinic.canton",
  "pk": 14,
  "fields": {
    "province": 1,
    "name": "GUACHAPALA"
  }
},
{
  "model": "clinic.canton",
  "pk": 15,
  "fields": {
    "province": 1,
    "name": "CAMILO PONCE ENR\u00cdQUEZ"
  }
},
{
  "model": "clinic.canton",
  "pk": 16,
  "fields": {
    "province": 2,
    "name": "GUARANDA"
  }
},
{
  "model": "clinic.canton",
  "pk": 17,
  "fields": {
    "province": 2,
    "name": "CHILLANES"
  }
},
{
  "model": "clinic.canton",
  "pk": 18,
  "fields": {
    "province": 2,
    "name": "CHIMBO"
  }
},
{
  "model": "clinic.canton",
  "pk": 19,
  "fields": {
    "province": 2,
    "name": "ECHEAND\u00cdA"
  }
},
{
  "model": "clinic.canton",
  "pk": 20,
  "fields": {
    "province": 2,
    "name": "SAN MIGUEL"
  }
},
{
  "model": "clinic.canton",
  "pk": 21,
  "fields": {
    "province": 2,
    "name": "CALUMA"
  }
},
{
  "model": "clinic.canton",
  "pk": 22,
  "fields": {
    "province": 2,
    "name": "LAS NAVES"
  }
},
{
  "model": "clinic.canton",
  "pk": 23,
  "fields": {
    "province": 3,
    "name": "AZOGUES"
  }
},
{
  "model": "clinic.canton",
  "pk": 24,
  "fields": {
    "province": 3,
    "name": "BIBLI\u00c1N"
  }
},
{
  "model": "clinic.canton",
  "pk": 25,
  "fields": {
    "province": 3,
    "name": "CA\u00d1AR"
  }
},
{
  "model": "clinic.canton",
  "pk": 26,
  "fields": {
    "province": 3,
    "name": "LA TRONCAL"
  }
},
{
  "model": "clinic.canton",
  "pk": 27,
  "fields": {
    "province": 3,
    "name": "EL TAMBO"
  }
},
{
  "model": "clinic.canton",
  "pk": 28,
  "fields": {
    "province": 3,
    "name": "D\u00c9LEG"
  }
},
{
  "model": "clinic.canton",
  "pk": 29,
  "fields": {
    "province": 3,
    "name": "SUSCAL"
  }
},
{
  "model": "clinic.canton",
  "pk": 30,
  "fields": {
    "province": 4,
    "name": "TULC\u00c1N"
  }
},
{
  "model": "clinic.canton",
  "pk": 31,
  "fields": {
    "province": 4,
    "name": "BOL\u00cdVAR"
  }
},
{
  "model": "clinic.canton",
  "pk": 32,
  "fields": {
    "province": 4,
    "name": "ESPEJO"
  }
},
{
  "model": "clinic.canton",
  "pk": 33,
  "fields": {
    "province": 4,
    "name": "MIRA"
  }
},
{
  "model": "clinic.canton",
  "pk": 34,
  "fields": {
    "province": 4,
    "name": "MONT\u00daFAR"
  }
},
{
  "model": "clinic.canton",
  "pk": 35,
  "fields": {
    "province": 4,
    "name": "SAN PEDRO DE HUACA"
  }
},
{
  "model": "clinic.canton",
  "pk": 36,
  "fields": {
    "province": 5,
    "name": "LATACUNGA"
  }
},
{
  "model": "clinic.canton",
  "pk": 37,
  "fields": {
    "province": 5,
    "name": "LA MAN\u00c1"
  }
},
{
  "model": "clinic.canton",
  "pk": 38,
  "fields": {
    "province": 5,
    "name": "PANGUA"
  }
},
{
  "model": "clinic.canton",
  "pk": 39,
  "fields": {
    "province": 5,
    "name": "PUJILI"
  }
},
{
  "model": "clinic.canton",
  "pk": 40,
  "fields": {
    "province": 5,
    "name": "SALCEDO"
  }
},
{
  "model": "clinic.canton",
  "pk": 41,
  "fields": {
    "province": 5,
    "name": "SAQUISIL\u00cd"
  }
},
{
  "model": "clinic.canton",
  "pk": 42,
  "fields": {
    "province": 5,
    "name": "SIGCHOS"
  }
},
{
  "model": "clinic.canton",
  "pk": 43,
  "fields": {
    "province": 6,
    "name": "RIOBAMBA"
  }
},
{
  "model": "clinic.canton",
  "pk": 44,
  "fields": {
    "province": 6,
    "name": "ALAUSI"
  }
},
{
  "model": "clinic.canton",
  "pk": 45,
  "fields": {
    "province": 6,
    "name": "COLTA"
  }
},
{
  "model": "clinic.canton",
  "pk": 46,
  "fields": {
    "province": 6,
    "name": "CHAMBO"
  }
},
{
  "model": "clinic.canton",
  "pk": 47,
  "fields": {
    "province": 6,
    "name": "CHUNCHI"
  }
},
{
  "model": "clinic.canton",
  "pk": 48,
  "fields": {
    "province": 6,
    "name": "GUAMOTE"
  }
},
{
  "model": "clinic.canton",
  "pk": 49,
  "fields": {
    "province": 6,
    "name": "GUANO"
  }
},
{
  "model": "clinic.canton",
  "pk": 50,
  "fields": {
    "province": 6,
    "name": "PALLATANGA"
  }
},
{
  "model": "clinic.canton",
  "pk": 51,
  "fields": {
    "province": 6,
    "name": "PENIPE"
  }
},
{
  "model": "clinic.canton",
  "pk": 52,
  "fields": {
    "province": 6,
    "name": "CUMAND\u00c1"
  }
},
{
  "model": "clinic.canton",
  "pk": 53,
  "fields": {
    "province": 7,
    "name": "MACHALA"
  }
},
{
  "model": "clinic.canton",
  "pk": 54,
  "fields": {
    "province": 7,
    "name": "ARENILLAS"
  }
},
{
  "model": "clinic.canton",
  "pk": 55,
  "fields": {
    "province": 7,
    "name": "ATAHUALPA"
  }
},
{
  "model": "clinic.canton",
  "pk": 56,
  "fields": {
    "province": 7,
    "name": "BALSAS"
  }
},
{
  "model": "clinic.canton",
  "pk": 57,
  "fields": {
    "province": 7,
    "name": "CHILLA"
  }
},
{
  "model": "clinic.canton",
  "pk": 58,
  "fields": {
    "province": 7,
    "name": "EL GUABO"
  }
},
{
  "model": "clinic.canton",
  "pk": 59,
  "fields": {
    "province": 7,
    "name": "HUAQUILLAS"
  }
},
{
  "model": "clinic.canton",
  "pk": 60,
  "fields": {
    "province": 7,
    "name": "MARCABEL\u00cd"
  }
},
{
  "model": "clinic.canton",
  "pk": 61,
  "fields": {
    "province": 7,
    "name": "PASAJE"
  }
},
{
  "model": "clinic.canton",
  "pk": 62,
  "fields": {
    "province": 7,
    "name": "PI\u00d1AS"
  }
},
{
  "model": "clinic.canton",
  "pk": 63,
  "fields": {
    "province": 7,
    "name": "PORTOVELO"
  }
},
{
  "model": "clinic.canton",
  "pk": 64,
  "fields": {
    "province": 7,
    "name": "SANTA ROSA"
  }
},
{
  "model": "clinic.canton",
  "pk": 65,
  "fields": {
    "province": 7,
    "name": "ZARUMA"
  }
},
{
  "model": "clinic.canton",
  "pk": 66,
  "fields": {
    "province": 7,
    "name": "LAS LAJAS"
  }
},
{
  "model": "clinic.canton",
  "pk": 67,
  "fields": {
    "province": 8,
    "name": "ESMERALDAS"
  }
},
{
  "model": "clinic.canton",
  "pk": 68,
  "fields": {
    "province": 8,
    "name": "ELOY ALFARO"
  }
},
{
  "model": "clinic.canton",
  "pk": 69,
  "fields": {
    "province": 8,
    "name": "MUISNE"
  }
},
{
  "model": "clinic.canton",
  "pk": 70,
  "fields": {
    "province": 8,
    "name": "QUININD\u00c9"
  }
},
{
  "model": "clinic.canton",
  "pk": 71,
  "fields": {
    "province": 8,
    "name": "SAN LORENZO"
  }
},
{
  "model": "clinic.canton",
  "pk": 72,
  "fields": {
    "province": 8,
    "name": "ATACAMES"
  }
},
{
  "model": "clinic.canton",
  "pk": 73,
  "fields": {
    "province": 8,
    "name": "RIOVERDE"
  }
},
{
  "model": "clinic.canton",
  "pk": 74,
  "fields": {
    "province": 8,
    "name": "LA CONCORDIA"
  }
},
{
  "model": "clinic.canton",
  "pk": 75,
  "fields": {
    "province": 9,
    "name": "GUAYAQUIL"
  }
},
{
  "model": "clinic.canton",
  "pk": 76,
  "fields": {
    "province": 9,
    "name": "DO BAQUERIZO MORENO (JU"
  }
},
{
  "model": "clinic.canton",
  "pk": 77,
  "fields": {
    "province": 9,
    "name": "BALAO"
  }
},
{
  "model": "clinic.canton",
  "pk": 78,
  "fields": {
    "province": 9,
    "name": "BALZAR"
  }
},
{
  "model": "clinic.canton",
  "pk": 79,
  "fields": {
    "province": 9,
    "name": "COLIMES"
  }
},
{
  "model": "clinic.canton",
  "pk": 80,
  "fields": {
    "province": 9,
    "name": "DAULE"
  }
},
{
  "model": "clinic.canton",
  "pk": 81,
  "fields": {
    "province": 9,
    "name": "DUR\u00c1N"
  }
},
{
  "model": "clinic.canton",
  "pk": 82,
  "fields": {
    "province": 9,
    "name": "EL EMPALME"
  }
},
{
  "model": "clinic.canton",
  "pk": 83,
  "fields": {
    "province": 9,
    "name": "EL TRIUNFO"
  }
},
{
  "model": "clinic.canton",
  "pk": 84,
  "fields": {
    "province": 9,
    "name": "MILAGRO"
  }
},
{
  "model": "clinic.canton",
  "pk": 85,
  "fields": {
    "province": 9,
    "name": "NARANJAL"
  }
},
{
  "model": "clinic.canton",
  "pk": 86,
  "fields": {
    "province": 9,
    "name": "NARANJITO"
  }
},
{
  "model": "clinic.canton",
  "pk": 87,
  "fields": {
    "province": 9,
    "name": "PALESTINA"
  }
},
{
  "model": "clinic.canton",
  "pk": 88,
  "fields": {
    "province": 9,
    "name": "PEDRO CARBO"
  }
},
{
  "model": "clinic.canton",
  "pk": 89,
  "fields": {
    "province": 9,
    "name": "SAMBOROND\u00d3N"
  }
},
{
  "model": "clinic.canton",
  "pk": 90,
  "fields": {
    "province": 9,
    "name": "SANTA LUC\u00cdA"
  }
},
{
  "model": "clinic.canton",
  "pk": 91,
  "fields": {
    "province": 9,
    "name": "SALITRE (URBINA JADO)"
  }
},
{
  "model": "clinic.canton",
  "pk": 92,
  "fields": {
    "province": 9,
    "name": "SAN JACINTO DE YAGUACHI"
  }
},
{
  "model": "clinic.canton",
  "pk": 93,
  "fields": {
    "province": 9,
    "name": "PLAYAS"
  }
},
{
  "model": "clinic.canton",
  "pk": 94,
  "fields": {
    "province": 9,
    "name": "SIM\u00d3N BOL\u00cdVAR"
  }
},
{
  "model": "clinic.canton",
  "pk": 95,
  "fields": {
    "province": 9,
    "name": "ORONEL MARCELINO MARIDUE"
  }
},
{
  "model": "clinic.canton",
  "pk": 96,
  "fields": {
    "province": 9,
    "name": "LOMAS DE SARGENTILLO"
  }
},
{
  "model": "clinic.canton",
  "pk": 97,
  "fields": {
    "province": 9,
    "name": "NOBOL"
  }
},
{
  "model": "clinic.canton",
  "pk": 98,
  "fields": {
    "province": 9,
    "name": "GENERAL ANTONIO ELIZALDE"
  }
},
{
  "model": "clinic.canton",
  "pk": 99,
  "fields": {
    "province": 9,
    "name": "ISIDRO AYORA"
  }
},
{
  "model": "clinic.canton",
  "pk": 100,
  "fields": {
    "province": 10,
    "name": "IBARRA"
  }
},
{
  "model": "clinic.canton",
  "pk": 101,
  "fields": {
    "province": 10,
    "name": "ANTONIO ANTE"
  }
},
{
  "model": "clinic.canton",
  "pk": 102,
  "fields": {
    "province": 10,
    "name": "COTACACHI"
  }
},
{
  "model": "clinic.canton",
  "pk": 103,
  "fields": {
    "province": 10,
    "name": "OTAVALO"
  }
},
{
  "model": "clinic.canton",
  "pk": 104,
  "fields": {
    "province": 10,
    "name": "PIMAMPIRO"
  }
},
{
  "model": "clinic.canton",
  "pk": 105,
  "fields": {
    "province": 10,
    "name": "SAN MIGUEL DE URCUQU\u00cd"
  }
},
{
  "model": "clinic.canton",
  "pk": 106,
  "fields": {
    "province": 11,
    "name": "LOJA"
  }
},
{
  "model": "clinic.canton",
  "pk": 107,
  "fields": {
    "province": 11,
    "name": "CALVAS"
  }
},
{
  "model": "clinic.canton",
  "pk": 108,
  "fields": {
    "province": 11,
    "name": "CATAMAYO"
  }
},
{
  "model": "clinic.canton",
  "pk": 109,
  "fields": {
    "province": 11,
    "name": "CELICA"
  }
},
{
  "model": "clinic.canton",
  "pk": 110,
  "fields": {
    "province": 11,
    "name": "CHAGUARPAMBA"
  }
},
{
  "model": "clinic.canton",
  "pk": 111,
  "fields": {
    "province": 11,
    "name": "ESP\u00cdNDOLA"
  }
},
{
  "model": "clinic.canton",
  "pk": 112,
  "fields": {
    "province": 11,
    "name": "GONZANAM\u00c1"
  }
},
{
  "model": "clinic.canton",
  "pk": 113,
  "fields": {
    "province": 11,
    "name": "MACAR\u00c1"
  }
},
{
  "model": "clinic.canton",
  "pk": 114,
  "fields": {
    "province": 11,
    "name": "PALTAS"
  }
},
{
  "model": "clinic.canton",
  "pk": 115,
  "fields": {
    "province": 11,
    "name": "PUYANGO"
  }
},
{
  "model": "clinic.canton",
  "pk": 116,
  "fields": {
    "province": 11,
    "name": "SARAGURO"
  }
},
{
  "model": "clinic.canton",
  "pk": 117,
  "fields": {
    "province": 11,
    "name": "SOZORANGA"
  }
},
{
  "model": "clinic.canton",
  "pk": 118,
  "fields": {
    "province": 11,
    "name": "ZAPOTILLO"
  }
},
{
  "model": "clinic.canton",
  "pk": 119,
  "fields": {
    "province": 11,
    "name": "PINDAL"
  }
},
{
  "model": "clinic.canton",
  "pk": 120,
  "fields": {
    "province": 11,
    "name": "QUILANGA"
  }
},
{
  "model": "clinic.canton",
  "pk": 121,
  "fields": {
    "province": 11,
    "name": "OLMEDO"
  }
},
{
  "model": "clinic.canton",
  "pk": 122,
  "fields": {
    "province": 12,
    "name": "BABAHOYO"
  }
},
{
  "model": "clinic.canton",
  "pk": 123,
  "fields": {
    "province": 12,
    "name": "BABA"
  }
},
{
  "model": "clinic.canton",
  "pk": 124,
  "fields": {
    "province": 12,
    "name": "MONTALVO"
  }
},
{
  "model": "clinic.canton",
  "pk": 125,
  "fields": {
    "province": 12,
    "name": "PUEBLOVIEJO"
  }
},
{
  "model": "clinic.canton",
  "pk": 126,
  "fields": {
    "province": 12,
    "name": "QUEVEDO"
  }
},
{
  "model": "clinic.canton",
  "pk": 127,
  "fields": {
    "province": 12,
    "name": "URDANETA"
  }
},
{
  "model": "clinic.canton",
  "pk": 128,
  "fields": {
    "province": 12,
    "name": "VENTANAS"
  }
},
{
  "model": "clinic.canton",
  "pk": 129,
  "fields": {
    "province": 12,
    "name": "V\u00cdNCES"
  }
},
{
  "model": "clinic.canton",
  "pk": 130,
  "fields": {
    "province": 12,
    "name": "PALENQUE"
  }
},
{
  "model": "clinic.canton",
  "pk": 131,
  "fields": {
    "province": 12,
    "name": "BUENA F\u00c9"
  }
},
{
  "model": "clinic.canton",
  "pk": 132,
  "fields": {
    "province": 12,
    "name": "VALENCIA"
  }
},
{
  "model": "clinic.canton",
  "pk": 133,
  "fields": {
    "province": 12,
    "name": "MOCACHE"
  }
},
{
  "model": "clinic.canton",
  "pk": 134,
  "fields": {
    "province": 12,
    "name": "QUINSALOMA"
  }
},
{
  "model": "clinic.canton",
  "pk": 135,
  "fields": {
    "province": 13,
    "name": "PORTOVIEJO"
  }
},
{
  "model": "clinic.canton",
  "pk": 136,
  "fields": {
    "province": 13,
    "name": "BOL\u00cdVAR"
  }
},
{
  "model": "clinic.canton",
  "pk": 137,
  "fields": {
    "province": 13,
    "name": "CHONE"
  }
},
{
  "model": "clinic.canton",
  "pk": 138,
  "fields": {
    "province": 13,
    "name": "EL CARMEN"
  }
},
{
  "model": "clinic.canton",
  "pk": 139,
  "fields": {
    "province": 13,
    "name": "FLAVIO ALFARO"
  }
},
{
  "model": "clinic.canton",
  "pk": 140,
  "fields": {
    "province": 13,
    "name": "JIPIJAPA"
  }
},
{
  "model": "clinic.canton",
  "pk": 141,
  "fields": {
    "province": 13,
    "name": "JUN\u00cdN"
  }
},
{
  "model": "clinic.canton",
  "pk": 142,
  "fields": {
    "province": 13,
    "name": "MANTA"
  }
},
{
  "model": "clinic.canton",
  "pk": 143,
  "fields": {
    "province": 13,
    "name": "MONTECRISTI"
  }
},
{
  "model": "clinic.canton",
  "pk": 144,
  "fields": {
    "province": 13,
    "name": "PAJ\u00c1N"
  }
},
{
  "model": "clinic.canton",
  "pk": 145,
  "fields": {
    "province": 13,
    "name": "PICHINCHA"
  }
},
{
  "model": "clinic.canton",
  "pk": 146,
  "fields": {
    "province": 13,
    "name": "ROCAFUERTE"
  }
},
{
  "model": "clinic.canton",
  "pk": 147,
  "fields": {
    "province": 13,
    "name": "SANTA ANA"
  }
},
{
  "model": "clinic.canton",
  "pk": 148,
  "fields": {
    "province": 13,
    "name": "SUCRE"
  }
},
{
  "model": "clinic.canton",
  "pk": 149,
  "fields": {
    "province": 13,
    "name": "TOSAGUA"
  }
},
{
  "model": "clinic.canton",
  "pk": 150,
  "fields": {
    "province": 13,
    "name": "24 DE MAYO"
  }
},
{
  "model": "clinic.canton",
  "pk": 151,
  "fields": {
    "province": 13,
    "name": "PEDERNALES"
  }
},
{
  "model": "clinic.canton",
  "pk": 152,
  "fields": {
    "province": 13,
    "name": "OLMEDO"
  }
},
{
  "model": "clinic.canton",
  "pk": 153,
  "fields": {
    "province": 13,
    "name": "PUERTO L\u00d3PEZ"
  }
},
{
  "model": "clinic.canton",
  "pk": 154,
  "fields": {
    "province": 13,
    "name": "JAMA"
  }
},
{
  "model": "clinic.canton",
  "pk": 155,
  "fields": {
    "province": 13,
    "name": "JARAMIJ\u00d3"
  }
},
{
  "model": "clinic.canton",
  "pk": 156,
  "fields": {
    "province": 13,
    "name": "SAN VICENTE"
  }
},
{
  "model": "clinic.canton",
  "pk": 157,
  "fields": {
    "province": 14,
    "name": "MORONA"
  }
},
{
  "model": "clinic.canton",
  "pk": 158,
  "fields": {
    "province": 14,
    "name": "GUALAQUIZA"
  }
},
{
  "model": "clinic.canton",
  "pk": 159,
  "fields": {
    "province": 14,
    "name": "LIM\u00d3N INDANZA"
  }
},
{
  "model": "clinic.canton",
  "pk": 160,
  "fields": {
    "province": 14,
    "name": "PALORA"
  }
},
{
  "model": "clinic.canton",
  "pk": 161,
  "fields": {
    "province": 14,
    "name": "SANTIAGO"
  }
},
{
  "model": "clinic.canton",
  "pk": 162,
  "fields": {
    "province": 14,
    "name": "SUC\u00daA"
  }
},
{
  "model": "clinic.canton",
  "pk": 163,
  "fields": {
    "province": 14,
    "name": "HUAMBOYA"
  }
},
{
  "model": "clinic.canton",
  "pk": 164,
  "fields": {
    "province": 14,
    "name": "SAN JUAN BOSCO"
  }
},
{
  "model": "clinic.canton",
  "pk": 165,
  "fields": {
    "province": 14,
    "name": "TAISHA"
  }
},
{
  "model": "clinic.canton",
  "pk": 166,
  "fields": {
    "province": 14,
    "name": "LOGRO\u00d1O"
  }
},
{
  "model": "clinic.canton",
  "pk": 167,
  "fields": {
    "province": 14,
    "name": "PABLO SEXTO"
  }
},
{
  "model": "clinic.canton",
  "pk": 168,
  "fields": {
    "province": 14,
    "name": "TIWINTZA"
  }
},
{
  "model": "clinic.canton",
  "pk": 169,
  "fields": {
    "province": 15,
    "name": "TENA"
  }
},
{
  "model": "clinic.canton",
  "pk": 170,
  "fields": {
    "province": 15,
    "name": "ARCHIDONA"
  }
},
{
  "model": "clinic.canton",
  "pk": 171,
  "fields": {
    "province": 15,
    "name": "EL CHACO"
  }
},
{
  "model": "clinic.canton",
  "pk": 172,
  "fields": {
    "province": 15,
    "name": "QUIJOS"
  }
},
{
  "model": "clinic.canton",
  "pk": 173,
  "fields": {
    "province": 15,
    "name": "ARLOS JULIO AROSEMENA TOL"
  }
},
{
  "model": "clinic.canton",
  "pk": 174,
  "fields": {
    "province": 16,
    "name": "PASTAZA"
  }
},
{
  "model": "clinic.canton",
  "pk": 175,
  "fields": {
    "province": 16,
    "name": "MERA"
  }
},
{
  "model": "clinic.canton",
  "pk": 176,
  "fields": {
    "province": 16,
    "name": "SANTA CLARA"
  }
},
{
  "model": "clinic.canton",
  "pk": 177,
  "fields": {
    "province": 16,
    "name": "ARAJUNO"
  }
},
{
  "model": "clinic.canton",
  "pk": 178,
  "fields": {
    "province": 17,
    "name": "QUITO"
  }
},
{
  "model": "clinic.canton",
  "pk": 179,
  "fields": {
    "province": 17,
    "name": "CAYAMBE"
  }
},
{
  "model": "clinic.canton",
  "pk": 180,
  "fields": {
    "province": 17,
    "name": "MEJIA"
  }
},
{
  "model": "clinic.canton",
  "pk": 181,
  "fields": {
    "province": 17,
    "name": "PEDRO MONCAYO"
  }
},
{
  "model": "clinic.canton",
  "pk": 182,
  "fields": {
    "province": 17,
    "name": "RUMI\u00d1AHUI"
  }
},
{
  "model": "clinic.canton",
  "pk": 183,
  "fields": {
    "province": 17,
    "name": "SAN MIGUEL DE LOS BANCOS"
  }
},
{
  "model": "clinic.canton",
  "pk": 184,
  "fields": {
    "province": 17,
    "name": "PEDRO VICENTE MALDONADO"
  }
},
{
  "model": "clinic.canton",
  "pk": 185,
  "fields": {
    "province": 17,
    "name": "PUERTO QUITO"
  }
},
{
  "model": "clinic.canton",
  "pk": 186,
  "fields": {
    "province": 18,
    "name": "AMBATO"
  }
},
{
  "model": "clinic.canton",
  "pk": 187,
  "fields": {
    "province": 18,
    "name": "BA\u00d1OS DE AGUA SANTA"
  }
},
{
  "model": "clinic.canton",
  "pk": 188,
  "fields": {
    "province": 18,
    "name": "CEVALLOS"
  }
},
{
  "model": "clinic.canton",
  "pk": 189,
  "fields": {
    "province": 18,
    "name": "MOCHA"
  }
},
{
  "model": "clinic.canton",
  "pk": 190,
  "fields": {
    "province": 18,
    "name": "PATATE"
  }
},
{
  "model": "clinic.canton",
  "pk": 191,
  "fields": {
    "province": 18,
    "name": "QUERO"
  }
},
{
  "model": "clinic.canton",
  "pk": 192,
  "fields": {
    "province": 18,
    "name": "SAN PEDRO DE PELILEO"
  }
},
{
  "model": "clinic.canton",
  "pk": 193,
  "fields": {
    "province": 18,
    "name": "SANTIAGO DE P\u00cdLLARO"
  }
},
{
  "model": "clinic.canton",
  "pk": 194,
  "fields": {
    "province": 18,
    "name": "TISALEO"
  }
},
{
  "model": "clinic.canton",
  "pk": 195,
  "fields": {
    "province": 19,
    "name": "ZAMORA"
  }
},
{
  "model": "clinic.canton",
  "pk": 196,
  "fields": {
    "province": 19,
    "name": "CHINCHIPE"
  }
},
{
  "model": "clinic.canton",
  "pk": 197,
  "fields": {
    "province": 19,
    "name": "NANGARITZA"
  }
},
{
  "model": "clinic.canton",
  "pk": 198,
  "fields": {
    "province": 19,
    "name": "YACUAMBI"
  }
},
{
  "model": "clinic.canton",
  "pk": 199,
  "fields": {
    "province": 19,
    "name": "YANTZAZA (YANZATZA)"
  }
},
{
  "model": "clinic.canton",
  "pk": 200,
  "fields": {
    "province": 19,
    "name": "EL PANGUI"
  }
},
{
  "model": "clinic.canton",
  "pk": 201,
  "fields": {
    "province": 19,
    "name": "CENTINELA DEL C\u00d3NDOR"
  }
},
{
  "model": "clinic.canton",
  "pk": 202,
  "fields": {
    "province": 19,
    "name": "PALANDA"
  }
},
{
  "model": "clinic.canton",
  "pk": 203,
  "fields": {
    "province": 19,
    "name": "PAQUISHA"
  }
},
{
  "model": "clinic.canton",
  "pk": 204,
  "fields": {
    "province": 20,
    "name": "SAN CRIST\u00d3BAL"
  }
},
{
  "model": "clinic.canton",
  "pk": 205,
  "fields": {
    "province": 20,
    "name": "ISABELA"
  }
},
{
  "model": "clinic.canton",
  "pk": 206,
  "fields": {
    "province": 20,
    "name": "SANTA CRUZ"
  }
},
{
  "model": "clinic.canton",
  "pk": 207,
  "fields": {
    "province": 21,
    "name": "LAGO AGRIO"
  }
},
{
  "model": "clinic.canton",
  "pk": 208,
  "fields": {
    "province": 21,
    "name": "GONZALO PIZARRO"
  }
},
{
  "model": "clinic.canton",
  "pk": 209,
  "fields": {
    "province": 21,
    "name": "PUTUMAYO"
  }
},
{
  "model": "clinic.canton",
  "pk": 210,
  "fields": {
    "province": 21,
    "name": "SHUSHUFINDI"
  }
},
{
  "model": "clinic.canton",
  "pk": 211,
  "fields": {
    "province": 21,
    "name": "SUCUMB\u00cdOS"
  }
},
{
  "model": "clinic.canton",
  "pk": 212,
  "fields": {
    "province": 21,
    "name": "CASCALES"
  }
},
{
  "model": "clinic.canton",
  "pk": 213,
  "fields": {
    "province": 21,
    "name": "CUYABENO"
  }
},
{
  "model": "clinic.canton",
  "pk": 214,
  "fields": {
    "province": 22,
    "name": "ORELLANA"
  }
},
{
  "model": "clinic.canton",
  "pk": 215,
  "fields": {
    "province": 22,
    "name": "AGUARICO"
  }
},
{
  "model": "clinic.canton",
  "pk": 216,
  "fields": {
    "province": 22,
    "name": "LA JOYA DE LOS SACHAS"
  }
},
{
  "model": "clinic.canton",
  "pk": 217,
  "fields": {
    "province": 22,
    "name": "LORETO"
  }
},
{
  "model": "clinic.canton",
  "pk": 218,
  "fields": {
    "province": 23,
    "name": "SANTO DOMINGO"
  }
},
{
  "model": "clinic.canton",
  "pk": 219,
  "fields": {
    "province": 24,
    "name": "SANTA ELENA"
  }
},
{
  "model": "clinic.canton",
  "pk": 220,
  "fields": {
    "province": 24,
    "name": "LA LIBERTAD"
  }
},
{
  "model": "clinic.canton",
  "pk": 221,
  "fields": {
    "province": 24,
    "name": "SALINAS"
  }
},
{
  "model": "clinic.canton",
  "pk": 222,
  "fields": {
    "province": 25,
    "name": "LAS GOLONDRINAS"
  }
},
{
  "model": "clinic.canton",
  "pk": 223,
  "fields": {
    "province": 25,
    "name": "MANGA DEL CURA"
  }
},
{
  "model": "clinic.canton",
  "pk": 224,
  "fields": {
    "province": 25,
    "name": "EL PIEDRERO"
  }
},
{
  "model": "clinic.parish",
  "pk": 1,
  "fields": {
    "canton": 1,
    "name": "BELLAVISTA"
  }
},
{
  "model": "clinic.parish",
  "pk": 2,
  "fields": {
    "canton": 1,
    "name": "CA\u00d1ARIBAMBA"
  }
},
{
  "model": "clinic.parish",
  "pk": 3,
  "fields": {
    "canton": 1,
    "name": "EL BAT\u00c1N"
  }
},
{
  "model": "clinic.parish",
  "pk": 4,
  "fields": {
    "canton": 1,
    "name": "EL SAGRARIO"
  }
},
{
  "model": "clinic.parish",
  "pk": 5,
  "fields": {
    "canton": 1,
    "name": "EL VECINO"
  }
},
{
  "model": "clinic.parish",
  "pk": 6,
  "fields": {
    "canton": 1,
    "name": "GIL RAM\u00cdREZ D\u00c1VALOS"
  }
},
{
  "model": "clinic.parish",
  "pk": 7,
  "fields": {
    "canton": 1,
    "name": "HUAYNAC\u00c1PAC"
  }
},
{
  "model": "clinic.parish",
  "pk": 8,
  "fields": {
    "canton": 1,
    "name": "MACH\u00c1NGARA"
  }
},
{
  "model": "clinic.parish",
  "pk": 9,
  "fields": {
    "canton": 1,
    "name": "MONAY"
  }
},
{
  "model": "clinic.parish",
  "pk": 10,
  "fields": {
    "canton": 1,
    "name": "SAN BLAS"
  }
},
{
  "model": "clinic.parish",
  "pk": 11,
  "fields": {
    "canton": 1,
    "name": "SAN SEBASTI\u00c1N"
  }
},
{
  "model": "clinic.parish",
  "pk": 12,
  "fields": {
    "canton": 1,
    "name": "SUCRE"
  }
},
{
  "model": "clinic.parish",
  "pk": 13,
  "fields": {
    "canton": 1,
    "name": "TOTORACOCHA"
  }
},
{
  "model": "clinic.parish",
  "pk": 14,
  "fields": {
    "canton": 1,
    "name": "YANUNCAY"
  }
},
{
  "model": "clinic.parish",
  "pk": 15,
  "fields": {
    "canton": 1,
    "name": "HERMANO MIGUEL"
  }
},
{
  "model": "clinic.parish",
  "pk": 16,
  "fields": {
    "canton": 1,
    "name": "CUENCA"
  }
},
{
  "model": "clinic.parish",
  "pk": 17,
  "fields": {
    "canton": 1,
    "name": "BA\u00d1OS"
  }
},
{
  "model": "clinic.parish",
  "pk": 18,
  "fields": {
    "canton": 1,
    "name": "CUMBE"
  }
},
{
  "model": "clinic.parish",
  "pk": 19,
  "fields": {
    "canton": 1,
    "name": "CHAUCHA"
  }
},
{
  "model": "clinic.parish",
  "pk": 20,
  "fields": {
    "canton": 1,
    "name": "CHECA (JIDCAY)"
  }
},
{
  "model": "clinic.parish",
  "pk": 21,
  "fields": {
    "canton": 1,
    "name": "CHIQUINTAD"
  }
},
{
  "model": "clinic.parish",
  "pk": 22,
  "fields": {
    "canton": 1,
    "name": "LLACAO"
  }
},
{
  "model": "clinic.parish",
  "pk": 23,
  "fields": {
    "canton": 1,
    "name": "MOLLETURO"
  }
},
{
  "model": "clinic.parish",
  "pk": 24,
  "fields": {
    "canton": 1,
    "name": "NULTI"
  }
},
{
  "model": "clinic.parish",
  "pk": 25,
  "fields": {
    "canton": 1,
    "name": "OCTAVIO CORDERO PALACIOS (SANTA ROSA)"
  }
},
{
  "model": "clinic.parish",
  "pk": 26,
  "fields": {
    "canton": 1,
    "name": "PACCHA"
  }
},
{
  "model": "clinic.parish",
  "pk": 27,
  "fields": {
    "canton": 1,
    "name": "QUINGEO"
  }
},
{
  "model": "clinic.parish",
  "pk": 28,
  "fields": {
    "canton": 1,
    "name": "RICAURTE"
  }
},
{
  "model": "clinic.parish",
  "pk": 29,
  "fields": {
    "canton": 1,
    "name": "SAN JOAQU\u00cdN"
  }
},
{
  "model": "clinic.parish",
  "pk": 30,
  "fields": {
    "canton": 1,
    "name": "SANTA ANA"
  }
},
{
  "model": "clinic.parish",
  "pk": 31,
  "fields": {
    "canton": 1,
    "name": "SAYAUS\u00cd"
  }
},
{
  "model": "clinic.parish",
  "pk": 32,
  "fields": {
    "canton": 1,
    "name": "SIDCAY"
  }
},
{
  "model": "clinic.parish",
  "pk": 33,
  "fields": {
    "canton": 1,
    "name": "SININCAY"
  }
},
{
  "model": "clinic.parish",
  "pk": 34,
  "fields": {
    "canton": 1,
    "name": "TARQUI"
  }
},
{
  "model": "clinic.parish",
  "pk": 35,
  "fields": {
    "canton": 1,
    "name": "TURI"
  }
},
{
  "model": "clinic.parish",
  "pk": 36,
  "fields": {
    "canton": 1,
    "name": "VALLE"
  }
},
{
  "model": "clinic.parish",
  "pk": 37,
  "fields": {
    "canton": 1,
    "name": "VICTORIA DEL PORTETE (IRQUIS)"
  }
},
{
  "model": "clinic.parish",
  "pk": 38,
  "fields": {
    "canton": 2,
    "name": "GIR\u00d3N"
  }
},
{
  "model": "clinic.parish",
  "pk": 39,
  "fields": {
    "canton": 2,
    "name": "ASUNCI\u00d3N"
  }
},
{
  "model": "clinic.parish",
  "pk": 40,
  "fields": {
    "canton": 2,
    "name": "SAN GERARDO"
  }
},
{
  "model": "clinic.parish",
  "pk": 41,
  "fields": {
    "canton": 3,
    "name": "GUALACEO"
  }
},
{
  "model": "clinic.parish",
  "pk": 42,
  "fields": {
    "canton": 3,
    "name": "CHORDELEG"
  }
},
{
  "model": "clinic.parish",
  "pk": 43,
  "fields": {
    "canton": 3,
    "name": "DANIEL C\u00d3RDOVA TORAL (EL ORIENTE)"
  }
},
{
  "model": "clinic.parish",
  "pk": 44,
  "fields": {
    "canton": 3,
    "name": "JAD\u00c1N"
  }
},
{
  "model": "clinic.parish",
  "pk": 45,
  "fields": {
    "canton": 3,
    "name": "MARIANO MORENO"
  }
},
{
  "model": "clinic.parish",
  "pk": 46,
  "fields": {
    "canton": 3,
    "name": "PRINCIPAL"
  }
},
{
  "model": "clinic.parish",
  "pk": 47,
  "fields": {
    "canton": 3,
    "name": "REMIGIO CRESPO TORAL (G\u00daLAG)"
  }
},
{
  "model": "clinic.parish",
  "pk": 48,
  "fields": {
    "canton": 3,
    "name": "SAN JUAN"
  }
},
{
  "model": "clinic.parish",
  "pk": 49,
  "fields": {
    "canton": 3,
    "name": "ZHIDMAD"
  }
},
{
  "model": "clinic.parish",
  "pk": 50,
  "fields": {
    "canton": 3,
    "name": "LUIS CORDERO VEGA"
  }
},
{
  "model": "clinic.parish",
  "pk": 51,
  "fields": {
    "canton": 3,
    "name": "SIM\u00d3N BOL\u00cdVAR (CAB. EN GA\u00d1ANZOL)"
  }
},
{
  "model": "clinic.parish",
  "pk": 52,
  "fields": {
    "canton": 4,
    "name": "NAB\u00d3N"
  }
},
{
  "model": "clinic.parish",
  "pk": 53,
  "fields": {
    "canton": 4,
    "name": "COCHAPATA"
  }
},
{
  "model": "clinic.parish",
  "pk": 54,
  "fields": {
    "canton": 4,
    "name": "EL PROGRESO (CAB.EN ZHOTA)"
  }
},
{
  "model": "clinic.parish",
  "pk": 55,
  "fields": {
    "canton": 4,
    "name": "LAS NIEVES (CHAYA)"
  }
},
{
  "model": "clinic.parish",
  "pk": 56,
  "fields": {
    "canton": 4,
    "name": "O\u00d1A"
  }
},
{
  "model": "clinic.parish",
  "pk": 57,
  "fields": {
    "canton": 5,
    "name": "PAUTE"
  }
},
{
  "model": "clinic.parish",
  "pk": 58,
  "fields": {
    "canton": 5,
    "name": "AMALUZA"
  }
},
{
  "model": "clinic.parish",
  "pk": 59,
  "fields": {
    "canton": 5,
    "name": "BUL\u00c1N (JOS\u00c9 V\u00cdCTOR IZQUIERDO)"
  }
},
{
  "model": "clinic.parish",
  "pk": 60,
  "fields": {
    "canton": 5,
    "name": "CHIC\u00c1N (GUILLERMO ORTEGA)"
  }
},
{
  "model": "clinic.parish",
  "pk": 61,
  "fields": {
    "canton": 5,
    "name": "EL CABO"
  }
},
{
  "model": "clinic.parish",
  "pk": 62,
  "fields": {
    "canton": 5,
    "name": "GUACHAPALA"
  }
},
{
  "model": "clinic.parish",
  "pk": 63,
  "fields": {
    "canton": 5,
    "name": "GUARAINAG"
  }
},
{
  "model": "clinic.parish",
  "pk": 64,
  "fields": {
    "canton": 5,
    "name": "PALMAS"
  }
},
{
  "model": "clinic.parish",
  "pk": 65,
  "fields": {
    "canton": 5,
    "name": "PAN"
  }
},
{
  "model": "clinic.parish",
  "pk": 66,
  "fields": {
    "canton": 5,
    "name": "SAN CRIST\u00d3BAL (CARLOS ORD\u00d3\u00d1EZ LAZO)"
  }
},
{
  "model": "clinic.parish",
  "pk": 67,
  "fields": {
    "canton": 5,
    "name": "SEVILLA DE ORO"
  }
},
{
  "model": "clinic.parish",
  "pk": 68,
  "fields": {
    "canton": 5,
    "name": "TOMEBAMBA"
  }
},
{
  "model": "clinic.parish",
  "pk": 69,
  "fields": {
    "canton": 5,
    "name": "DUG DUG"
  }
},
{
  "model": "clinic.parish",
  "pk": 70,
  "fields": {
    "canton": 6,
    "name": "PUCAR\u00c1"
  }
},
{
  "model": "clinic.parish",
  "pk": 71,
  "fields": {
    "canton": 6,
    "name": "CAMILO PONCE ENR\u00cdQUEZ (CAB. EN R\u00cdO 7 DE MOLLEPONGO"
  }
},
{
  "model": "clinic.parish",
  "pk": 72,
  "fields": {
    "canton": 6,
    "name": "SAN RAFAEL DE SHARUG"
  }
},
{
  "model": "clinic.parish",
  "pk": 73,
  "fields": {
    "canton": 7,
    "name": "SAN FERNANDO"
  }
},
{
  "model": "clinic.parish",
  "pk": 74,
  "fields": {
    "canton": 7,
    "name": "CHUMBL\u00cdN"
  }
},
{
  "model": "clinic.parish",
  "pk": 75,
  "fields": {
    "canton": 8,
    "name": "SANTA ISABEL (CHAGUARURCO)"
  }
},
{
  "model": "clinic.parish",
  "pk": 76,
  "fields": {
    "canton": 8,
    "name": "ABD\u00d3N CALDER\u00d3N (LA UNI\u00d3N)"
  }
},
{
  "model": "clinic.parish",
  "pk": 77,
  "fields": {
    "canton": 8,
    "name": "EL CARMEN DE PIJIL\u00cd"
  }
},
{
  "model": "clinic.parish",
  "pk": 78,
  "fields": {
    "canton": 8,
    "name": "ZHAGLLI (SHAGLLI)"
  }
},
{
  "model": "clinic.parish",
  "pk": 79,
  "fields": {
    "canton": 8,
    "name": "SAN SALVADOR DE CA\u00d1ARIBAMBA"
  }
},
{
  "model": "clinic.parish",
  "pk": 80,
  "fields": {
    "canton": 9,
    "name": "SIGSIG"
  }
},
{
  "model": "clinic.parish",
  "pk": 81,
  "fields": {
    "canton": 9,
    "name": "CUCHIL (CUTCHIL)"
  }
},
{
  "model": "clinic.parish",
  "pk": 82,
  "fields": {
    "canton": 9,
    "name": "GIMA"
  }
},
{
  "model": "clinic.parish",
  "pk": 83,
  "fields": {
    "canton": 9,
    "name": "GUEL"
  }
},
{
  "model": "clinic.parish",
  "pk": 84,
  "fields": {
    "canton": 9,
    "name": "LUDO"
  }
},
{
  "model": "clinic.parish",
  "pk": 85,
  "fields": {
    "canton": 9,
    "name": "SAN BARTOLOM\u00c9"
  }
},
{
  "model": "clinic.parish",
  "pk": 86,
  "fields": {
    "canton": 9,
    "name": "SAN JOS\u00c9 DE RARANGA"
  }
},
{
  "model": "clinic.parish",
  "pk": 87,
  "fields": {
    "canton": 10,
    "name": "SAN FELIPE DE O\u00d1A CABECERA CANTONAL"
  }
},
{
  "model": "clinic.parish",
  "pk": 88,
  "fields": {
    "canton": 10,
    "name": "SUSUDEL"
  }
},
{
  "model": "clinic.parish",
  "pk": 89,
  "fields": {
    "canton": 11,
    "name": "CHORDELEG"
  }
},
{
  "model": "clinic.parish",
  "pk": 90,
  "fields": {
    "canton": 11,
    "name": "PRINCIPAL"
  }
},
{
  "model": "clinic.parish",
  "pk": 91,
  "fields": {
    "canton": 11,
    "name": "LA UNI\u00d3N"
  }
},
{
  "model": "clinic.parish",
  "pk": 92,
  "fields": {
    "canton": 11,
    "name": "LUIS GALARZA ORELLANA (CAB.EN DELEGSOL)"
  }
},
{
  "model": "clinic.parish",
  "pk": 93,
  "fields": {
    "canton": 11,
    "name": "SAN MART\u00cdN DE PUZHIO"
  }
},
{
  "model": "clinic.parish",
  "pk": 94,
  "fields": {
    "canton": 12,
    "name": "EL PAN"
  }
},
{
  "model": "clinic.parish",
  "pk": 95,
  "fields": {
    "canton": 12,
    "name": "AMALUZA"
  }
},
{
  "model": "clinic.parish",
  "pk": 96,
  "fields": {
    "canton": 12,
    "name": "PALMAS"
  }
},
{
  "model": "clinic.parish",
  "pk": 97,
  "fields": {
    "canton": 12,
    "name": "SAN VICENTE"
  }
},
{
  "model": "clinic.parish",
  "pk": 98,
  "fields": {
    "canton": 13,
    "name": "SEVILLA DE ORO"
  }
},
{
  "model": "clinic.parish",
  "pk": 99,
  "fields": {
    "canton": 13,
    "name": "AMALUZA"
  }
},
{
  "model": "clinic.parish",
  "pk": 100,
  "fields": {
    "canton": 13,
    "name": "PALMAS"
  }
},
{
  "model": "clinic.parish",
  "pk": 101,
  "fields": {
    "canton": 14,
    "name": "GUACHAPALA"
  }
},
{
  "model": "clinic.parish",
  "pk": 102,
  "fields": {
    "canton": 15,
    "name": "CAMILO PONCE ENR\u00cdQUEZ"
  }
},
{
  "model": "clinic.parish",
  "pk": 103,
  "fields": {
    "canton": 15,
    "name": "EL CARMEN DE PIJIL\u00cd"
  }
},
{
  "model": "clinic.parish",
  "pk": 104,
  "fields": {
    "canton": 16,
    "name": "\u00c1NGEL POLIBIO CH\u00c1VES"
  }
},
{
  "model": "clinic.parish",
  "pk": 105,
  "fields": {
    "canton": 16,
    "name": "GABRIEL IGNACIO VEINTIMILLA"
  }
},
{
  "model": "clinic.parish",
  "pk": 106,
  "fields": {
    "canton": 16,
    "name": "GUANUJO"
  }
},
{
  "model": "clinic.parish",
  "pk": 107,
  "fields": {
    "canton": 16,
    "name": "GUARANDA"
  }
},
{
  "model": "clinic.parish",
  "pk": 108,
  "fields": {
    "canton": 16,
    "name": "FACUNDO VELA"
  }
},
{
  "model": "clinic.parish",
  "pk": 109,
  "fields": {
    "canton": 16,
    "name": "JULIO E. MORENO (CATANAHU\u00c1N GRANDE)"
  }
},
{
  "model": "clinic.parish",
  "pk": 110,
  "fields": {
    "canton": 16,
    "name": "LAS NAVES"
  }
},
{
  "model": "clinic.parish",
  "pk": 111,
  "fields": {
    "canton": 16,
    "name": "SALINAS"
  }
},
{
  "model": "clinic.parish",
  "pk": 112,
  "fields": {
    "canton": 16,
    "name": "SAN LORENZO"
  }
},
{
  "model": "clinic.parish",
  "pk": 113,
  "fields": {
    "canton": 16,
    "name": "SAN SIM\u00d3N (YACOTO)"
  }
},
{
  "model": "clinic.parish",
  "pk": 114,
  "fields": {
    "canton": 16,
    "name": "SANTA F\u00c9 (SANTA F\u00c9)"
  }
},
{
  "model": "clinic.parish",
  "pk": 115,
  "fields": {
    "canton": 16,
    "name": "SIMI\u00c1TUG"
  }
},
{
  "model": "clinic.parish",
  "pk": 116,
  "fields": {
    "canton": 16,
    "name": "SAN LUIS DE PAMBIL"
  }
},
{
  "model": "clinic.parish",
  "pk": 117,
  "fields": {
    "canton": 17,
    "name": "CHILLANES"
  }
},
{
  "model": "clinic.parish",
  "pk": 118,
  "fields": {
    "canton": 17,
    "name": "SAN JOS\u00c9 DEL TAMBO (TAMBOPAMBA)"
  }
},
{
  "model": "clinic.parish",
  "pk": 119,
  "fields": {
    "canton": 18,
    "name": "SAN JOS\u00c9 DE CHIMBO"
  }
},
{
  "model": "clinic.parish",
  "pk": 120,
  "fields": {
    "canton": 18,
    "name": "ASUNCI\u00d3N (ASANCOTO)"
  }
},
{
  "model": "clinic.parish",
  "pk": 121,
  "fields": {
    "canton": 18,
    "name": "CALUMA"
  }
},
{
  "model": "clinic.parish",
  "pk": 122,
  "fields": {
    "canton": 18,
    "name": "MAGDALENA (CHAPACOTO)"
  }
},
{
  "model": "clinic.parish",
  "pk": 123,
  "fields": {
    "canton": 18,
    "name": "SAN SEBASTI\u00c1N"
  }
},
{
  "model": "clinic.parish",
  "pk": 124,
  "fields": {
    "canton": 18,
    "name": "TELIMBELA"
  }
},
{
  "model": "clinic.parish",
  "pk": 125,
  "fields": {
    "canton": 19,
    "name": "ECHEAND\u00cdA"
  }
},
{
  "model": "clinic.parish",
  "pk": 126,
  "fields": {
    "canton": 20,
    "name": "SAN MIGUEL"
  }
},
{
  "model": "clinic.parish",
  "pk": 127,
  "fields": {
    "canton": 20,
    "name": "BALSAPAMBA"
  }
},
{
  "model": "clinic.parish",
  "pk": 128,
  "fields": {
    "canton": 20,
    "name": "BILOV\u00c1N"
  }
},
{
  "model": "clinic.parish",
  "pk": 129,
  "fields": {
    "canton": 20,
    "name": "R\u00c9GULO DE MORA"
  }
},
{
  "model": "clinic.parish",
  "pk": 130,
  "fields": {
    "canton": 20,
    "name": "SAN PABLO (SAN PABLO DE ATENAS)"
  }
},
{
  "model": "clinic.parish",
  "pk": 131,
  "fields": {
    "canton": 20,
    "name": "SANTIAGO"
  }
},
{
  "model": "clinic.parish",
  "pk": 132,
  "fields": {
    "canton": 20,
    "name": "SAN VICENTE"
  }
},
{
  "model": "clinic.parish",
  "pk": 133,
  "fields": {
    "canton": 21,
    "name": "CALUMA"
  }
},
{
  "model": "clinic.parish",
  "pk": 134,
  "fields": {
    "canton": 22,
    "name": "LAS MERCEDES"
  }
},
{
  "model": "clinic.parish",
  "pk": 135,
  "fields": {
    "canton": 22,
    "name": "LAS NAVES"
  }
},
{
  "model": "clinic.parish",
  "pk": 136,
  "fields": {
    "canton": 23,
    "name": "AURELIO BAYAS MART\u00cdNEZ"
  }
},
{
  "model": "clinic.parish",
  "pk": 137,
  "fields": {
    "canton": 23,
    "name": "AZOGUES"
  }
},
{
  "model": "clinic.parish",
  "pk": 138,
  "fields": {
    "canton": 23,
    "name": "BORRERO"
  }
},
{
  "model": "clinic.parish",
  "pk": 139,
  "fields": {
    "canton": 23,
    "name": "SAN FRANCISCO"
  }
},
{
  "model": "clinic.parish",
  "pk": 140,
  "fields": {
    "canton": 23,
    "name": "COJITAMBO"
  }
},
{
  "model": "clinic.parish",
  "pk": 141,
  "fields": {
    "canton": 23,
    "name": "D\u00c9LEG"
  }
},
{
  "model": "clinic.parish",
  "pk": 142,
  "fields": {
    "canton": 23,
    "name": "GUAP\u00c1N"
  }
},
{
  "model": "clinic.parish",
  "pk": 143,
  "fields": {
    "canton": 23,
    "name": "JAVIER LOYOLA (CHUQUIPATA)"
  }
},
{
  "model": "clinic.parish",
  "pk": 144,
  "fields": {
    "canton": 23,
    "name": "LUIS CORDERO"
  }
},
{
  "model": "clinic.parish",
  "pk": 145,
  "fields": {
    "canton": 23,
    "name": "PINDILIG"
  }
},
{
  "model": "clinic.parish",
  "pk": 146,
  "fields": {
    "canton": 23,
    "name": "RIVERA"
  }
},
{
  "model": "clinic.parish",
  "pk": 147,
  "fields": {
    "canton": 23,
    "name": "SAN MIGUEL"
  }
},
{
  "model": "clinic.parish",
  "pk": 148,
  "fields": {
    "canton": 23,
    "name": "SOLANO"
  }
},
{
  "model": "clinic.parish",
  "pk": 149,
  "fields": {
    "canton": 23,
    "name": "TADAY"
  }
},
{
  "model": "clinic.parish",
  "pk": 150,
  "fields": {
    "canton": 24,
    "name": "BIBLI\u00c1N"
  }
},
{
  "model": "clinic.parish",
  "pk": 151,
  "fields": {
    "canton": 24,
    "name": "NAZ\u00d3N (CAB. EN PAMPA DE DOM\u00cdNGUEZ)"
  }
},
{
  "model": "clinic.parish",
  "pk": 152,
  "fields": {
    "canton": 24,
    "name": "SAN FRANCISCO DE SAGEO"
  }
},
{
  "model": "clinic.parish",
  "pk": 153,
  "fields": {
    "canton": 24,
    "name": "TURUPAMBA"
  }
},
{
  "model": "clinic.parish",
  "pk": 154,
  "fields": {
    "canton": 24,
    "name": "JERUSAL\u00c9N"
  }
},
{
  "model": "clinic.parish",
  "pk": 155,
  "fields": {
    "canton": 25,
    "name": "CA\u00d1AR"
  }
},
{
  "model": "clinic.parish",
  "pk": 156,
  "fields": {
    "canton": 25,
    "name": "CHONTAMARCA"
  }
},
{
  "model": "clinic.parish",
  "pk": 157,
  "fields": {
    "canton": 25,
    "name": "CHOROCOPTE"
  }
},
{
  "model": "clinic.parish",
  "pk": 158,
  "fields": {
    "canton": 25,
    "name": "GENERAL MORALES (SOCARTE)"
  }
},
{
  "model": "clinic.parish",
  "pk": 159,
  "fields": {
    "canton": 25,
    "name": "GUALLETURO"
  }
},
{
  "model": "clinic.parish",
  "pk": 160,
  "fields": {
    "canton": 25,
    "name": "HONORATO V\u00c1SQUEZ (TAMBO VIEJO)"
  }
},
{
  "model": "clinic.parish",
  "pk": 161,
  "fields": {
    "canton": 25,
    "name": "INGAPIRCA"
  }
},
{
  "model": "clinic.parish",
  "pk": 162,
  "fields": {
    "canton": 25,
    "name": "JUNCAL"
  }
},
{
  "model": "clinic.parish",
  "pk": 163,
  "fields": {
    "canton": 25,
    "name": "SAN ANTONIO"
  }
},
{
  "model": "clinic.parish",
  "pk": 164,
  "fields": {
    "canton": 25,
    "name": "SUSCAL"
  }
},
{
  "model": "clinic.parish",
  "pk": 165,
  "fields": {
    "canton": 25,
    "name": "TAMBO"
  }
},
{
  "model": "clinic.parish",
  "pk": 166,
  "fields": {
    "canton": 25,
    "name": "ZHUD"
  }
},
{
  "model": "clinic.parish",
  "pk": 167,
  "fields": {
    "canton": 25,
    "name": "VENTURA"
  }
},
{
  "model": "clinic.parish",
  "pk": 168,
  "fields": {
    "canton": 25,
    "name": "DUCUR"
  }
},
{
  "model": "clinic.parish",
  "pk": 169,
  "fields": {
    "canton": 26,
    "name": "LA TRONCAL"
  }
},
{
  "model": "clinic.parish",
  "pk": 170,
  "fields": {
    "canton": 26,
    "name": "MANUEL J. CALLE"
  }
},
{
  "model": "clinic.parish",
  "pk": 171,
  "fields": {
    "canton": 26,
    "name": "PANCHO NEGRO"
  }
},
{
  "model": "clinic.parish",
  "pk": 172,
  "fields": {
    "canton": 27,
    "name": "EL TAMBO"
  }
},
{
  "model": "clinic.parish",
  "pk": 173,
  "fields": {
    "canton": 28,
    "name": "D\u00c9LEG"
  }
},
{
  "model": "clinic.parish",
  "pk": 174,
  "fields": {
    "canton": 28,
    "name": "SOLANO"
  }
},
{
  "model": "clinic.parish",
  "pk": 175,
  "fields": {
    "canton": 29,
    "name": "SUSCAL"
  }
},
{
  "model": "clinic.parish",
  "pk": 176,
  "fields": {
    "canton": 30,
    "name": "GONZ\u00c1LEZ SU\u00c1REZ"
  }
},
{
  "model": "clinic.parish",
  "pk": 177,
  "fields": {
    "canton": 30,
    "name": "TULC\u00c1N"
  }
},
{
  "model": "clinic.parish",
  "pk": 178,
  "fields": {
    "canton": 30,
    "name": "EL CARMELO (EL PUN)"
  }
},
{
  "model": "clinic.parish",
  "pk": 179,
  "fields": {
    "canton": 30,
    "name": "HUACA"
  }
},
{
  "model": "clinic.parish",
  "pk": 180,
  "fields": {
    "canton": 30,
    "name": "JULIO ANDRADE (OREJUELA)"
  }
},
{
  "model": "clinic.parish",
  "pk": 181,
  "fields": {
    "canton": 30,
    "name": "MALDONADO"
  }
},
{
  "model": "clinic.parish",
  "pk": 182,
  "fields": {
    "canton": 30,
    "name": "PIOTER"
  }
},
{
  "model": "clinic.parish",
  "pk": 183,
  "fields": {
    "canton": 30,
    "name": "TOBAR DONOSO (LA BOCANA DE CAMUMB\u00cd)"
  }
},
{
  "model": "clinic.parish",
  "pk": 184,
  "fields": {
    "canton": 30,
    "name": "TUFI\u00d1O"
  }
},
{
  "model": "clinic.parish",
  "pk": 185,
  "fields": {
    "canton": 30,
    "name": "URBINA (TAYA)"
  }
},
{
  "model": "clinic.parish",
  "pk": 186,
  "fields": {
    "canton": 30,
    "name": "EL CHICAL"
  }
},
{
  "model": "clinic.parish",
  "pk": 187,
  "fields": {
    "canton": 30,
    "name": "MARISCAL SUCRE"
  }
},
{
  "model": "clinic.parish",
  "pk": 188,
  "fields": {
    "canton": 30,
    "name": "SANTA MARTHA DE CUBA"
  }
},
{
  "model": "clinic.parish",
  "pk": 189,
  "fields": {
    "canton": 31,
    "name": "BOL\u00cdVAR"
  }
},
{
  "model": "clinic.parish",
  "pk": 190,
  "fields": {
    "canton": 31,
    "name": "GARC\u00cdA MORENO"
  }
},
{
  "model": "clinic.parish",
  "pk": 191,
  "fields": {
    "canton": 31,
    "name": "LOS ANDES"
  }
},
{
  "model": "clinic.parish",
  "pk": 192,
  "fields": {
    "canton": 31,
    "name": "MONTE OLIVO"
  }
},
{
  "model": "clinic.parish",
  "pk": 193,
  "fields": {
    "canton": 31,
    "name": "SAN VICENTE DE PUSIR"
  }
},
{
  "model": "clinic.parish",
  "pk": 194,
  "fields": {
    "canton": 31,
    "name": "SAN RAFAEL"
  }
},
{
  "model": "clinic.parish",
  "pk": 195,
  "fields": {
    "canton": 32,
    "name": "EL \u00c1NGEL"
  }
},
{
  "model": "clinic.parish",
  "pk": 196,
  "fields": {
    "canton": 32,
    "name": "27 DE SEPTIEMBRE"
  }
},
{
  "model": "clinic.parish",
  "pk": 197,
  "fields": {
    "canton": 32,
    "name": "EL ANGEL"
  }
},
{
  "model": "clinic.parish",
  "pk": 198,
  "fields": {
    "canton": 32,
    "name": "EL GOALTAL"
  }
},
{
  "model": "clinic.parish",
  "pk": 199,
  "fields": {
    "canton": 32,
    "name": "LA LIBERTAD (ALIZO)"
  }
},
{
  "model": "clinic.parish",
  "pk": 200,
  "fields": {
    "canton": 32,
    "name": "SAN ISIDRO"
  }
},
{
  "model": "clinic.parish",
  "pk": 201,
  "fields": {
    "canton": 33,
    "name": "MIRA (CHONTAHUASI)"
  }
},
{
  "model": "clinic.parish",
  "pk": 202,
  "fields": {
    "canton": 33,
    "name": "CONCEPCI\u00d3N"
  }
},
{
  "model": "clinic.parish",
  "pk": 203,
  "fields": {
    "canton": 33,
    "name": "JIJ\u00d3N Y CAAMA\u00d1O (CAB. EN R\u00cdO BLANCO)"
  }
},
{
  "model": "clinic.parish",
  "pk": 204,
  "fields": {
    "canton": 33,
    "name": "JUAN MONTALVO (SAN IGNACIO DE QUIL)"
  }
},
{
  "model": "clinic.parish",
  "pk": 205,
  "fields": {
    "canton": 34,
    "name": "GONZ\u00c1LEZ SU\u00c1REZ"
  }
},
{
  "model": "clinic.parish",
  "pk": 206,
  "fields": {
    "canton": 34,
    "name": "SAN JOS\u00c9"
  }
},
{
  "model": "clinic.parish",
  "pk": 207,
  "fields": {
    "canton": 34,
    "name": "SAN GABRIEL"
  }
},
{
  "model": "clinic.parish",
  "pk": 208,
  "fields": {
    "canton": 34,
    "name": "CRIST\u00d3BAL COL\u00d3N"
  }
},
{
  "model": "clinic.parish",
  "pk": 209,
  "fields": {
    "canton": 34,
    "name": "CHIT\u00c1N DE NAVARRETE"
  }
},
{
  "model": "clinic.parish",
  "pk": 210,
  "fields": {
    "canton": 34,
    "name": "FERN\u00c1NDEZ SALVADOR"
  }
},
{
  "model": "clinic.parish",
  "pk": 211,
  "fields": {
    "canton": 34,
    "name": "LA PAZ"
  }
},
{
  "model": "clinic.parish",
  "pk": 212,
  "fields": {
    "canton": 34,
    "name": "PIARTAL"
  }
},
{
  "model": "clinic.parish",
  "pk": 213,
  "fields": {
    "canton": 35,
    "name": "HUACA"
  }
},
{
  "model": "clinic.parish",
  "pk": 214,
  "fields": {
    "canton": 35,
    "name": "MARISCAL SUCRE"
  }
},
{
  "model": "clinic.parish",
  "pk": 215,
  "fields": {
    "canton": 36,
    "name": "ELOY ALFARO (SAN FELIPE)"
  }
},
{
  "model": "clinic.parish",
  "pk": 216,
  "fields": {
    "canton": 36,
    "name": "IGNACIO FLORES (PARQUE FLORES)"
  }
},
{
  "model": "clinic.parish",
  "pk": 217,
  "fields": {
    "canton": 36,
    "name": "JUAN MONTALVO (SAN SEBASTI\u00c1N)"
  }
},
{
  "model": "clinic.parish",
  "pk": 218,
  "fields": {
    "canton": 36,
    "name": "LA MATRIZ"
  }
},
{
  "model": "clinic.parish",
  "pk": 219,
  "fields": {
    "canton": 36,
    "name": "SAN BUENAVENTURA"
  }
},
{
  "model": "clinic.parish",
  "pk": 220,
  "fields": {
    "canton": 36,
    "name": "LATACUNGA"
  }
},
{
  "model": "clinic.parish",
  "pk": 221,
  "fields": {
    "canton": 36,
    "name": "ALAQUES (AL\u00c1QUEZ)"
  }
},
{
  "model": "clinic.parish",
  "pk": 222,
  "fields": {
    "canton": 36,
    "name": "BELISARIO QUEVEDO (GUANAIL\u00cdN)"
  }
},
{
  "model": "clinic.parish",
  "pk": 223,
  "fields": {
    "canton": 36,
    "name": "GUAITACAMA (GUAYTACAMA)"
  }
},
{
  "model": "clinic.parish",
  "pk": 224,
  "fields": {
    "canton": 36,
    "name": "JOSEGUANGO BAJO"
  }
},
{
  "model": "clinic.parish",
  "pk": 225,
  "fields": {
    "canton": 36,
    "name": "LAS PAMPAS"
  }
},
{
  "model": "clinic.parish",
  "pk": 226,
  "fields": {
    "canton": 36,
    "name": "MULAL\u00d3"
  }
},
{
  "model": "clinic.parish",
  "pk": 227,
  "fields": {
    "canton": 36,
    "name": "11 DE NOVIEMBRE (ILINCHISI)"
  }
},
{
  "model": "clinic.parish",
  "pk": 228,
  "fields": {
    "canton": 36,
    "name": "POAL\u00d3"
  }
},
{
  "model": "clinic.parish",
  "pk": 229,
  "fields": {
    "canton": 36,
    "name": "SAN JUAN DE PASTOCALLE"
  }
},
{
  "model": "clinic.parish",
  "pk": 230,
  "fields": {
    "canton": 36,
    "name": "SIGCHOS"
  }
},
{
  "model": "clinic.parish",
  "pk": 231,
  "fields": {
    "canton": 36,
    "name": "TANICUCH\u00cd"
  }
},
{
  "model": "clinic.parish",
  "pk": 232,
  "fields": {
    "canton": 36,
    "name": "TOACASO"
  }
},
{
  "model": "clinic.parish",
  "pk": 233,
  "fields": {
    "canton": 36,
    "name": "PALO QUEMADO"
  }
},
{
  "model": "clinic.parish",
  "pk": 234,
  "fields": {
    "canton": 37,
    "name": "EL CARMEN"
  }
},
{
  "model": "clinic.parish",
  "pk": 235,
  "fields": {
    "canton": 37,
    "name": "LA MAN\u00c1"
  }
},
{
  "model": "clinic.parish",
  "pk": 236,
  "fields": {
    "canton": 37,
    "name": "EL TRIUNFO"
  }
},
{
  "model": "clinic.parish",
  "pk": 237,
  "fields": {
    "canton": 37,
    "name": "GUASAGANDA (CAB.EN GUASAGANDA"
  }
},
{
  "model": "clinic.parish",
  "pk": 238,
  "fields": {
    "canton": 37,
    "name": "PUCAYACU"
  }
},
{
  "model": "clinic.parish",
  "pk": 239,
  "fields": {
    "canton": 38,
    "name": "EL CORAZ\u00d3N"
  }
},
{
  "model": "clinic.parish",
  "pk": 240,
  "fields": {
    "canton": 38,
    "name": "MORASPUNGO"
  }
},
{
  "model": "clinic.parish",
  "pk": 241,
  "fields": {
    "canton": 38,
    "name": "PINLLOPATA"
  }
},
{
  "model": "clinic.parish",
  "pk": 242,
  "fields": {
    "canton": 38,
    "name": "RAM\u00d3N CAMPA\u00d1A"
  }
},
{
  "model": "clinic.parish",
  "pk": 243,
  "fields": {
    "canton": 39,
    "name": "PUJIL\u00cd"
  }
},
{
  "model": "clinic.parish",
  "pk": 244,
  "fields": {
    "canton": 39,
    "name": "ANGAMARCA"
  }
},
{
  "model": "clinic.parish",
  "pk": 245,
  "fields": {
    "canton": 39,
    "name": "CHUCCHIL\u00c1N (CHUGCHIL\u00c1N)"
  }
},
{
  "model": "clinic.parish",
  "pk": 246,
  "fields": {
    "canton": 39,
    "name": "GUANGAJE"
  }
},
{
  "model": "clinic.parish",
  "pk": 247,
  "fields": {
    "canton": 39,
    "name": "ISINLIB\u00cd (ISINLIV\u00cd)"
  }
},
{
  "model": "clinic.parish",
  "pk": 248,
  "fields": {
    "canton": 39,
    "name": "LA VICTORIA"
  }
},
{
  "model": "clinic.parish",
  "pk": 249,
  "fields": {
    "canton": 39,
    "name": "PILAL\u00d3"
  }
},
{
  "model": "clinic.parish",
  "pk": 250,
  "fields": {
    "canton": 39,
    "name": "TINGO"
  }
},
{
  "model": "clinic.parish",
  "pk": 251,
  "fields": {
    "canton": 39,
    "name": "ZUMBAHUA"
  }
},
{
  "model": "clinic.parish",
  "pk": 252,
  "fields": {
    "canton": 40,
    "name": "SAN MIGUEL"
  }
},
{
  "model": "clinic.parish",
  "pk": 253,
  "fields": {
    "canton": 40,
    "name": "ANTONIO JOS\u00c9 HOLGU\u00cdN (SANTA LUC\u00cdA)"
  }
},
{
  "model": "clinic.parish",
  "pk": 254,
  "fields": {
    "canton": 40,
    "name": "CUSUBAMBA"
  }
},
{
  "model": "clinic.parish",
  "pk": 255,
  "fields": {
    "canton": 40,
    "name": "MULALILLO"
  }
},
{
  "model": "clinic.parish",
  "pk": 256,
  "fields": {
    "canton": 40,
    "name": "MULLIQUINDIL (SANTA ANA)"
  }
},
{
  "model": "clinic.parish",
  "pk": 257,
  "fields": {
    "canton": 40,
    "name": "PANSALEO"
  }
},
{
  "model": "clinic.parish",
  "pk": 258,
  "fields": {
    "canton": 41,
    "name": "SAQUISIL\u00cd"
  }
},
{
  "model": "clinic.parish",
  "pk": 259,
  "fields": {
    "canton": 41,
    "name": "CANCHAGUA"
  }
},
{
  "model": "clinic.parish",
  "pk": 260,
  "fields": {
    "canton": 41,
    "name": "CHANTIL\u00cdN"
  }
},
{
  "model": "clinic.parish",
  "pk": 261,
  "fields": {
    "canton": 41,
    "name": "COCHAPAMBA"
  }
},
{
  "model": "clinic.parish",
  "pk": 262,
  "fields": {
    "canton": 42,
    "name": "SIGCHOS"
  }
},
{
  "model": "clinic.parish",
  "pk": 263,
  "fields": {
    "canton": 42,
    "name": "CHUGCHILL\u00c1N"
  }
},
{
  "model": "clinic.parish",
  "pk": 264,
  "fields": {
    "canton": 42,
    "name": "ISINLIV\u00cd"
  }
},
{
  "model": "clinic.parish",
  "pk": 265,
  "fields": {
    "canton": 42,
    "name": "LAS PAMPAS"
  }
},
{
  "model": "clinic.parish",
  "pk": 266,
  "fields": {
    "canton": 42,
    "name": "PALO QUEMADO"
  }
},
{
  "model": "clinic.parish",
  "pk": 267,
  "fields": {
    "canton": 43,
    "name": "LIZARZABURU"
  }
},
{
  "model": "clinic.parish",
  "pk": 268,
  "fields": {
    "canton": 43,
    "name": "MALDONADO"
  }
},
{
  "model": "clinic.parish",
  "pk": 269,
  "fields": {
    "canton": 43,
    "name": "VELASCO"
  }
},
{
  "model": "clinic.parish",
  "pk": 270,
  "fields": {
    "canton": 43,
    "name": "VELOZ"
  }
},
{
  "model": "clinic.parish",
  "pk": 271,
  "fields": {
    "canton": 43,
    "name": "YARUQU\u00cdES"
  }
},
{
  "model": "clinic.parish",
  "pk": 272,
  "fields": {
    "canton": 43,
    "name": "RIOBAMBA"
  }
},
{
  "model": "clinic.parish",
  "pk": 273,
  "fields": {
    "canton": 43,
    "name": "CACHA (CAB. EN MACH\u00c1NGARA)"
  }
},
{
  "model": "clinic.parish",
  "pk": 274,
  "fields": {
    "canton": 43,
    "name": "CALPI"
  }
},
{
  "model": "clinic.parish",
  "pk": 275,
  "fields": {
    "canton": 43,
    "name": "CUBIJ\u00cdES"
  }
},
{
  "model": "clinic.parish",
  "pk": 276,
  "fields": {
    "canton": 43,
    "name": "FLORES"
  }
},
{
  "model": "clinic.parish",
  "pk": 277,
  "fields": {
    "canton": 43,
    "name": "LIC\u00c1N"
  }
},
{
  "model": "clinic.parish",
  "pk": 278,
  "fields": {
    "canton": 43,
    "name": "LICTO"
  }
},
{
  "model": "clinic.parish",
  "pk": 279,
  "fields": {
    "canton": 43,
    "name": "PUNGAL\u00c1"
  }
},
{
  "model": "clinic.parish",
  "pk": 280,
  "fields": {
    "canton": 43,
    "name": "PUN\u00cdN"
  }
},
{
  "model": "clinic.parish",
  "pk": 281,
  "fields": {
    "canton": 43,
    "name": "QUIMIAG"
  }
},
{
  "model": "clinic.parish",
  "pk": 282,
  "fields": {
    "canton": 43,
    "name": "SAN JUAN"
  }
},
{
  "model": "clinic.parish",
  "pk": 283,
  "fields": {
    "canton": 43,
    "name": "SAN LUIS"
  }
},
{
  "model": "clinic.parish",
  "pk": 284,
  "fields": {
    "canton": 44,
    "name": "ALAUS\u00cd"
  }
},
{
  "model": "clinic.parish",
  "pk": 285,
  "fields": {
    "canton": 44,
    "name": "ACHUPALLAS"
  }
},
{
  "model": "clinic.parish",
  "pk": 286,
  "fields": {
    "canton": 44,
    "name": "CUMAND\u00c1"
  }
},
{
  "model": "clinic.parish",
  "pk": 287,
  "fields": {
    "canton": 44,
    "name": "GUASUNTOS"
  }
},
{
  "model": "clinic.parish",
  "pk": 288,
  "fields": {
    "canton": 44,
    "name": "HUIGRA"
  }
},
{
  "model": "clinic.parish",
  "pk": 289,
  "fields": {
    "canton": 44,
    "name": "MULTITUD"
  }
},
{
  "model": "clinic.parish",
  "pk": 290,
  "fields": {
    "canton": 44,
    "name": "PISTISH\u00cd (NARIZ DEL DIABLO)"
  }
},
{
  "model": "clinic.parish",
  "pk": 291,
  "fields": {
    "canton": 44,
    "name": "PUMALLACTA"
  }
},
{
  "model": "clinic.parish",
  "pk": 292,
  "fields": {
    "canton": 44,
    "name": "SEVILLA"
  }
},
{
  "model": "clinic.parish",
  "pk": 293,
  "fields": {
    "canton": 44,
    "name": "SIBAMBE"
  }
},
{
  "model": "clinic.parish",
  "pk": 294,
  "fields": {
    "canton": 44,
    "name": "TIX\u00c1N"
  }
},
{
  "model": "clinic.parish",
  "pk": 295,
  "fields": {
    "canton": 45,
    "name": "CAJABAMBA"
  }
},
{
  "model": "clinic.parish",
  "pk": 296,
  "fields": {
    "canton": 45,
    "name": "SICALPA"
  }
},
{
  "model": "clinic.parish",
  "pk": 297,
  "fields": {
    "canton": 45,
    "name": "VILLA LA UNI\u00d3N (CAJABAMBA)"
  }
},
{
  "model": "clinic.parish",
  "pk": 298,
  "fields": {
    "canton": 45,
    "name": "CA\u00d1I"
  }
},
{
  "model": "clinic.parish",
  "pk": 299,
  "fields": {
    "canton": 45,
    "name": "COLUMBE"
  }
},
{
  "model": "clinic.parish",
  "pk": 300,
  "fields": {
    "canton": 45,
    "name": "JUAN DE VELASCO (PANGOR)"
  }
},
{
  "model": "clinic.parish",
  "pk": 301,
  "fields": {
    "canton": 45,
    "name": "SANTIAGO DE QUITO (CAB. EN SAN ANTONIO DE QUITO)"
  }
},
{
  "model": "clinic.parish",
  "pk": 302,
  "fields": {
    "canton": 46,
    "name": "CHAMBO"
  }
},
{
  "model": "clinic.parish",
  "pk": 303,
  "fields": {
    "canton": 47,
    "name": "CHUNCHI"
  }
},
{
  "model": "clinic.parish",
  "pk": 304,
  "fields": {
    "canton": 47,
    "name": "CAPZOL"
  }
},
{
  "model": "clinic.parish",
  "pk": 305,
  "fields": {
    "canton": 47,
    "name": "COMPUD"
  }
},
{
  "model": "clinic.parish",
  "pk": 306,
  "fields": {
    "canton": 47,
    "name": "GONZOL"
  }
},
{
  "model": "clinic.parish",
  "pk": 307,
  "fields": {
    "canton": 47,
    "name": "LLAGOS"
  }
},
{
  "model": "clinic.parish",
  "pk": 308,
  "fields": {
    "canton": 48,
    "name": "GUAMOTE"
  }
},
{
  "model": "clinic.parish",
  "pk": 309,
  "fields": {
    "canton": 48,
    "name": "CEBADAS"
  }
},
{
  "model": "clinic.parish",
  "pk": 310,
  "fields": {
    "canton": 48,
    "name": "PALMIRA"
  }
},
{
  "model": "clinic.parish",
  "pk": 311,
  "fields": {
    "canton": 49,
    "name": "EL ROSARIO"
  }
},
{
  "model": "clinic.parish",
  "pk": 312,
  "fields": {
    "canton": 49,
    "name": "LA MATRIZ"
  }
},
{
  "model": "clinic.parish",
  "pk": 313,
  "fields": {
    "canton": 49,
    "name": "GUANO"
  }
},
{
  "model": "clinic.parish",
  "pk": 314,
  "fields": {
    "canton": 49,
    "name": "GUANANDO"
  }
},
{
  "model": "clinic.parish",
  "pk": 315,
  "fields": {
    "canton": 49,
    "name": "ILAPO"
  }
},
{
  "model": "clinic.parish",
  "pk": 316,
  "fields": {
    "canton": 49,
    "name": "LA PROVIDENCIA"
  }
},
{
  "model": "clinic.parish",
  "pk": 317,
  "fields": {
    "canton": 49,
    "name": "SAN ANDR\u00c9S"
  }
},
{
  "model": "clinic.parish",
  "pk": 318,
  "fields": {
    "canton": 49,
    "name": "SAN GERARDO DE PACAICAGU\u00c1N"
  }
},
{
  "model": "clinic.parish",
  "pk": 319,
  "fields": {
    "canton": 49,
    "name": "SAN ISIDRO DE PATUL\u00da"
  }
},
{
  "model": "clinic.parish",
  "pk": 320,
  "fields": {
    "canton": 49,
    "name": "SAN JOS\u00c9 DEL CHAZO"
  }
},
{
  "model": "clinic.parish",
  "pk": 321,
  "fields": {
    "canton": 49,
    "name": "SANTA F\u00c9 DE GAL\u00c1N"
  }
},
{
  "model": "clinic.parish",
  "pk": 322,
  "fields": {
    "canton": 49,
    "name": "VALPARA\u00cdSO"
  }
},
{
  "model": "clinic.parish",
  "pk": 323,
  "fields": {
    "canton": 50,
    "name": "PALLATANGA"
  }
},
{
  "model": "clinic.parish",
  "pk": 324,
  "fields": {
    "canton": 51,
    "name": "PENIPE"
  }
},
{
  "model": "clinic.parish",
  "pk": 325,
  "fields": {
    "canton": 51,
    "name": "EL ALTAR"
  }
},
{
  "model": "clinic.parish",
  "pk": 326,
  "fields": {
    "canton": 51,
    "name": "MATUS"
  }
},
{
  "model": "clinic.parish",
  "pk": 327,
  "fields": {
    "canton": 51,
    "name": "PUELA"
  }
},
{
  "model": "clinic.parish",
  "pk": 328,
  "fields": {
    "canton": 51,
    "name": "SAN ANTONIO DE BAYUSHIG"
  }
},
{
  "model": "clinic.parish",
  "pk": 329,
  "fields": {
    "canton": 51,
    "name": "LA CANDELARIA"
  }
},
{
  "model": "clinic.parish",
  "pk": 330,
  "fields": {
    "canton": 51,
    "name": "BILBAO (CAB.EN QUILLUYACU)"
  }
},
{
  "model": "clinic.parish",
  "pk": 331,
  "fields": {
    "canton": 52,
    "name": "CUMAND\u00c1"
  }
},
{
  "model": "clinic.parish",
  "pk": 332,
  "fields": {
    "canton": 53,
    "name": "LA PROVIDENCIA"
  }
},
{
  "model": "clinic.parish",
  "pk": 333,
  "fields": {
    "canton": 53,
    "name": "MACHALA"
  }
},
{
  "model": "clinic.parish",
  "pk": 334,
  "fields": {
    "canton": 53,
    "name": "PUERTO BOL\u00cdVAR"
  }
},
{
  "model": "clinic.parish",
  "pk": 335,
  "fields": {
    "canton": 53,
    "name": "NUEVE DE MAYO"
  }
},
{
  "model": "clinic.parish",
  "pk": 336,
  "fields": {
    "canton": 53,
    "name": "EL CAMBIO"
  }
},
{
  "model": "clinic.parish",
  "pk": 337,
  "fields": {
    "canton": 53,
    "name": "EL RETIRO"
  }
},
{
  "model": "clinic.parish",
  "pk": 338,
  "fields": {
    "canton": 54,
    "name": "ARENILLAS"
  }
},
{
  "model": "clinic.parish",
  "pk": 339,
  "fields": {
    "canton": 54,
    "name": "CHACRAS"
  }
},
{
  "model": "clinic.parish",
  "pk": 340,
  "fields": {
    "canton": 54,
    "name": "LA LIBERTAD"
  }
},
{
  "model": "clinic.parish",
  "pk": 341,
  "fields": {
    "canton": 54,
    "name": "LAS LAJAS (CAB. EN LA VICTORIA)"
  }
},
{
  "model": "clinic.parish",
  "pk": 342,
  "fields": {
    "canton": 54,
    "name": "PALMALES"
  }
},
{
  "model": "clinic.parish",
  "pk": 343,
  "fields": {
    "canton": 54,
    "name": "CARCAB\u00d3N"
  }
},
{
  "model": "clinic.parish",
  "pk": 344,
  "fields": {
    "canton": 55,
    "name": "PACCHA"
  }
},
{
  "model": "clinic.parish",
  "pk": 345,
  "fields": {
    "canton": 55,
    "name": "AYAPAMBA"
  }
},
{
  "model": "clinic.parish",
  "pk": 346,
  "fields": {
    "canton": 55,
    "name": "CORDONCILLO"
  }
},
{
  "model": "clinic.parish",
  "pk": 347,
  "fields": {
    "canton": 55,
    "name": "MILAGRO"
  }
},
{
  "model": "clinic.parish",
  "pk": 348,
  "fields": {
    "canton": 55,
    "name": "SAN JOS\u00c9"
  }
},
{
  "model": "clinic.parish",
  "pk": 349,
  "fields": {
    "canton": 55,
    "name": "SAN JUAN DE CERRO AZUL"
  }
},
{
  "model": "clinic.parish",
  "pk": 350,
  "fields": {
    "canton": 56,
    "name": "BALSAS"
  }
},
{
  "model": "clinic.parish",
  "pk": 351,
  "fields": {
    "canton": 56,
    "name": "BELLAMAR\u00cdA"
  }
},
{
  "model": "clinic.parish",
  "pk": 352,
  "fields": {
    "canton": 57,
    "name": "CHILLA"
  }
},
{
  "model": "clinic.parish",
  "pk": 353,
  "fields": {
    "canton": 58,
    "name": "EL GUABO"
  }
},
{
  "model": "clinic.parish",
  "pk": 354,
  "fields": {
    "canton": 58,
    "name": "BARBONES (SUCRE)"
  }
},
{
  "model": "clinic.parish",
  "pk": 355,
  "fields": {
    "canton": 58,
    "name": "LA IBERIA"
  }
},
{
  "model": "clinic.parish",
  "pk": 356,
  "fields": {
    "canton": 58,
    "name": "TENDALES (CAB.EN PUERTO TENDALES)"
  }
},
{
  "model": "clinic.parish",
  "pk": 357,
  "fields": {
    "canton": 58,
    "name": "R\u00cdO BONITO"
  }
},
{
  "model": "clinic.parish",
  "pk": 358,
  "fields": {
    "canton": 59,
    "name": "ECUADOR"
  }
},
{
  "model": "clinic.parish",
  "pk": 359,
  "fields": {
    "canton": 59,
    "name": "EL PARA\u00cdSO"
  }
},
{
  "model": "clinic.parish",
  "pk": 360,
  "fields": {
    "canton": 59,
    "name": "HUALTACO"
  }
},
{
  "model": "clinic.parish",
  "pk": 361,
  "fields": {
    "canton": 59,
    "name": "MILTON REYES"
  }
},
{
  "model": "clinic.parish",
  "pk": 362,
  "fields": {
    "canton": 59,
    "name": "UNI\u00d3N LOJANA"
  }
},
{
  "model": "clinic.parish",
  "pk": 363,
  "fields": {
    "canton": 59,
    "name": "HUAQUILLAS"
  }
},
{
  "model": "clinic.parish",
  "pk": 364,
  "fields": {
    "canton": 60,
    "name": "MARCABEL\u00cd"
  }
},
{
  "model": "clinic.parish",
  "pk": 365,
  "fields": {
    "canton": 60,
    "name": "EL INGENIO"
  }
},
{
  "model": "clinic.parish",
  "pk": 366,
  "fields": {
    "canton": 61,
    "name": "BOL\u00cdVAR"
  }
},
{
  "model": "clinic.parish",
  "pk": 367,
  "fields": {
    "canton": 61,
    "name": "LOMA DE FRANCO"
  }
},
{
  "model": "clinic.parish",
  "pk": 368,
  "fields": {
    "canton": 61,
    "name": "OCHOA LE\u00d3N (MATRIZ)"
  }
},
{
  "model": "clinic.parish",
  "pk": 369,
  "fields": {
    "canton": 61,
    "name": "TRES CERRITOS"
  }
},
{
  "model": "clinic.parish",
  "pk": 370,
  "fields": {
    "canton": 61,
    "name": "PASAJE"
  }
},
{
  "model": "clinic.parish",
  "pk": 371,
  "fields": {
    "canton": 61,
    "name": "BUENAVISTA"
  }
},
{
  "model": "clinic.parish",
  "pk": 372,
  "fields": {
    "canton": 61,
    "name": "CASACAY"
  }
},
{
  "model": "clinic.parish",
  "pk": 373,
  "fields": {
    "canton": 61,
    "name": "LA PEA\u00d1A"
  }
},
{
  "model": "clinic.parish",
  "pk": 374,
  "fields": {
    "canton": 61,
    "name": "PROGRESO"
  }
},
{
  "model": "clinic.parish",
  "pk": 375,
  "fields": {
    "canton": 61,
    "name": "UZHCURRUMI"
  }
},
{
  "model": "clinic.parish",
  "pk": 376,
  "fields": {
    "canton": 61,
    "name": "CA\u00d1AQUEMADA"
  }
},
{
  "model": "clinic.parish",
  "pk": 377,
  "fields": {
    "canton": 62,
    "name": "LA MATRIZ"
  }
},
{
  "model": "clinic.parish",
  "pk": 378,
  "fields": {
    "canton": 62,
    "name": "LA SUSAYA"
  }
},
{
  "model": "clinic.parish",
  "pk": 379,
  "fields": {
    "canton": 62,
    "name": "PI\u00d1AS GRANDE"
  }
},
{
  "model": "clinic.parish",
  "pk": 380,
  "fields": {
    "canton": 62,
    "name": "PI\u00d1AS"
  }
},
{
  "model": "clinic.parish",
  "pk": 381,
  "fields": {
    "canton": 62,
    "name": "CAPIRO (CAB. EN LA CAPILLA DE CAPIRO)"
  }
},
{
  "model": "clinic.parish",
  "pk": 382,
  "fields": {
    "canton": 62,
    "name": "LA BOCANA"
  }
},
{
  "model": "clinic.parish",
  "pk": 383,
  "fields": {
    "canton": 62,
    "name": "MOROMORO (CAB. EN EL VADO)"
  }
},
{
  "model": "clinic.parish",
  "pk": 384,
  "fields": {
    "canton": 62,
    "name": "PIEDRAS"
  }
},
{
  "model": "clinic.parish",
  "pk": 385,
  "fields": {
    "canton": 62,
    "name": "SAN ROQUE (AMBROSIO MALDONADO)"
  }
},
{
  "model": "clinic.parish",
  "pk": 386,
  "fields": {
    "canton": 62,
    "name": "SARACAY"
  }
},
{
  "model": "clinic.parish",
  "pk": 387,
  "fields": {
    "canton": 63,
    "name": "PORTOVELO"
  }
},
{
  "model": "clinic.parish",
  "pk": 388,
  "fields": {
    "canton": 63,
    "name": "CURTINCAPA"
  }
},
{
  "model": "clinic.parish",
  "pk": 389,
  "fields": {
    "canton": 63,
    "name": "MORALES"
  }
},
{
  "model": "clinic.parish",
  "pk": 390,
  "fields": {
    "canton": 63,
    "name": "SALAT\u00cd"
  }
},
{
  "model": "clinic.parish",
  "pk": 391,
  "fields": {
    "canton": 64,
    "name": "SANTA ROSA"
  }
},
{
  "model": "clinic.parish",
  "pk": 392,
  "fields": {
    "canton": 64,
    "name": "PUERTO JEL\u00cd"
  }
},
{
  "model": "clinic.parish",
  "pk": 393,
  "fields": {
    "canton": 64,
    "name": "BALNEARIO JAMBEL\u00cd (SAT\u00c9LITE)"
  }
},
{
  "model": "clinic.parish",
  "pk": 394,
  "fields": {
    "canton": 64,
    "name": "JUM\u00d3N (SAT\u00c9LITE)"
  }
},
{
  "model": "clinic.parish",
  "pk": 395,
  "fields": {
    "canton": 64,
    "name": "NUEVO SANTA ROSA"
  }
},
{
  "model": "clinic.parish",
  "pk": 396,
  "fields": {
    "canton": 64,
    "name": "BELLAVISTA"
  }
},
{
  "model": "clinic.parish",
  "pk": 397,
  "fields": {
    "canton": 64,
    "name": "JAMBEL\u00cd"
  }
},
{
  "model": "clinic.parish",
  "pk": 398,
  "fields": {
    "canton": 64,
    "name": "LA AVANZADA"
  }
},
{
  "model": "clinic.parish",
  "pk": 399,
  "fields": {
    "canton": 64,
    "name": "SAN ANTONIO"
  }
},
{
  "model": "clinic.parish",
  "pk": 400,
  "fields": {
    "canton": 64,
    "name": "TORATA"
  }
},
{
  "model": "clinic.parish",
  "pk": 401,
  "fields": {
    "canton": 64,
    "name": "VICTORIA"
  }
},
{
  "model": "clinic.parish",
  "pk": 402,
  "fields": {
    "canton": 64,
    "name": "BELLAMAR\u00cdA"
  }
},
{
  "model": "clinic.parish",
  "pk": 403,
  "fields": {
    "canton": 65,
    "name": "ZARUMA"
  }
},
{
  "model": "clinic.parish",
  "pk": 404,
  "fields": {
    "canton": 65,
    "name": "ABA\u00d1\u00cdN"
  }
},
{
  "model": "clinic.parish",
  "pk": 405,
  "fields": {
    "canton": 65,
    "name": "ARCAPAMBA"
  }
},
{
  "model": "clinic.parish",
  "pk": 406,
  "fields": {
    "canton": 65,
    "name": "GUANAZ\u00c1N"
  }
},
{
  "model": "clinic.parish",
  "pk": 407,
  "fields": {
    "canton": 65,
    "name": "GUIZHAGUI\u00d1A"
  }
},
{
  "model": "clinic.parish",
  "pk": 408,
  "fields": {
    "canton": 65,
    "name": "HUERTAS"
  }
},
{
  "model": "clinic.parish",
  "pk": 409,
  "fields": {
    "canton": 65,
    "name": "MALVAS"
  }
},
{
  "model": "clinic.parish",
  "pk": 410,
  "fields": {
    "canton": 65,
    "name": "MULUNCAY GRANDE"
  }
},
{
  "model": "clinic.parish",
  "pk": 411,
  "fields": {
    "canton": 65,
    "name": "SINSAO"
  }
},
{
  "model": "clinic.parish",
  "pk": 412,
  "fields": {
    "canton": 65,
    "name": "SALVIAS"
  }
},
{
  "model": "clinic.parish",
  "pk": 413,
  "fields": {
    "canton": 66,
    "name": "LA VICTORIA"
  }
},
{
  "model": "clinic.parish",
  "pk": 414,
  "fields": {
    "canton": 66,
    "name": "PLATANILLOS"
  }
},
{
  "model": "clinic.parish",
  "pk": 415,
  "fields": {
    "canton": 66,
    "name": "VALLE HERMOSO"
  }
},
{
  "model": "clinic.parish",
  "pk": 416,
  "fields": {
    "canton": 66,
    "name": "LA LIBERTAD"
  }
},
{
  "model": "clinic.parish",
  "pk": 417,
  "fields": {
    "canton": 66,
    "name": "EL PARA\u00cdSO"
  }
},
{
  "model": "clinic.parish",
  "pk": 418,
  "fields": {
    "canton": 66,
    "name": "SAN ISIDRO"
  }
},
{
  "model": "clinic.parish",
  "pk": 419,
  "fields": {
    "canton": 67,
    "name": "BARTOLOM\u00c9 RUIZ (C\u00c9SAR FRANCO CARRI\u00d3N)"
  }
},
{
  "model": "clinic.parish",
  "pk": 420,
  "fields": {
    "canton": 67,
    "name": "5 DE AGOSTO"
  }
},
{
  "model": "clinic.parish",
  "pk": 421,
  "fields": {
    "canton": 67,
    "name": "ESMERALDAS"
  }
},
{
  "model": "clinic.parish",
  "pk": 422,
  "fields": {
    "canton": 67,
    "name": "LUIS TELLO (LAS PALMAS)"
  }
},
{
  "model": "clinic.parish",
  "pk": 423,
  "fields": {
    "canton": 67,
    "name": "SIM\u00d3N PLATA TORRES"
  }
},
{
  "model": "clinic.parish",
  "pk": 424,
  "fields": {
    "canton": 67,
    "name": "ATACAMES"
  }
},
{
  "model": "clinic.parish",
  "pk": 425,
  "fields": {
    "canton": 67,
    "name": "CAMARONES (CAB. EN SAN VICENTE)"
  }
},
{
  "model": "clinic.parish",
  "pk": 426,
  "fields": {
    "canton": 67,
    "name": "CRNEL. CARLOS CONCHA TORRES (CAB.EN HUELE)"
  }
},
{
  "model": "clinic.parish",
  "pk": 427,
  "fields": {
    "canton": 67,
    "name": "CHINCA"
  }
},
{
  "model": "clinic.parish",
  "pk": 428,
  "fields": {
    "canton": 67,
    "name": "CHONTADURO"
  }
},
{
  "model": "clinic.parish",
  "pk": 429,
  "fields": {
    "canton": 67,
    "name": "CHUMUND\u00c9"
  }
},
{
  "model": "clinic.parish",
  "pk": 430,
  "fields": {
    "canton": 67,
    "name": "LAGARTO"
  }
},
{
  "model": "clinic.parish",
  "pk": 431,
  "fields": {
    "canton": 67,
    "name": "LA UNI\u00d3N"
  }
},
{
  "model": "clinic.parish",
  "pk": 432,
  "fields": {
    "canton": 67,
    "name": "MAJUA"
  }
},
{
  "model": "clinic.parish",
  "pk": 433,
  "fields": {
    "canton": 67,
    "name": "MONTALVO (CAB. EN HORQUETA)"
  }
},
{
  "model": "clinic.parish",
  "pk": 434,
  "fields": {
    "canton": 67,
    "name": "R\u00cdO VERDE"
  }
},
{
  "model": "clinic.parish",
  "pk": 435,
  "fields": {
    "canton": 67,
    "name": "ROCAFUERTE"
  }
},
{
  "model": "clinic.parish",
  "pk": 436,
  "fields": {
    "canton": 67,
    "name": "SAN MATEO"
  }
},
{
  "model": "clinic.parish",
  "pk": 437,
  "fields": {
    "canton": 67,
    "name": "S\u00daA (CAB. EN LA BOCANA)"
  }
},
{
  "model": "clinic.parish",
  "pk": 438,
  "fields": {
    "canton": 67,
    "name": "TABIAZO"
  }
},
{
  "model": "clinic.parish",
  "pk": 439,
  "fields": {
    "canton": 67,
    "name": "TACHINA"
  }
},
{
  "model": "clinic.parish",
  "pk": 440,
  "fields": {
    "canton": 67,
    "name": "TONCHIG\u00dcE"
  }
},
{
  "model": "clinic.parish",
  "pk": 441,
  "fields": {
    "canton": 67,
    "name": "VUELTA LARGA"
  }
},
{
  "model": "clinic.parish",
  "pk": 442,
  "fields": {
    "canton": 68,
    "name": "VALDEZ (LIMONES)"
  }
},
{
  "model": "clinic.parish",
  "pk": 443,
  "fields": {
    "canton": 68,
    "name": "ANCHAYACU"
  }
},
{
  "model": "clinic.parish",
  "pk": 444,
  "fields": {
    "canton": 68,
    "name": "ATAHUALPA (CAB. EN CAMARONES)"
  }
},
{
  "model": "clinic.parish",
  "pk": 445,
  "fields": {
    "canton": 68,
    "name": "BORB\u00d3N"
  }
},
{
  "model": "clinic.parish",
  "pk": 446,
  "fields": {
    "canton": 68,
    "name": "LA TOLA"
  }
},
{
  "model": "clinic.parish",
  "pk": 447,
  "fields": {
    "canton": 68,
    "name": "LUIS VARGAS TORRES (CAB. EN PLAYA DE ORO)"
  }
},
{
  "model": "clinic.parish",
  "pk": 448,
  "fields": {
    "canton": 68,
    "name": "MALDONADO"
  }
},
{
  "model": "clinic.parish",
  "pk": 449,
  "fields": {
    "canton": 68,
    "name": "PAMPANAL DE BOL\u00cdVAR"
  }
},
{
  "model": "clinic.parish",
  "pk": 450,
  "fields": {
    "canton": 68,
    "name": "SAN FRANCISCO DE ONZOLE"
  }
},
{
  "model": "clinic.parish",
  "pk": 451,
  "fields": {
    "canton": 68,
    "name": "SANTO DOMINGO DE ONZOLE"
  }
},
{
  "model": "clinic.parish",
  "pk": 452,
  "fields": {
    "canton": 68,
    "name": "SELVA ALEGRE"
  }
},
{
  "model": "clinic.parish",
  "pk": 453,
  "fields": {
    "canton": 68,
    "name": "TELEMB\u00cd"
  }
},
{
  "model": "clinic.parish",
  "pk": 454,
  "fields": {
    "canton": 68,
    "name": "COL\u00d3N ELOY DEL MAR\u00cdA"
  }
},
{
  "model": "clinic.parish",
  "pk": 455,
  "fields": {
    "canton": 68,
    "name": "SAN JOS\u00c9 DE CAYAPAS"
  }
},
{
  "model": "clinic.parish",
  "pk": 456,
  "fields": {
    "canton": 68,
    "name": "TIMBIR\u00c9"
  }
},
{
  "model": "clinic.parish",
  "pk": 457,
  "fields": {
    "canton": 69,
    "name": "MUISNE"
  }
},
{
  "model": "clinic.parish",
  "pk": 458,
  "fields": {
    "canton": 69,
    "name": "BOL\u00cdVAR"
  }
},
{
  "model": "clinic.parish",
  "pk": 459,
  "fields": {
    "canton": 69,
    "name": "DAULE"
  }
},
{
  "model": "clinic.parish",
  "pk": 460,
  "fields": {
    "canton": 69,
    "name": "GALERA"
  }
},
{
  "model": "clinic.parish",
  "pk": 461,
  "fields": {
    "canton": 69,
    "name": "QUINGUE (OLMEDO PERDOMO FRANCO)"
  }
},
{
  "model": "clinic.parish",
  "pk": 462,
  "fields": {
    "canton": 69,
    "name": "SALIMA"
  }
},
{
  "model": "clinic.parish",
  "pk": 463,
  "fields": {
    "canton": 69,
    "name": "SAN FRANCISCO"
  }
},
{
  "model": "clinic.parish",
  "pk": 464,
  "fields": {
    "canton": 69,
    "name": "SAN GREGORIO"
  }
},
{
  "model": "clinic.parish",
  "pk": 465,
  "fields": {
    "canton": 69,
    "name": "SAN JOS\u00c9 DE CHAMANGA (CAB.EN CHAMANGA)"
  }
},
{
  "model": "clinic.parish",
  "pk": 466,
  "fields": {
    "canton": 70,
    "name": "ROSA Z\u00c1RATE (QUININD\u00c9)"
  }
},
{
  "model": "clinic.parish",
  "pk": 467,
  "fields": {
    "canton": 70,
    "name": "CUBE"
  }
},
{
  "model": "clinic.parish",
  "pk": 468,
  "fields": {
    "canton": 70,
    "name": "CHURA (CHANCAMA) (CAB. EN EL YERBERO)"
  }
},
{
  "model": "clinic.parish",
  "pk": 469,
  "fields": {
    "canton": 70,
    "name": "MALIMPIA"
  }
},
{
  "model": "clinic.parish",
  "pk": 470,
  "fields": {
    "canton": 70,
    "name": "VICHE"
  }
},
{
  "model": "clinic.parish",
  "pk": 471,
  "fields": {
    "canton": 70,
    "name": "LA UNI\u00d3N"
  }
},
{
  "model": "clinic.parish",
  "pk": 472,
  "fields": {
    "canton": 71,
    "name": "SAN LORENZO"
  }
},
{
  "model": "clinic.parish",
  "pk": 473,
  "fields": {
    "canton": 71,
    "name": "ALTO TAMBO (CAB. EN GUADUAL)"
  }
},
{
  "model": "clinic.parish",
  "pk": 474,
  "fields": {
    "canton": 71,
    "name": "ANC\u00d3N (PICHANGAL) (CAB. EN PALMA REAL)"
  }
},
{
  "model": "clinic.parish",
  "pk": 475,
  "fields": {
    "canton": 71,
    "name": "CALDER\u00d3N"
  }
},
{
  "model": "clinic.parish",
  "pk": 476,
  "fields": {
    "canton": 71,
    "name": "CARONDELET"
  }
},
{
  "model": "clinic.parish",
  "pk": 477,
  "fields": {
    "canton": 71,
    "name": "5 DE JUNIO (CAB. EN UIMBI)"
  }
},
{
  "model": "clinic.parish",
  "pk": 478,
  "fields": {
    "canton": 71,
    "name": "CONCEPCI\u00d3N"
  }
},
{
  "model": "clinic.parish",
  "pk": 479,
  "fields": {
    "canton": 71,
    "name": "MATAJE (CAB. EN SANTANDER)"
  }
},
{
  "model": "clinic.parish",
  "pk": 480,
  "fields": {
    "canton": 71,
    "name": "SAN JAVIER DE CACHAV\u00cd (CAB. EN SAN JAVIER)"
  }
},
{
  "model": "clinic.parish",
  "pk": 481,
  "fields": {
    "canton": 71,
    "name": "SANTA RITA"
  }
},
{
  "model": "clinic.parish",
  "pk": 482,
  "fields": {
    "canton": 71,
    "name": "TAMBILLO"
  }
},
{
  "model": "clinic.parish",
  "pk": 483,
  "fields": {
    "canton": 71,
    "name": "TULULB\u00cd (CAB. EN RICAURTE)"
  }
},
{
  "model": "clinic.parish",
  "pk": 484,
  "fields": {
    "canton": 71,
    "name": "URBINA"
  }
},
{
  "model": "clinic.parish",
  "pk": 485,
  "fields": {
    "canton": 72,
    "name": "ATACAMES"
  }
},
{
  "model": "clinic.parish",
  "pk": 486,
  "fields": {
    "canton": 72,
    "name": "LA UNI\u00d3N"
  }
},
{
  "model": "clinic.parish",
  "pk": 487,
  "fields": {
    "canton": 72,
    "name": "S\u00daA (CAB. EN LA BOCANA)"
  }
},
{
  "model": "clinic.parish",
  "pk": 488,
  "fields": {
    "canton": 72,
    "name": "TONCHIG\u00dcE"
  }
},
{
  "model": "clinic.parish",
  "pk": 489,
  "fields": {
    "canton": 72,
    "name": "TONSUPA"
  }
},
{
  "model": "clinic.parish",
  "pk": 490,
  "fields": {
    "canton": 73,
    "name": "RIOVERDE"
  }
},
{
  "model": "clinic.parish",
  "pk": 491,
  "fields": {
    "canton": 73,
    "name": "CHONTADURO"
  }
},
{
  "model": "clinic.parish",
  "pk": 492,
  "fields": {
    "canton": 73,
    "name": "CHUMUND\u00c9"
  }
},
{
  "model": "clinic.parish",
  "pk": 493,
  "fields": {
    "canton": 73,
    "name": "LAGARTO"
  }
},
{
  "model": "clinic.parish",
  "pk": 494,
  "fields": {
    "canton": 73,
    "name": "MONTALVO (CAB. EN HORQUETA)"
  }
},
{
  "model": "clinic.parish",
  "pk": 495,
  "fields": {
    "canton": 73,
    "name": "ROCAFUERTE"
  }
},
{
  "model": "clinic.parish",
  "pk": 496,
  "fields": {
    "canton": 74,
    "name": "LA CONCORDIA"
  }
},
{
  "model": "clinic.parish",
  "pk": 497,
  "fields": {
    "canton": 74,
    "name": "MONTERREY"
  }
},
{
  "model": "clinic.parish",
  "pk": 498,
  "fields": {
    "canton": 74,
    "name": "LA VILLEGAS"
  }
},
{
  "model": "clinic.parish",
  "pk": 499,
  "fields": {
    "canton": 74,
    "name": "PLAN PILOTO"
  }
},
{
  "model": "clinic.parish",
  "pk": 500,
  "fields": {
    "canton": 75,
    "name": "AYACUCHO"
  }
},
{
  "model": "clinic.parish",
  "pk": 501,
  "fields": {
    "canton": 75,
    "name": "BOL\u00cdVAR (SAGRARIO)"
  }
},
{
  "model": "clinic.parish",
  "pk": 502,
  "fields": {
    "canton": 75,
    "name": "CARBO (CONCEPCI\u00d3N)"
  }
},
{
  "model": "clinic.parish",
  "pk": 503,
  "fields": {
    "canton": 75,
    "name": "FEBRES CORDERO"
  }
},
{
  "model": "clinic.parish",
  "pk": 504,
  "fields": {
    "canton": 75,
    "name": "GARC\u00cdA MORENO"
  }
},
{
  "model": "clinic.parish",
  "pk": 505,
  "fields": {
    "canton": 75,
    "name": "LETAMENDI"
  }
},
{
  "model": "clinic.parish",
  "pk": 506,
  "fields": {
    "canton": 75,
    "name": "NUEVE DE OCTUBRE"
  }
},
{
  "model": "clinic.parish",
  "pk": 507,
  "fields": {
    "canton": 75,
    "name": "OLMEDO (SAN ALEJO)"
  }
},
{
  "model": "clinic.parish",
  "pk": 508,
  "fields": {
    "canton": 75,
    "name": "ROCA"
  }
},
{
  "model": "clinic.parish",
  "pk": 509,
  "fields": {
    "canton": 75,
    "name": "ROCAFUERTE"
  }
},
{
  "model": "clinic.parish",
  "pk": 510,
  "fields": {
    "canton": 75,
    "name": "SUCRE"
  }
},
{
  "model": "clinic.parish",
  "pk": 511,
  "fields": {
    "canton": 75,
    "name": "TARQUI"
  }
},
{
  "model": "clinic.parish",
  "pk": 512,
  "fields": {
    "canton": 75,
    "name": "URDANETA"
  }
},
{
  "model": "clinic.parish",
  "pk": 513,
  "fields": {
    "canton": 75,
    "name": "XIMENA"
  }
},
{
  "model": "clinic.parish",
  "pk": 514,
  "fields": {
    "canton": 75,
    "name": "PASCUALES"
  }
},
{
  "model": "clinic.parish",
  "pk": 515,
  "fields": {
    "canton": 75,
    "name": "GUAYAQUIL"
  }
},
{
  "model": "clinic.parish",
  "pk": 516,
  "fields": {
    "canton": 75,
    "name": "CHONG\u00d3N"
  }
},
{
  "model": "clinic.parish",
  "pk": 517,
  "fields": {
    "canton": 75,
    "name": "JUAN G\u00d3MEZ REND\u00d3N (PROGRESO)"
  }
},
{
  "model": "clinic.parish",
  "pk": 518,
  "fields": {
    "canton": 75,
    "name": "MORRO"
  }
},
{
  "model": "clinic.parish",
  "pk": 519,
  "fields": {
    "canton": 75,
    "name": "PLAYAS (GRAL. VILLAMIL)"
  }
},
{
  "model": "clinic.parish",
  "pk": 520,
  "fields": {
    "canton": 75,
    "name": "POSORJA"
  }
},
{
  "model": "clinic.parish",
  "pk": 521,
  "fields": {
    "canton": 75,
    "name": "PUN\u00c1"
  }
},
{
  "model": "clinic.parish",
  "pk": 522,
  "fields": {
    "canton": 75,
    "name": "TENGUEL"
  }
},
{
  "model": "clinic.parish",
  "pk": 523,
  "fields": {
    "canton": 76,
    "name": "ALFREDO BAQUERIZO MORENO (JUJ\u00c1N)"
  }
},
{
  "model": "clinic.parish",
  "pk": 524,
  "fields": {
    "canton": 77,
    "name": "BALAO"
  }
},
{
  "model": "clinic.parish",
  "pk": 525,
  "fields": {
    "canton": 78,
    "name": "BALZAR"
  }
},
{
  "model": "clinic.parish",
  "pk": 526,
  "fields": {
    "canton": 79,
    "name": "COLIMES"
  }
},
{
  "model": "clinic.parish",
  "pk": 527,
  "fields": {
    "canton": 79,
    "name": "SAN JACINTO"
  }
},
{
  "model": "clinic.parish",
  "pk": 528,
  "fields": {
    "canton": 80,
    "name": "DAULE"
  }
},
{
  "model": "clinic.parish",
  "pk": 529,
  "fields": {
    "canton": 80,
    "name": "LA AURORA (SAT\u00c9LITE)"
  }
},
{
  "model": "clinic.parish",
  "pk": 530,
  "fields": {
    "canton": 80,
    "name": "BANIFE"
  }
},
{
  "model": "clinic.parish",
  "pk": 531,
  "fields": {
    "canton": 80,
    "name": "EMILIANO CAICEDO MARCOS"
  }
},
{
  "model": "clinic.parish",
  "pk": 532,
  "fields": {
    "canton": 80,
    "name": "MAGRO"
  }
},
{
  "model": "clinic.parish",
  "pk": 533,
  "fields": {
    "canton": 80,
    "name": "PADRE JUAN BAUTISTA AGUIRRE"
  }
},
{
  "model": "clinic.parish",
  "pk": 534,
  "fields": {
    "canton": 80,
    "name": "SANTA CLARA"
  }
},
{
  "model": "clinic.parish",
  "pk": 535,
  "fields": {
    "canton": 80,
    "name": "VICENTE PIEDRAHITA"
  }
},
{
  "model": "clinic.parish",
  "pk": 536,
  "fields": {
    "canton": 80,
    "name": "ISIDRO AYORA (SOLEDAD)"
  }
},
{
  "model": "clinic.parish",
  "pk": 537,
  "fields": {
    "canton": 80,
    "name": "JUAN BAUTISTA AGUIRRE (LOS TINTOS)"
  }
},
{
  "model": "clinic.parish",
  "pk": 538,
  "fields": {
    "canton": 80,
    "name": "LAUREL"
  }
},
{
  "model": "clinic.parish",
  "pk": 539,
  "fields": {
    "canton": 80,
    "name": "LIMONAL"
  }
},
{
  "model": "clinic.parish",
  "pk": 540,
  "fields": {
    "canton": 80,
    "name": "LOMAS DE SARGENTILLO"
  }
},
{
  "model": "clinic.parish",
  "pk": 541,
  "fields": {
    "canton": 80,
    "name": "LOS LOJAS (ENRIQUE BAQUERIZO MORENO)"
  }
},
{
  "model": "clinic.parish",
  "pk": 542,
  "fields": {
    "canton": 80,
    "name": "PIEDRAHITA (NOBOL)"
  }
},
{
  "model": "clinic.parish",
  "pk": 543,
  "fields": {
    "canton": 81,
    "name": "ELOY ALFARO (DUR\u00c1N)"
  }
},
{
  "model": "clinic.parish",
  "pk": 544,
  "fields": {
    "canton": 81,
    "name": "EL RECREO"
  }
},
{
  "model": "clinic.parish",
  "pk": 545,
  "fields": {
    "canton": 82,
    "name": "VELASCO IBARRA (EL EMPALME)"
  }
},
{
  "model": "clinic.parish",
  "pk": 546,
  "fields": {
    "canton": 82,
    "name": "GUAYAS (PUEBLO NUEVO)"
  }
},
{
  "model": "clinic.parish",
  "pk": 547,
  "fields": {
    "canton": 82,
    "name": "EL ROSARIO"
  }
},
{
  "model": "clinic.parish",
  "pk": 548,
  "fields": {
    "canton": 83,
    "name": "EL TRIUNFO"
  }
},
{
  "model": "clinic.parish",
  "pk": 549,
  "fields": {
    "canton": 84,
    "name": "MILAGRO"
  }
},
{
  "model": "clinic.parish",
  "pk": 550,
  "fields": {
    "canton": 84,
    "name": "CHOBO"
  }
},
{
  "model": "clinic.parish",
  "pk": 551,
  "fields": {
    "canton": 84,
    "name": "GENERAL ELIZALDE (BUCAY)"
  }
},
{
  "model": "clinic.parish",
  "pk": 552,
  "fields": {
    "canton": 84,
    "name": "MARISCAL SUCRE (HUAQUES)"
  }
},
{
  "model": "clinic.parish",
  "pk": 553,
  "fields": {
    "canton": 84,
    "name": "ROBERTO ASTUDILLO (CAB. EN CRUCE DE VENECIA)"
  }
},
{
  "model": "clinic.parish",
  "pk": 554,
  "fields": {
    "canton": 85,
    "name": "NARANJAL"
  }
},
{
  "model": "clinic.parish",
  "pk": 555,
  "fields": {
    "canton": 85,
    "name": "JES\u00daS MAR\u00cdA"
  }
},
{
  "model": "clinic.parish",
  "pk": 556,
  "fields": {
    "canton": 85,
    "name": "SAN CARLOS"
  }
},
{
  "model": "clinic.parish",
  "pk": 557,
  "fields": {
    "canton": 85,
    "name": "SANTA ROSA DE FLANDES"
  }
},
{
  "model": "clinic.parish",
  "pk": 558,
  "fields": {
    "canton": 85,
    "name": "TAURA"
  }
},
{
  "model": "clinic.parish",
  "pk": 559,
  "fields": {
    "canton": 86,
    "name": "NARANJITO"
  }
},
{
  "model": "clinic.parish",
  "pk": 560,
  "fields": {
    "canton": 87,
    "name": "PALESTINA"
  }
},
{
  "model": "clinic.parish",
  "pk": 561,
  "fields": {
    "canton": 88,
    "name": "PEDRO CARBO"
  }
},
{
  "model": "clinic.parish",
  "pk": 562,
  "fields": {
    "canton": 88,
    "name": "VALLE DE LA VIRGEN"
  }
},
{
  "model": "clinic.parish",
  "pk": 563,
  "fields": {
    "canton": 88,
    "name": "SABANILLA"
  }
},
{
  "model": "clinic.parish",
  "pk": 564,
  "fields": {
    "canton": 89,
    "name": "SAMBOROND\u00d3N"
  }
},
{
  "model": "clinic.parish",
  "pk": 565,
  "fields": {
    "canton": 89,
    "name": "LA PUNTILLA (SAT\u00c9LITE)"
  }
},
{
  "model": "clinic.parish",
  "pk": 566,
  "fields": {
    "canton": 89,
    "name": "TARIFA"
  }
},
{
  "model": "clinic.parish",
  "pk": 567,
  "fields": {
    "canton": 90,
    "name": "SANTA LUC\u00cdA"
  }
},
{
  "model": "clinic.parish",
  "pk": 568,
  "fields": {
    "canton": 91,
    "name": "BOCANA"
  }
},
{
  "model": "clinic.parish",
  "pk": 569,
  "fields": {
    "canton": 91,
    "name": "CANDILEJOS"
  }
},
{
  "model": "clinic.parish",
  "pk": 570,
  "fields": {
    "canton": 91,
    "name": "CENTRAL"
  }
},
{
  "model": "clinic.parish",
  "pk": 571,
  "fields": {
    "canton": 91,
    "name": "PARA\u00cdSO"
  }
},
{
  "model": "clinic.parish",
  "pk": 572,
  "fields": {
    "canton": 91,
    "name": "SAN MATEO"
  }
},
{
  "model": "clinic.parish",
  "pk": 573,
  "fields": {
    "canton": 91,
    "name": "EL SALITRE (LAS RAMAS)"
  }
},
{
  "model": "clinic.parish",
  "pk": 574,
  "fields": {
    "canton": 91,
    "name": "GRAL. VERNAZA (DOS ESTEROS)"
  }
},
{
  "model": "clinic.parish",
  "pk": 575,
  "fields": {
    "canton": 91,
    "name": "LA VICTORIA (\u00d1AUZA)"
  }
},
{
  "model": "clinic.parish",
  "pk": 576,
  "fields": {
    "canton": 91,
    "name": "JUNQUILLAL"
  }
},
{
  "model": "clinic.parish",
  "pk": 577,
  "fields": {
    "canton": 92,
    "name": "SAN JACINTO DE YAGUACHI"
  }
},
{
  "model": "clinic.parish",
  "pk": 578,
  "fields": {
    "canton": 92,
    "name": "CRNEL. LORENZO DE GARAICOA (PEDREGAL)"
  }
},
{
  "model": "clinic.parish",
  "pk": 579,
  "fields": {
    "canton": 92,
    "name": "CRNEL. MARCELINO MARIDUE\u00d1A (SAN CARLOS)"
  }
},
{
  "model": "clinic.parish",
  "pk": 580,
  "fields": {
    "canton": 92,
    "name": "GRAL. PEDRO J. MONTERO (BOLICHE)"
  }
},
{
  "model": "clinic.parish",
  "pk": 581,
  "fields": {
    "canton": 92,
    "name": "SIM\u00d3N BOL\u00cdVAR"
  }
},
{
  "model": "clinic.parish",
  "pk": 582,
  "fields": {
    "canton": 92,
    "name": "YAGUACHI VIEJO (CONE)"
  }
},
{
  "model": "clinic.parish",
  "pk": 583,
  "fields": {
    "canton": 92,
    "name": "VIRGEN DE F\u00c1TIMA"
  }
},
{
  "model": "clinic.parish",
  "pk": 584,
  "fields": {
    "canton": 93,
    "name": "GENERAL VILLAMIL (PLAYAS)"
  }
},
{
  "model": "clinic.parish",
  "pk": 585,
  "fields": {
    "canton": 94,
    "name": "SIM\u00d3N BOL\u00cdVAR"
  }
},
{
  "model": "clinic.parish",
  "pk": 586,
  "fields": {
    "canton": 94,
    "name": "CRNEL.LORENZO DE GARAICOA (PEDREGAL)"
  }
},
{
  "model": "clinic.parish",
  "pk": 587,
  "fields": {
    "canton": 95,
    "name": "CORONEL MARCELINO MARIDUE\u00d1A (SAN CARLOS)"
  }
},
{
  "model": "clinic.parish",
  "pk": 588,
  "fields": {
    "canton": 96,
    "name": "LOMAS DE SARGENTILLO"
  }
},
{
  "model": "clinic.parish",
  "pk": 589,
  "fields": {
    "canton": 96,
    "name": "ISIDRO AYORA (SOLEDAD)"
  }
},
{
  "model": "clinic.parish",
  "pk": 590,
  "fields": {
    "canton": 97,
    "name": "NARCISA DE JES\u00daS"
  }
},
{
  "model": "clinic.parish",
  "pk": 591,
  "fields": {
    "canton": 98,
    "name": "GENERAL ANTONIO ELIZALDE (BUCAY)"
  }
},
{
  "model": "clinic.parish",
  "pk": 592,
  "fields": {
    "canton": 99,
    "name": "ISIDRO AYORA"
  }
},
{
  "model": "clinic.parish",
  "pk": 593,
  "fields": {
    "canton": 100,
    "name": "CARANQUI"
  }
},
{
  "model": "clinic.parish",
  "pk": 594,
  "fields": {
    "canton": 100,
    "name": "GUAYAQUIL DE ALPACHACA"
  }
},
{
  "model": "clinic.parish",
  "pk": 595,
  "fields": {
    "canton": 100,
    "name": "SAGRARIO"
  }
},
{
  "model": "clinic.parish",
  "pk": 596,
  "fields": {
    "canton": 100,
    "name": "SAN FRANCISCO"
  }
},
{
  "model": "clinic.parish",
  "pk": 597,
  "fields": {
    "canton": 100,
    "name": "LA DOLOROSA DEL PRIORATO"
  }
},
{
  "model": "clinic.parish",
  "pk": 598,
  "fields": {
    "canton": 100,
    "name": "SAN MIGUEL DE IBARRA"
  }
},
{
  "model": "clinic.parish",
  "pk": 599,
  "fields": {
    "canton": 100,
    "name": "AMBUQU\u00cd"
  }
},
{
  "model": "clinic.parish",
  "pk": 600,
  "fields": {
    "canton": 100,
    "name": "ANGOCHAGUA"
  }
},
{
  "model": "clinic.parish",
  "pk": 601,
  "fields": {
    "canton": 100,
    "name": "CAROLINA"
  }
},
{
  "model": "clinic.parish",
  "pk": 602,
  "fields": {
    "canton": 100,
    "name": "LA ESPERANZA"
  }
},
{
  "model": "clinic.parish",
  "pk": 603,
  "fields": {
    "canton": 100,
    "name": "LITA"
  }
},
{
  "model": "clinic.parish",
  "pk": 604,
  "fields": {
    "canton": 100,
    "name": "SALINAS"
  }
},
{
  "model": "clinic.parish",
  "pk": 605,
  "fields": {
    "canton": 100,
    "name": "SAN ANTONIO"
  }
},
{
  "model": "clinic.parish",
  "pk": 606,
  "fields": {
    "canton": 101,
    "name": "ANDRADE MAR\u00cdN (LOURDES)"
  }
},
{
  "model": "clinic.parish",
  "pk": 607,
  "fields": {
    "canton": 101,
    "name": "ATUNTAQUI"
  }
},
{
  "model": "clinic.parish",
  "pk": 608,
  "fields": {
    "canton": 101,
    "name": "IMBAYA (SAN LUIS DE COBUENDO)"
  }
},
{
  "model": "clinic.parish",
  "pk": 609,
  "fields": {
    "canton": 101,
    "name": "SAN FRANCISCO DE NATABUELA"
  }
},
{
  "model": "clinic.parish",
  "pk": 610,
  "fields": {
    "canton": 101,
    "name": "SAN JOS\u00c9 DE CHALTURA"
  }
},
{
  "model": "clinic.parish",
  "pk": 611,
  "fields": {
    "canton": 101,
    "name": "SAN ROQUE"
  }
},
{
  "model": "clinic.parish",
  "pk": 612,
  "fields": {
    "canton": 102,
    "name": "SAGRARIO"
  }
},
{
  "model": "clinic.parish",
  "pk": 613,
  "fields": {
    "canton": 102,
    "name": "SAN FRANCISCO"
  }
},
{
  "model": "clinic.parish",
  "pk": 614,
  "fields": {
    "canton": 102,
    "name": "COTACACHI"
  }
},
{
  "model": "clinic.parish",
  "pk": 615,
  "fields": {
    "canton": 102,
    "name": "APUELA"
  }
},
{
  "model": "clinic.parish",
  "pk": 616,
  "fields": {
    "canton": 102,
    "name": "GARC\u00cdA MORENO (LLURIMAGUA)"
  }
},
{
  "model": "clinic.parish",
  "pk": 617,
  "fields": {
    "canton": 102,
    "name": "IMANTAG"
  }
},
{
  "model": "clinic.parish",
  "pk": 618,
  "fields": {
    "canton": 102,
    "name": "PE\u00d1AHERRERA"
  }
},
{
  "model": "clinic.parish",
  "pk": 619,
  "fields": {
    "canton": 102,
    "name": "PLAZA GUTI\u00c9RREZ (CALVARIO)"
  }
},
{
  "model": "clinic.parish",
  "pk": 620,
  "fields": {
    "canton": 102,
    "name": "QUIROGA"
  }
},
{
  "model": "clinic.parish",
  "pk": 621,
  "fields": {
    "canton": 102,
    "name": "6 DE JULIO DE CUELLAJE (CAB. EN CUELLAJE)"
  }
},
{
  "model": "clinic.parish",
  "pk": 622,
  "fields": {
    "canton": 102,
    "name": "VACAS GALINDO (EL CHURO) (CAB.EN SAN MIGUEL ALTO"
  }
},
{
  "model": "clinic.parish",
  "pk": 623,
  "fields": {
    "canton": 103,
    "name": "JORD\u00c1N"
  }
},
{
  "model": "clinic.parish",
  "pk": 624,
  "fields": {
    "canton": 103,
    "name": "SAN LUIS"
  }
},
{
  "model": "clinic.parish",
  "pk": 625,
  "fields": {
    "canton": 103,
    "name": "OTAVALO"
  }
},
{
  "model": "clinic.parish",
  "pk": 626,
  "fields": {
    "canton": 103,
    "name": "DR. MIGUEL EGAS CABEZAS (PEGUCHE)"
  }
},
{
  "model": "clinic.parish",
  "pk": 627,
  "fields": {
    "canton": 103,
    "name": "EUGENIO ESPEJO (CALPAQU\u00cd)"
  }
},
{
  "model": "clinic.parish",
  "pk": 628,
  "fields": {
    "canton": 103,
    "name": "GONZ\u00c1LEZ SU\u00c1REZ"
  }
},
{
  "model": "clinic.parish",
  "pk": 629,
  "fields": {
    "canton": 103,
    "name": "PATAQU\u00cd"
  }
},
{
  "model": "clinic.parish",
  "pk": 630,
  "fields": {
    "canton": 103,
    "name": "SAN JOS\u00c9 DE QUICHINCHE"
  }
},
{
  "model": "clinic.parish",
  "pk": 631,
  "fields": {
    "canton": 103,
    "name": "SAN JUAN DE ILUM\u00c1N"
  }
},
{
  "model": "clinic.parish",
  "pk": 632,
  "fields": {
    "canton": 103,
    "name": "SAN PABLO"
  }
},
{
  "model": "clinic.parish",
  "pk": 633,
  "fields": {
    "canton": 103,
    "name": "SAN RAFAEL"
  }
},
{
  "model": "clinic.parish",
  "pk": 634,
  "fields": {
    "canton": 103,
    "name": "SELVA ALEGRE (CAB.EN SAN MIGUEL DE PAMPLONA)"
  }
},
{
  "model": "clinic.parish",
  "pk": 635,
  "fields": {
    "canton": 104,
    "name": "PIMAMPIRO"
  }
},
{
  "model": "clinic.parish",
  "pk": 636,
  "fields": {
    "canton": 104,
    "name": "CHUG\u00c1"
  }
},
{
  "model": "clinic.parish",
  "pk": 637,
  "fields": {
    "canton": 104,
    "name": "MARIANO ACOSTA"
  }
},
{
  "model": "clinic.parish",
  "pk": 638,
  "fields": {
    "canton": 104,
    "name": "SAN FRANCISCO DE SIGSIPAMBA"
  }
},
{
  "model": "clinic.parish",
  "pk": 639,
  "fields": {
    "canton": 105,
    "name": "URCUQU\u00cd CABECERA CANTONAL"
  }
},
{
  "model": "clinic.parish",
  "pk": 640,
  "fields": {
    "canton": 105,
    "name": "CAHUASQU\u00cd"
  }
},
{
  "model": "clinic.parish",
  "pk": 641,
  "fields": {
    "canton": 105,
    "name": "LA MERCED DE BUENOS AIRES"
  }
},
{
  "model": "clinic.parish",
  "pk": 642,
  "fields": {
    "canton": 105,
    "name": "PABLO ARENAS"
  }
},
{
  "model": "clinic.parish",
  "pk": 643,
  "fields": {
    "canton": 105,
    "name": "SAN BLAS"
  }
},
{
  "model": "clinic.parish",
  "pk": 644,
  "fields": {
    "canton": 105,
    "name": "TUMBABIRO"
  }
},
{
  "model": "clinic.parish",
  "pk": 645,
  "fields": {
    "canton": 106,
    "name": "EL SAGRARIO"
  }
},
{
  "model": "clinic.parish",
  "pk": 646,
  "fields": {
    "canton": 106,
    "name": "SAN SEBASTI\u00c1N"
  }
},
{
  "model": "clinic.parish",
  "pk": 647,
  "fields": {
    "canton": 106,
    "name": "SUCRE"
  }
},
{
  "model": "clinic.parish",
  "pk": 648,
  "fields": {
    "canton": 106,
    "name": "VALLE"
  }
},
{
  "model": "clinic.parish",
  "pk": 649,
  "fields": {
    "canton": 106,
    "name": "LOJA"
  }
},
{
  "model": "clinic.parish",
  "pk": 650,
  "fields": {
    "canton": 106,
    "name": "CHANTACO"
  }
},
{
  "model": "clinic.parish",
  "pk": 651,
  "fields": {
    "canton": 106,
    "name": "CHUQUIRIBAMBA"
  }
},
{
  "model": "clinic.parish",
  "pk": 652,
  "fields": {
    "canton": 106,
    "name": "EL CISNE"
  }
},
{
  "model": "clinic.parish",
  "pk": 653,
  "fields": {
    "canton": 106,
    "name": "GUALEL"
  }
},
{
  "model": "clinic.parish",
  "pk": 654,
  "fields": {
    "canton": 106,
    "name": "JIMBILLA"
  }
},
{
  "model": "clinic.parish",
  "pk": 655,
  "fields": {
    "canton": 106,
    "name": "MALACATOS (VALLADOLID)"
  }
},
{
  "model": "clinic.parish",
  "pk": 656,
  "fields": {
    "canton": 106,
    "name": "SAN LUCAS"
  }
},
{
  "model": "clinic.parish",
  "pk": 657,
  "fields": {
    "canton": 106,
    "name": "SAN PEDRO DE VILCABAMBA"
  }
},
{
  "model": "clinic.parish",
  "pk": 658,
  "fields": {
    "canton": 106,
    "name": "SANTIAGO"
  }
},
{
  "model": "clinic.parish",
  "pk": 659,
  "fields": {
    "canton": 106,
    "name": "TAQUIL (MIGUEL RIOFR\u00cdO)"
  }
},
{
  "model": "clinic.parish",
  "pk": 660,
  "fields": {
    "canton": 106,
    "name": "VILCABAMBA (VICTORIA)"
  }
},
{
  "model": "clinic.parish",
  "pk": 661,
  "fields": {
    "canton": 106,
    "name": "YANGANA (ARSENIO CASTILLO)"
  }
},
{
  "model": "clinic.parish",
  "pk": 662,
  "fields": {
    "canton": 106,
    "name": "QUINARA"
  }
},
{
  "model": "clinic.parish",
  "pk": 663,
  "fields": {
    "canton": 107,
    "name": "CARIAMANGA"
  }
},
{
  "model": "clinic.parish",
  "pk": 664,
  "fields": {
    "canton": 107,
    "name": "CHILE"
  }
},
{
  "model": "clinic.parish",
  "pk": 665,
  "fields": {
    "canton": 107,
    "name": "SAN VICENTE"
  }
},
{
  "model": "clinic.parish",
  "pk": 666,
  "fields": {
    "canton": 107,
    "name": "COLAISACA"
  }
},
{
  "model": "clinic.parish",
  "pk": 667,
  "fields": {
    "canton": 107,
    "name": "EL LUCERO"
  }
},
{
  "model": "clinic.parish",
  "pk": 668,
  "fields": {
    "canton": 107,
    "name": "UTUANA"
  }
},
{
  "model": "clinic.parish",
  "pk": 669,
  "fields": {
    "canton": 107,
    "name": "SANGUILL\u00cdN"
  }
},
{
  "model": "clinic.parish",
  "pk": 670,
  "fields": {
    "canton": 108,
    "name": "CATAMAYO"
  }
},
{
  "model": "clinic.parish",
  "pk": 671,
  "fields": {
    "canton": 108,
    "name": "SAN JOS\u00c9"
  }
},
{
  "model": "clinic.parish",
  "pk": 672,
  "fields": {
    "canton": 108,
    "name": "CATAMAYO (LA TOMA)"
  }
},
{
  "model": "clinic.parish",
  "pk": 673,
  "fields": {
    "canton": 108,
    "name": "EL TAMBO"
  }
},
{
  "model": "clinic.parish",
  "pk": 674,
  "fields": {
    "canton": 108,
    "name": "GUAYQUICHUMA"
  }
},
{
  "model": "clinic.parish",
  "pk": 675,
  "fields": {
    "canton": 108,
    "name": "SAN PEDRO DE LA BENDITA"
  }
},
{
  "model": "clinic.parish",
  "pk": 676,
  "fields": {
    "canton": 108,
    "name": "ZAMBI"
  }
},
{
  "model": "clinic.parish",
  "pk": 677,
  "fields": {
    "canton": 109,
    "name": "CELICA"
  }
},
{
  "model": "clinic.parish",
  "pk": 678,
  "fields": {
    "canton": 109,
    "name": "CRUZPAMBA (CAB. EN CARLOS BUSTAMANTE)"
  }
},
{
  "model": "clinic.parish",
  "pk": 679,
  "fields": {
    "canton": 109,
    "name": "CHAQUINAL"
  }
},
{
  "model": "clinic.parish",
  "pk": 680,
  "fields": {
    "canton": 109,
    "name": "12 DE DICIEMBRE (CAB. EN ACHIOTES)"
  }
},
{
  "model": "clinic.parish",
  "pk": 681,
  "fields": {
    "canton": 109,
    "name": "PINDAL (FEDERICO P\u00c1EZ)"
  }
},
{
  "model": "clinic.parish",
  "pk": 682,
  "fields": {
    "canton": 109,
    "name": "POZUL (SAN JUAN DE POZUL)"
  }
},
{
  "model": "clinic.parish",
  "pk": 683,
  "fields": {
    "canton": 109,
    "name": "SABANILLA"
  }
},
{
  "model": "clinic.parish",
  "pk": 684,
  "fields": {
    "canton": 109,
    "name": "TNTE. MAXIMILIANO RODR\u00cdGUEZ LOAIZA"
  }
},
{
  "model": "clinic.parish",
  "pk": 685,
  "fields": {
    "canton": 110,
    "name": "CHAGUARPAMBA"
  }
},
{
  "model": "clinic.parish",
  "pk": 686,
  "fields": {
    "canton": 110,
    "name": "BUENAVISTA"
  }
},
{
  "model": "clinic.parish",
  "pk": 687,
  "fields": {
    "canton": 110,
    "name": "EL ROSARIO"
  }
},
{
  "model": "clinic.parish",
  "pk": 688,
  "fields": {
    "canton": 110,
    "name": "SANTA RUFINA"
  }
},
{
  "model": "clinic.parish",
  "pk": 689,
  "fields": {
    "canton": 110,
    "name": "AMARILLOS"
  }
},
{
  "model": "clinic.parish",
  "pk": 690,
  "fields": {
    "canton": 111,
    "name": "AMALUZA"
  }
},
{
  "model": "clinic.parish",
  "pk": 691,
  "fields": {
    "canton": 111,
    "name": "BELLAVISTA"
  }
},
{
  "model": "clinic.parish",
  "pk": 692,
  "fields": {
    "canton": 111,
    "name": "JIMBURA"
  }
},
{
  "model": "clinic.parish",
  "pk": 693,
  "fields": {
    "canton": 111,
    "name": "SANTA TERESITA"
  }
},
{
  "model": "clinic.parish",
  "pk": 694,
  "fields": {
    "canton": 111,
    "name": "27 DE ABRIL (CAB. EN LA NARANJA)"
  }
},
{
  "model": "clinic.parish",
  "pk": 695,
  "fields": {
    "canton": 111,
    "name": "EL INGENIO"
  }
},
{
  "model": "clinic.parish",
  "pk": 696,
  "fields": {
    "canton": 111,
    "name": "EL AIRO"
  }
},
{
  "model": "clinic.parish",
  "pk": 697,
  "fields": {
    "canton": 112,
    "name": "GONZANAM\u00c1"
  }
},
{
  "model": "clinic.parish",
  "pk": 698,
  "fields": {
    "canton": 112,
    "name": "CHANGAIMINA (LA LIBERTAD)"
  }
},
{
  "model": "clinic.parish",
  "pk": 699,
  "fields": {
    "canton": 112,
    "name": "FUNDOCHAMBA"
  }
},
{
  "model": "clinic.parish",
  "pk": 700,
  "fields": {
    "canton": 112,
    "name": "NAMBACOLA"
  }
},
{
  "model": "clinic.parish",
  "pk": 701,
  "fields": {
    "canton": 112,
    "name": "PURUNUMA (EGUIGUREN)"
  }
},
{
  "model": "clinic.parish",
  "pk": 702,
  "fields": {
    "canton": 112,
    "name": "QUILANGA (LA PAZ)"
  }
},
{
  "model": "clinic.parish",
  "pk": 703,
  "fields": {
    "canton": 112,
    "name": "SACAPALCA"
  }
},
{
  "model": "clinic.parish",
  "pk": 704,
  "fields": {
    "canton": 112,
    "name": "SAN ANTONIO DE LAS ARADAS (CAB. EN LAS ARADAS)"
  }
},
{
  "model": "clinic.parish",
  "pk": 705,
  "fields": {
    "canton": 113,
    "name": "GENERAL ELOY ALFARO (SAN SEBASTI\u00c1N)"
  }
},
{
  "model": "clinic.parish",
  "pk": 706,
  "fields": {
    "canton": 113,
    "name": "MACAR\u00c1 (MANUEL ENRIQUE RENGEL SUQUILANDA)"
  }
},
{
  "model": "clinic.parish",
  "pk": 707,
  "fields": {
    "canton": 113,
    "name": "MACAR\u00c1"
  }
},
{
  "model": "clinic.parish",
  "pk": 708,
  "fields": {
    "canton": 113,
    "name": "LARAMA"
  }
},
{
  "model": "clinic.parish",
  "pk": 709,
  "fields": {
    "canton": 113,
    "name": "LA VICTORIA"
  }
},
{
  "model": "clinic.parish",
  "pk": 710,
  "fields": {
    "canton": 113,
    "name": "SABIANGO (LA CAPILLA)"
  }
},
{
  "model": "clinic.parish",
  "pk": 711,
  "fields": {
    "canton": 114,
    "name": "CATACOCHA"
  }
},
{
  "model": "clinic.parish",
  "pk": 712,
  "fields": {
    "canton": 114,
    "name": "LOURDES"
  }
},
{
  "model": "clinic.parish",
  "pk": 713,
  "fields": {
    "canton": 114,
    "name": "CANGONAM\u00c1"
  }
},
{
  "model": "clinic.parish",
  "pk": 714,
  "fields": {
    "canton": 114,
    "name": "GUACHANAM\u00c1"
  }
},
{
  "model": "clinic.parish",
  "pk": 715,
  "fields": {
    "canton": 114,
    "name": "LA TINGUE"
  }
},
{
  "model": "clinic.parish",
  "pk": 716,
  "fields": {
    "canton": 114,
    "name": "LAURO GUERRERO"
  }
},
{
  "model": "clinic.parish",
  "pk": 717,
  "fields": {
    "canton": 114,
    "name": "OLMEDO (SANTA B\u00c1RBARA)"
  }
},
{
  "model": "clinic.parish",
  "pk": 718,
  "fields": {
    "canton": 114,
    "name": "ORIANGA"
  }
},
{
  "model": "clinic.parish",
  "pk": 719,
  "fields": {
    "canton": 114,
    "name": "SAN ANTONIO"
  }
},
{
  "model": "clinic.parish",
  "pk": 720,
  "fields": {
    "canton": 114,
    "name": "CASANGA"
  }
},
{
  "model": "clinic.parish",
  "pk": 721,
  "fields": {
    "canton": 114,
    "name": "YAMANA"
  }
},
{
  "model": "clinic.parish",
  "pk": 722,
  "fields": {
    "canton": 115,
    "name": "ALAMOR"
  }
},
{
  "model": "clinic.parish",
  "pk": 723,
  "fields": {
    "canton": 115,
    "name": "CIANO"
  }
},
{
  "model": "clinic.parish",
  "pk": 724,
  "fields": {
    "canton": 115,
    "name": "EL ARENAL"
  }
},
{
  "model": "clinic.parish",
  "pk": 725,
  "fields": {
    "canton": 115,
    "name": "EL LIMO (MARIANA DE JES\u00daS)"
  }
},
{
  "model": "clinic.parish",
  "pk": 726,
  "fields": {
    "canton": 115,
    "name": "MERCADILLO"
  }
},
{
  "model": "clinic.parish",
  "pk": 727,
  "fields": {
    "canton": 115,
    "name": "VICENTINO"
  }
},
{
  "model": "clinic.parish",
  "pk": 728,
  "fields": {
    "canton": 116,
    "name": "SARAGURO"
  }
},
{
  "model": "clinic.parish",
  "pk": 729,
  "fields": {
    "canton": 116,
    "name": "EL PARA\u00cdSO DE CEL\u00c9N"
  }
},
{
  "model": "clinic.parish",
  "pk": 730,
  "fields": {
    "canton": 116,
    "name": "EL TABL\u00d3N"
  }
},
{
  "model": "clinic.parish",
  "pk": 731,
  "fields": {
    "canton": 116,
    "name": "LLUZHAPA"
  }
},
{
  "model": "clinic.parish",
  "pk": 732,
  "fields": {
    "canton": 116,
    "name": "MAN\u00da"
  }
},
{
  "model": "clinic.parish",
  "pk": 733,
  "fields": {
    "canton": 116,
    "name": "SAN ANTONIO DE QUMBE (CUMBE)"
  }
},
{
  "model": "clinic.parish",
  "pk": 734,
  "fields": {
    "canton": 116,
    "name": "SAN PABLO DE TENTA"
  }
},
{
  "model": "clinic.parish",
  "pk": 735,
  "fields": {
    "canton": 116,
    "name": "SAN SEBASTI\u00c1N DE Y\u00daLUC"
  }
},
{
  "model": "clinic.parish",
  "pk": 736,
  "fields": {
    "canton": 116,
    "name": "SELVA ALEGRE"
  }
},
{
  "model": "clinic.parish",
  "pk": 737,
  "fields": {
    "canton": 116,
    "name": "URDANETA (PAQUISHAPA)"
  }
},
{
  "model": "clinic.parish",
  "pk": 738,
  "fields": {
    "canton": 116,
    "name": "SUMAYPAMBA"
  }
},
{
  "model": "clinic.parish",
  "pk": 739,
  "fields": {
    "canton": 117,
    "name": "SOZORANGA"
  }
},
{
  "model": "clinic.parish",
  "pk": 740,
  "fields": {
    "canton": 117,
    "name": "NUEVA F\u00c1TIMA"
  }
},
{
  "model": "clinic.parish",
  "pk": 741,
  "fields": {
    "canton": 117,
    "name": "TACAMOROS"
  }
},
{
  "model": "clinic.parish",
  "pk": 742,
  "fields": {
    "canton": 118,
    "name": "ZAPOTILLO"
  }
},
{
  "model": "clinic.parish",
  "pk": 743,
  "fields": {
    "canton": 118,
    "name": "MANGAHURCO (CAZADEROS)"
  }
},
{
  "model": "clinic.parish",
  "pk": 744,
  "fields": {
    "canton": 118,
    "name": "GARZAREAL"
  }
},
{
  "model": "clinic.parish",
  "pk": 745,
  "fields": {
    "canton": 118,
    "name": "LIMONES"
  }
},
{
  "model": "clinic.parish",
  "pk": 746,
  "fields": {
    "canton": 118,
    "name": "PALETILLAS"
  }
},
{
  "model": "clinic.parish",
  "pk": 747,
  "fields": {
    "canton": 118,
    "name": "BOLASPAMBA"
  }
},
{
  "model": "clinic.parish",
  "pk": 748,
  "fields": {
    "canton": 119,
    "name": "PINDAL"
  }
},
{
  "model": "clinic.parish",
  "pk": 749,
  "fields": {
    "canton": 119,
    "name": "CHAQUINAL"
  }
},
{
  "model": "clinic.parish",
  "pk": 750,
  "fields": {
    "canton": 119,
    "name": "12 DE DICIEMBRE (CAB.EN ACHIOTES)"
  }
},
{
  "model": "clinic.parish",
  "pk": 751,
  "fields": {
    "canton": 119,
    "name": "MILAGROS"
  }
},
{
  "model": "clinic.parish",
  "pk": 752,
  "fields": {
    "canton": 120,
    "name": "QUILANGA"
  }
},
{
  "model": "clinic.parish",
  "pk": 753,
  "fields": {
    "canton": 120,
    "name": "FUNDOCHAMBA"
  }
},
{
  "model": "clinic.parish",
  "pk": 754,
  "fields": {
    "canton": 120,
    "name": "SAN ANTONIO DE LAS ARADAS (CAB. EN LAS ARADAS)"
  }
},
{
  "model": "clinic.parish",
  "pk": 755,
  "fields": {
    "canton": 121,
    "name": "OLMEDO"
  }
},
{
  "model": "clinic.parish",
  "pk": 756,
  "fields": {
    "canton": 121,
    "name": "LA TINGUE"
  }
},
{
  "model": "clinic.parish",
  "pk": 757,
  "fields": {
    "canton": 122,
    "name": "CLEMENTE BAQUERIZO"
  }
},
{
  "model": "clinic.parish",
  "pk": 758,
  "fields": {
    "canton": 122,
    "name": "DR. CAMILO PONCE"
  }
},
{
  "model": "clinic.parish",
  "pk": 759,
  "fields": {
    "canton": 122,
    "name": "BARREIRO"
  }
},
{
  "model": "clinic.parish",
  "pk": 760,
  "fields": {
    "canton": 122,
    "name": "EL SALTO"
  }
},
{
  "model": "clinic.parish",
  "pk": 761,
  "fields": {
    "canton": 122,
    "name": "BABAHOYO"
  }
},
{
  "model": "clinic.parish",
  "pk": 762,
  "fields": {
    "canton": 122,
    "name": "BARREIRO (SANTA RITA)"
  }
},
{
  "model": "clinic.parish",
  "pk": 763,
  "fields": {
    "canton": 122,
    "name": "CARACOL"
  }
},
{
  "model": "clinic.parish",
  "pk": 764,
  "fields": {
    "canton": 122,
    "name": "FEBRES CORDERO (LAS JUNTAS)"
  }
},
{
  "model": "clinic.parish",
  "pk": 765,
  "fields": {
    "canton": 122,
    "name": "PIMOCHA"
  }
},
{
  "model": "clinic.parish",
  "pk": 766,
  "fields": {
    "canton": 122,
    "name": "LA UNI\u00d3N"
  }
},
{
  "model": "clinic.parish",
  "pk": 767,
  "fields": {
    "canton": 123,
    "name": "BABA"
  }
},
{
  "model": "clinic.parish",
  "pk": 768,
  "fields": {
    "canton": 123,
    "name": "GUARE"
  }
},
{
  "model": "clinic.parish",
  "pk": 769,
  "fields": {
    "canton": 123,
    "name": "ISLA DE BEJUCAL"
  }
},
{
  "model": "clinic.parish",
  "pk": 770,
  "fields": {
    "canton": 124,
    "name": "MONTALVO"
  }
},
{
  "model": "clinic.parish",
  "pk": 771,
  "fields": {
    "canton": 125,
    "name": "PUEBLOVIEJO"
  }
},
{
  "model": "clinic.parish",
  "pk": 772,
  "fields": {
    "canton": 125,
    "name": "PUERTO PECHICHE"
  }
},
{
  "model": "clinic.parish",
  "pk": 773,
  "fields": {
    "canton": 125,
    "name": "SAN JUAN"
  }
},
{
  "model": "clinic.parish",
  "pk": 774,
  "fields": {
    "canton": 126,
    "name": "QUEVEDO"
  }
},
{
  "model": "clinic.parish",
  "pk": 775,
  "fields": {
    "canton": 126,
    "name": "SAN CAMILO"
  }
},
{
  "model": "clinic.parish",
  "pk": 776,
  "fields": {
    "canton": 126,
    "name": "SAN JOS\u00c9"
  }
},
{
  "model": "clinic.parish",
  "pk": 777,
  "fields": {
    "canton": 126,
    "name": "GUAYAC\u00c1N"
  }
},
{
  "model": "clinic.parish",
  "pk": 778,
  "fields": {
    "canton": 126,
    "name": "NICOL\u00c1S INFANTE D\u00cdAZ"
  }
},
{
  "model": "clinic.parish",
  "pk": 779,
  "fields": {
    "canton": 126,
    "name": "SAN CRIST\u00d3BAL"
  }
},
{
  "model": "clinic.parish",
  "pk": 780,
  "fields": {
    "canton": 126,
    "name": "SIETE DE OCTUBRE"
  }
},
{
  "model": "clinic.parish",
  "pk": 781,
  "fields": {
    "canton": 126,
    "name": "24 DE MAYO"
  }
},
{
  "model": "clinic.parish",
  "pk": 782,
  "fields": {
    "canton": 126,
    "name": "VENUS DEL R\u00cdO QUEVEDO"
  }
},
{
  "model": "clinic.parish",
  "pk": 783,
  "fields": {
    "canton": 126,
    "name": "VIVA ALFARO"
  }
},
{
  "model": "clinic.parish",
  "pk": 784,
  "fields": {
    "canton": 126,
    "name": "BUENA F\u00c9"
  }
},
{
  "model": "clinic.parish",
  "pk": 785,
  "fields": {
    "canton": 126,
    "name": "MOCACHE"
  }
},
{
  "model": "clinic.parish",
  "pk": 786,
  "fields": {
    "canton": 126,
    "name": "SAN CARLOS"
  }
},
{
  "model": "clinic.parish",
  "pk": 787,
  "fields": {
    "canton": 126,
    "name": "VALENCIA"
  }
},
{
  "model": "clinic.parish",
  "pk": 788,
  "fields": {
    "canton": 126,
    "name": "LA ESPERANZA"
  }
},
{
  "model": "clinic.parish",
  "pk": 789,
  "fields": {
    "canton": 127,
    "name": "CATARAMA"
  }
},
{
  "model": "clinic.parish",
  "pk": 790,
  "fields": {
    "canton": 127,
    "name": "RICAURTE"
  }
},
{
  "model": "clinic.parish",
  "pk": 791,
  "fields": {
    "canton": 128,
    "name": "10 DE NOVIEMBRE"
  }
},
{
  "model": "clinic.parish",
  "pk": 792,
  "fields": {
    "canton": 128,
    "name": "VENTANAS"
  }
},
{
  "model": "clinic.parish",
  "pk": 793,
  "fields": {
    "canton": 128,
    "name": "QUINSALOMA"
  }
},
{
  "model": "clinic.parish",
  "pk": 794,
  "fields": {
    "canton": 128,
    "name": "ZAPOTAL"
  }
},
{
  "model": "clinic.parish",
  "pk": 795,
  "fields": {
    "canton": 128,
    "name": "CHACARITA"
  }
},
{
  "model": "clinic.parish",
  "pk": 796,
  "fields": {
    "canton": 128,
    "name": "LOS \u00c1NGELES"
  }
},
{
  "model": "clinic.parish",
  "pk": 797,
  "fields": {
    "canton": 129,
    "name": "VINCES"
  }
},
{
  "model": "clinic.parish",
  "pk": 798,
  "fields": {
    "canton": 129,
    "name": "ANTONIO SOTOMAYOR (CAB. EN PLAYAS DE VINCES)"
  }
},
{
  "model": "clinic.parish",
  "pk": 799,
  "fields": {
    "canton": 129,
    "name": "PALENQUE"
  }
},
{
  "model": "clinic.parish",
  "pk": 800,
  "fields": {
    "canton": 130,
    "name": "PALENQUE"
  }
},
{
  "model": "clinic.parish",
  "pk": 801,
  "fields": {
    "canton": 131,
    "name": "SAN JACINTO DE BUENA F\u00c9"
  }
},
{
  "model": "clinic.parish",
  "pk": 802,
  "fields": {
    "canton": 131,
    "name": "7 DE AGOSTO"
  }
},
{
  "model": "clinic.parish",
  "pk": 803,
  "fields": {
    "canton": 131,
    "name": "11 DE OCTUBRE"
  }
},
{
  "model": "clinic.parish",
  "pk": 804,
  "fields": {
    "canton": 131,
    "name": "PATRICIA PILAR"
  }
},
{
  "model": "clinic.parish",
  "pk": 805,
  "fields": {
    "canton": 132,
    "name": "VALENCIA"
  }
},
{
  "model": "clinic.parish",
  "pk": 806,
  "fields": {
    "canton": 133,
    "name": "MOCACHE"
  }
},
{
  "model": "clinic.parish",
  "pk": 807,
  "fields": {
    "canton": 134,
    "name": "QUINSALOMA"
  }
},
{
  "model": "clinic.parish",
  "pk": 808,
  "fields": {
    "canton": 135,
    "name": "PORTOVIEJO"
  }
},
{
  "model": "clinic.parish",
  "pk": 809,
  "fields": {
    "canton": 135,
    "name": "12 DE MARZO"
  }
},
{
  "model": "clinic.parish",
  "pk": 810,
  "fields": {
    "canton": 135,
    "name": "COL\u00d3N"
  }
},
{
  "model": "clinic.parish",
  "pk": 811,
  "fields": {
    "canton": 135,
    "name": "PICOAZ\u00c1"
  }
},
{
  "model": "clinic.parish",
  "pk": 812,
  "fields": {
    "canton": 135,
    "name": "SAN PABLO"
  }
},
{
  "model": "clinic.parish",
  "pk": 813,
  "fields": {
    "canton": 135,
    "name": "ANDR\u00c9S DE VERA"
  }
},
{
  "model": "clinic.parish",
  "pk": 814,
  "fields": {
    "canton": 135,
    "name": "FRANCISCO PACHECO"
  }
},
{
  "model": "clinic.parish",
  "pk": 815,
  "fields": {
    "canton": 135,
    "name": "18 DE OCTUBRE"
  }
},
{
  "model": "clinic.parish",
  "pk": 816,
  "fields": {
    "canton": 135,
    "name": "SIM\u00d3N BOL\u00cdVAR"
  }
},
{
  "model": "clinic.parish",
  "pk": 817,
  "fields": {
    "canton": 135,
    "name": "ABD\u00d3N CALDER\u00d3N (SAN FRANCISCO)"
  }
},
{
  "model": "clinic.parish",
  "pk": 818,
  "fields": {
    "canton": 135,
    "name": "ALHAJUELA (BAJO GRANDE)"
  }
},
{
  "model": "clinic.parish",
  "pk": 819,
  "fields": {
    "canton": 135,
    "name": "CRUCITA"
  }
},
{
  "model": "clinic.parish",
  "pk": 820,
  "fields": {
    "canton": 135,
    "name": "PUEBLO NUEVO"
  }
},
{
  "model": "clinic.parish",
  "pk": 821,
  "fields": {
    "canton": 135,
    "name": "RIOCHICO (R\u00cdO CHICO)"
  }
},
{
  "model": "clinic.parish",
  "pk": 822,
  "fields": {
    "canton": 135,
    "name": "SAN PL\u00c1CIDO"
  }
},
{
  "model": "clinic.parish",
  "pk": 823,
  "fields": {
    "canton": 135,
    "name": "CHIRIJOS"
  }
},
{
  "model": "clinic.parish",
  "pk": 824,
  "fields": {
    "canton": 136,
    "name": "CALCETA"
  }
},
{
  "model": "clinic.parish",
  "pk": 825,
  "fields": {
    "canton": 136,
    "name": "MEMBRILLO"
  }
},
{
  "model": "clinic.parish",
  "pk": 826,
  "fields": {
    "canton": 136,
    "name": "QUIROGA"
  }
},
{
  "model": "clinic.parish",
  "pk": 827,
  "fields": {
    "canton": 137,
    "name": "CHONE"
  }
},
{
  "model": "clinic.parish",
  "pk": 828,
  "fields": {
    "canton": 137,
    "name": "SANTA RITA"
  }
},
{
  "model": "clinic.parish",
  "pk": 829,
  "fields": {
    "canton": 137,
    "name": "BOYAC\u00c1"
  }
},
{
  "model": "clinic.parish",
  "pk": 830,
  "fields": {
    "canton": 137,
    "name": "CANUTO"
  }
},
{
  "model": "clinic.parish",
  "pk": 831,
  "fields": {
    "canton": 137,
    "name": "CONVENTO"
  }
},
{
  "model": "clinic.parish",
  "pk": 832,
  "fields": {
    "canton": 137,
    "name": "CHIBUNGA"
  }
},
{
  "model": "clinic.parish",
  "pk": 833,
  "fields": {
    "canton": 137,
    "name": "ELOY ALFARO"
  }
},
{
  "model": "clinic.parish",
  "pk": 834,
  "fields": {
    "canton": 137,
    "name": "RICAURTE"
  }
},
{
  "model": "clinic.parish",
  "pk": 835,
  "fields": {
    "canton": 137,
    "name": "SAN ANTONIO"
  }
},
{
  "model": "clinic.parish",
  "pk": 836,
  "fields": {
    "canton": 138,
    "name": "EL CARMEN"
  }
},
{
  "model": "clinic.parish",
  "pk": 837,
  "fields": {
    "canton": 138,
    "name": "4 DE DICIEMBRE"
  }
},
{
  "model": "clinic.parish",
  "pk": 838,
  "fields": {
    "canton": 138,
    "name": "WILFRIDO LOOR MOREIRA (MAICITO)"
  }
},
{
  "model": "clinic.parish",
  "pk": 839,
  "fields": {
    "canton": 138,
    "name": "SAN PEDRO DE SUMA"
  }
},
{
  "model": "clinic.parish",
  "pk": 840,
  "fields": {
    "canton": 139,
    "name": "FLAVIO ALFARO"
  }
},
{
  "model": "clinic.parish",
  "pk": 841,
  "fields": {
    "canton": 139,
    "name": "SAN FRANCISCO DE NOVILLO (CAB. EN"
  }
},
{
  "model": "clinic.parish",
  "pk": 842,
  "fields": {
    "canton": 139,
    "name": "ZAPALLO"
  }
},
{
  "model": "clinic.parish",
  "pk": 843,
  "fields": {
    "canton": 140,
    "name": "DR. MIGUEL MOR\u00c1N LUCIO"
  }
},
{
  "model": "clinic.parish",
  "pk": 844,
  "fields": {
    "canton": 140,
    "name": "MANUEL INOCENCIO PARRALES Y GUALE"
  }
},
{
  "model": "clinic.parish",
  "pk": 845,
  "fields": {
    "canton": 140,
    "name": "SAN LORENZO DE JIPIJAPA"
  }
},
{
  "model": "clinic.parish",
  "pk": 846,
  "fields": {
    "canton": 140,
    "name": "JIPIJAPA"
  }
},
{
  "model": "clinic.parish",
  "pk": 847,
  "fields": {
    "canton": 140,
    "name": "AM\u00c9RICA"
  }
},
{
  "model": "clinic.parish",
  "pk": 848,
  "fields": {
    "canton": 140,
    "name": "EL ANEGADO (CAB. EN ELOY ALFARO)"
  }
},
{
  "model": "clinic.parish",
  "pk": 849,
  "fields": {
    "canton": 140,
    "name": "JULCUY"
  }
},
{
  "model": "clinic.parish",
  "pk": 850,
  "fields": {
    "canton": 140,
    "name": "LA UNI\u00d3N"
  }
},
{
  "model": "clinic.parish",
  "pk": 851,
  "fields": {
    "canton": 140,
    "name": "MACHALILLA"
  }
},
{
  "model": "clinic.parish",
  "pk": 852,
  "fields": {
    "canton": 140,
    "name": "MEMBRILLAL"
  }
},
{
  "model": "clinic.parish",
  "pk": 853,
  "fields": {
    "canton": 140,
    "name": "PEDRO PABLO G\u00d3MEZ"
  }
},
{
  "model": "clinic.parish",
  "pk": 854,
  "fields": {
    "canton": 140,
    "name": "PUERTO DE CAYO"
  }
},
{
  "model": "clinic.parish",
  "pk": 855,
  "fields": {
    "canton": 140,
    "name": "PUERTO L\u00d3PEZ"
  }
},
{
  "model": "clinic.parish",
  "pk": 856,
  "fields": {
    "canton": 141,
    "name": "JUN\u00cdN"
  }
},
{
  "model": "clinic.parish",
  "pk": 857,
  "fields": {
    "canton": 142,
    "name": "LOS ESTEROS"
  }
},
{
  "model": "clinic.parish",
  "pk": 858,
  "fields": {
    "canton": 142,
    "name": "MANTA"
  }
},
{
  "model": "clinic.parish",
  "pk": 859,
  "fields": {
    "canton": 142,
    "name": "SAN MATEO"
  }
},
{
  "model": "clinic.parish",
  "pk": 860,
  "fields": {
    "canton": 142,
    "name": "TARQUI"
  }
},
{
  "model": "clinic.parish",
  "pk": 861,
  "fields": {
    "canton": 142,
    "name": "ELOY ALFARO"
  }
},
{
  "model": "clinic.parish",
  "pk": 862,
  "fields": {
    "canton": 142,
    "name": "SAN LORENZO"
  }
},
{
  "model": "clinic.parish",
  "pk": 863,
  "fields": {
    "canton": 142,
    "name": "SANTA MARIANITA (BOCA DE PACOCHE)"
  }
},
{
  "model": "clinic.parish",
  "pk": 864,
  "fields": {
    "canton": 143,
    "name": "ANIBAL SAN ANDR\u00c9S"
  }
},
{
  "model": "clinic.parish",
  "pk": 865,
  "fields": {
    "canton": 143,
    "name": "MONTECRISTI"
  }
},
{
  "model": "clinic.parish",
  "pk": 866,
  "fields": {
    "canton": 143,
    "name": "EL COLORADO"
  }
},
{
  "model": "clinic.parish",
  "pk": 867,
  "fields": {
    "canton": 143,
    "name": "GENERAL ELOY ALFARO"
  }
},
{
  "model": "clinic.parish",
  "pk": 868,
  "fields": {
    "canton": 143,
    "name": "LEONIDAS PROA\u00d1O"
  }
},
{
  "model": "clinic.parish",
  "pk": 869,
  "fields": {
    "canton": 143,
    "name": "JARAMIJ\u00d3"
  }
},
{
  "model": "clinic.parish",
  "pk": 870,
  "fields": {
    "canton": 143,
    "name": "LA PILA"
  }
},
{
  "model": "clinic.parish",
  "pk": 871,
  "fields": {
    "canton": 144,
    "name": "PAJ\u00c1N"
  }
},
{
  "model": "clinic.parish",
  "pk": 872,
  "fields": {
    "canton": 144,
    "name": "CAMPOZANO (LA PALMA DE PAJ\u00c1N)"
  }
},
{
  "model": "clinic.parish",
  "pk": 873,
  "fields": {
    "canton": 144,
    "name": "CASCOL"
  }
},
{
  "model": "clinic.parish",
  "pk": 874,
  "fields": {
    "canton": 144,
    "name": "GUALE"
  }
},
{
  "model": "clinic.parish",
  "pk": 875,
  "fields": {
    "canton": 144,
    "name": "LASCANO"
  }
},
{
  "model": "clinic.parish",
  "pk": 876,
  "fields": {
    "canton": 145,
    "name": "PICHINCHA"
  }
},
{
  "model": "clinic.parish",
  "pk": 877,
  "fields": {
    "canton": 145,
    "name": "BARRAGANETE"
  }
},
{
  "model": "clinic.parish",
  "pk": 878,
  "fields": {
    "canton": 145,
    "name": "SAN SEBASTI\u00c1N"
  }
},
{
  "model": "clinic.parish",
  "pk": 879,
  "fields": {
    "canton": 146,
    "name": "ROCAFUERTE"
  }
},
{
  "model": "clinic.parish",
  "pk": 880,
  "fields": {
    "canton": 147,
    "name": "SANTA ANA"
  }
},
{
  "model": "clinic.parish",
  "pk": 881,
  "fields": {
    "canton": 147,
    "name": "LODANA"
  }
},
{
  "model": "clinic.parish",
  "pk": 882,
  "fields": {
    "canton": 147,
    "name": "SANTA ANA DE VUELTA LARGA"
  }
},
{
  "model": "clinic.parish",
  "pk": 883,
  "fields": {
    "canton": 147,
    "name": "AYACUCHO"
  }
},
{
  "model": "clinic.parish",
  "pk": 884,
  "fields": {
    "canton": 147,
    "name": "HONORATO V\u00c1SQUEZ (CAB. EN V\u00c1SQUEZ)"
  }
},
{
  "model": "clinic.parish",
  "pk": 885,
  "fields": {
    "canton": 147,
    "name": "LA UNI\u00d3N"
  }
},
{
  "model": "clinic.parish",
  "pk": 886,
  "fields": {
    "canton": 147,
    "name": "OLMEDO"
  }
},
{
  "model": "clinic.parish",
  "pk": 887,
  "fields": {
    "canton": 147,
    "name": "SAN PABLO (CAB. EN PUEBLO NUEVO)"
  }
},
{
  "model": "clinic.parish",
  "pk": 888,
  "fields": {
    "canton": 148,
    "name": "BAH\u00cdA DE CAR\u00c1QUEZ"
  }
},
{
  "model": "clinic.parish",
  "pk": 889,
  "fields": {
    "canton": 148,
    "name": "LEONIDAS PLAZA GUTI\u00c9RREZ"
  }
},
{
  "model": "clinic.parish",
  "pk": 890,
  "fields": {
    "canton": 148,
    "name": "CANOA"
  }
},
{
  "model": "clinic.parish",
  "pk": 891,
  "fields": {
    "canton": 148,
    "name": "COJIM\u00cdES"
  }
},
{
  "model": "clinic.parish",
  "pk": 892,
  "fields": {
    "canton": 148,
    "name": "CHARAPOT\u00d3"
  }
},
{
  "model": "clinic.parish",
  "pk": 893,
  "fields": {
    "canton": 148,
    "name": "10 DE AGOSTO"
  }
},
{
  "model": "clinic.parish",
  "pk": 894,
  "fields": {
    "canton": 148,
    "name": "JAMA"
  }
},
{
  "model": "clinic.parish",
  "pk": 895,
  "fields": {
    "canton": 148,
    "name": "PEDERNALES"
  }
},
{
  "model": "clinic.parish",
  "pk": 896,
  "fields": {
    "canton": 148,
    "name": "SAN ISIDRO"
  }
},
{
  "model": "clinic.parish",
  "pk": 897,
  "fields": {
    "canton": 148,
    "name": "SAN VICENTE"
  }
},
{
  "model": "clinic.parish",
  "pk": 898,
  "fields": {
    "canton": 149,
    "name": "TOSAGUA"
  }
},
{
  "model": "clinic.parish",
  "pk": 899,
  "fields": {
    "canton": 149,
    "name": "BACHILLERO"
  }
},
{
  "model": "clinic.parish",
  "pk": 900,
  "fields": {
    "canton": 149,
    "name": "ANGEL PEDRO GILER (LA ESTANCILLA)"
  }
},
{
  "model": "clinic.parish",
  "pk": 901,
  "fields": {
    "canton": 150,
    "name": "SUCRE"
  }
},
{
  "model": "clinic.parish",
  "pk": 902,
  "fields": {
    "canton": 150,
    "name": "BELLAVISTA"
  }
},
{
  "model": "clinic.parish",
  "pk": 903,
  "fields": {
    "canton": 150,
    "name": "NOBOA"
  }
},
{
  "model": "clinic.parish",
  "pk": 904,
  "fields": {
    "canton": 150,
    "name": "ARQ. SIXTO DUR\u00c1N BALL\u00c9N"
  }
},
{
  "model": "clinic.parish",
  "pk": 905,
  "fields": {
    "canton": 151,
    "name": "PEDERNALES"
  }
},
{
  "model": "clinic.parish",
  "pk": 906,
  "fields": {
    "canton": 151,
    "name": "COJIM\u00cdES"
  }
},
{
  "model": "clinic.parish",
  "pk": 907,
  "fields": {
    "canton": 151,
    "name": "10 DE AGOSTO"
  }
},
{
  "model": "clinic.parish",
  "pk": 908,
  "fields": {
    "canton": 151,
    "name": "ATAHUALPA"
  }
},
{
  "model": "clinic.parish",
  "pk": 909,
  "fields": {
    "canton": 152,
    "name": "OLMEDO"
  }
},
{
  "model": "clinic.parish",
  "pk": 910,
  "fields": {
    "canton": 153,
    "name": "PUERTO L\u00d3PEZ"
  }
},
{
  "model": "clinic.parish",
  "pk": 911,
  "fields": {
    "canton": 153,
    "name": "MACHALILLA"
  }
},
{
  "model": "clinic.parish",
  "pk": 912,
  "fields": {
    "canton": 153,
    "name": "SALANGO"
  }
},
{
  "model": "clinic.parish",
  "pk": 913,
  "fields": {
    "canton": 154,
    "name": "JAMA"
  }
},
{
  "model": "clinic.parish",
  "pk": 914,
  "fields": {
    "canton": 155,
    "name": "JARAMIJ\u00d3"
  }
},
{
  "model": "clinic.parish",
  "pk": 915,
  "fields": {
    "canton": 156,
    "name": "SAN VICENTE"
  }
},
{
  "model": "clinic.parish",
  "pk": 916,
  "fields": {
    "canton": 156,
    "name": "CANOA"
  }
},
{
  "model": "clinic.parish",
  "pk": 917,
  "fields": {
    "canton": 157,
    "name": "MACAS"
  }
},
{
  "model": "clinic.parish",
  "pk": 918,
  "fields": {
    "canton": 157,
    "name": "ALSHI (CAB. EN 9 DE OCTUBRE)"
  }
},
{
  "model": "clinic.parish",
  "pk": 919,
  "fields": {
    "canton": 157,
    "name": "CHIGUAZA"
  }
},
{
  "model": "clinic.parish",
  "pk": 920,
  "fields": {
    "canton": 157,
    "name": "GENERAL PROA\u00d1O"
  }
},
{
  "model": "clinic.parish",
  "pk": 921,
  "fields": {
    "canton": 157,
    "name": "HUASAGA (CAB.EN WAMPUIK)"
  }
},
{
  "model": "clinic.parish",
  "pk": 922,
  "fields": {
    "canton": 157,
    "name": "MACUMA"
  }
},
{
  "model": "clinic.parish",
  "pk": 923,
  "fields": {
    "canton": 157,
    "name": "SAN ISIDRO"
  }
},
{
  "model": "clinic.parish",
  "pk": 924,
  "fields": {
    "canton": 157,
    "name": "SEVILLA DON BOSCO"
  }
},
{
  "model": "clinic.parish",
  "pk": 925,
  "fields": {
    "canton": 157,
    "name": "SINA\u00cd"
  }
},
{
  "model": "clinic.parish",
  "pk": 926,
  "fields": {
    "canton": 157,
    "name": "TAISHA"
  }
},
{
  "model": "clinic.parish",
  "pk": 927,
  "fields": {
    "canton": 157,
    "name": "ZU\u00d1A (Z\u00da\u00d1AC)"
  }
},
{
  "model": "clinic.parish",
  "pk": 928,
  "fields": {
    "canton": 157,
    "name": "TUUTINENTZA"
  }
},
{
  "model": "clinic.parish",
  "pk": 929,
  "fields": {
    "canton": 157,
    "name": "CUCHAENTZA"
  }
},
{
  "model": "clinic.parish",
  "pk": 930,
  "fields": {
    "canton": 157,
    "name": "SAN JOS\u00c9 DE MORONA"
  }
},
{
  "model": "clinic.parish",
  "pk": 931,
  "fields": {
    "canton": 157,
    "name": "R\u00cdO BLANCO"
  }
},
{
  "model": "clinic.parish",
  "pk": 932,
  "fields": {
    "canton": 158,
    "name": "GUALAQUIZA"
  }
},
{
  "model": "clinic.parish",
  "pk": 933,
  "fields": {
    "canton": 158,
    "name": "MERCEDES MOLINA"
  }
},
{
  "model": "clinic.parish",
  "pk": 934,
  "fields": {
    "canton": 158,
    "name": "AMAZONAS (ROSARIO DE CUYES)"
  }
},
{
  "model": "clinic.parish",
  "pk": 935,
  "fields": {
    "canton": 158,
    "name": "BERMEJOS"
  }
},
{
  "model": "clinic.parish",
  "pk": 936,
  "fields": {
    "canton": 158,
    "name": "BOMBOIZA"
  }
},
{
  "model": "clinic.parish",
  "pk": 937,
  "fields": {
    "canton": 158,
    "name": "CHIG\u00dcINDA"
  }
},
{
  "model": "clinic.parish",
  "pk": 938,
  "fields": {
    "canton": 158,
    "name": "EL ROSARIO"
  }
},
{
  "model": "clinic.parish",
  "pk": 939,
  "fields": {
    "canton": 158,
    "name": "NUEVA TARQUI"
  }
},
{
  "model": "clinic.parish",
  "pk": 940,
  "fields": {
    "canton": 158,
    "name": "SAN MIGUEL DE CUYES"
  }
},
{
  "model": "clinic.parish",
  "pk": 941,
  "fields": {
    "canton": 158,
    "name": "EL IDEAL"
  }
},
{
  "model": "clinic.parish",
  "pk": 942,
  "fields": {
    "canton": 159,
    "name": "GENERAL LEONIDAS PLAZA GUTI\u00c9RREZ (LIM\u00d3N)"
  }
},
{
  "model": "clinic.parish",
  "pk": 943,
  "fields": {
    "canton": 159,
    "name": "INDANZA"
  }
},
{
  "model": "clinic.parish",
  "pk": 944,
  "fields": {
    "canton": 159,
    "name": "PAN DE AZ\u00daCAR"
  }
},
{
  "model": "clinic.parish",
  "pk": 945,
  "fields": {
    "canton": 159,
    "name": "SAN ANTONIO (CAB. EN SAN ANTONIO CENTRO"
  }
},
{
  "model": "clinic.parish",
  "pk": 946,
  "fields": {
    "canton": 159,
    "name": "SAN CARLOS DE LIM\u00d3N (SAN CARLOS DEL"
  }
},
{
  "model": "clinic.parish",
  "pk": 947,
  "fields": {
    "canton": 159,
    "name": "SAN JUAN BOSCO"
  }
},
{
  "model": "clinic.parish",
  "pk": 948,
  "fields": {
    "canton": 159,
    "name": "SAN MIGUEL DE CONCHAY"
  }
},
{
  "model": "clinic.parish",
  "pk": 949,
  "fields": {
    "canton": 159,
    "name": "SANTA SUSANA DE CHIVIAZA (CAB. EN CHIVIAZA)"
  }
},
{
  "model": "clinic.parish",
  "pk": 950,
  "fields": {
    "canton": 159,
    "name": "YUNGANZA (CAB. EN EL ROSARIO)"
  }
},
{
  "model": "clinic.parish",
  "pk": 951,
  "fields": {
    "canton": 160,
    "name": "PALORA (METZERA)"
  }
},
{
  "model": "clinic.parish",
  "pk": 952,
  "fields": {
    "canton": 160,
    "name": "ARAPICOS"
  }
},
{
  "model": "clinic.parish",
  "pk": 953,
  "fields": {
    "canton": 160,
    "name": "CUMAND\u00c1 (CAB. EN COLONIA AGR\u00cdCOLA SEVILLA DEL ORO)"
  }
},
{
  "model": "clinic.parish",
  "pk": 954,
  "fields": {
    "canton": 160,
    "name": "HUAMBOYA"
  }
},
{
  "model": "clinic.parish",
  "pk": 955,
  "fields": {
    "canton": 160,
    "name": "SANGAY (CAB. EN NAYAMANACA)"
  }
},
{
  "model": "clinic.parish",
  "pk": 956,
  "fields": {
    "canton": 161,
    "name": "SANTIAGO DE M\u00c9NDEZ"
  }
},
{
  "model": "clinic.parish",
  "pk": 957,
  "fields": {
    "canton": 161,
    "name": "COPAL"
  }
},
{
  "model": "clinic.parish",
  "pk": 958,
  "fields": {
    "canton": 161,
    "name": "CHUPIANZA"
  }
},
{
  "model": "clinic.parish",
  "pk": 959,
  "fields": {
    "canton": 161,
    "name": "PATUCA"
  }
},
{
  "model": "clinic.parish",
  "pk": 960,
  "fields": {
    "canton": 161,
    "name": "SAN LUIS DE EL ACHO (CAB. EN EL ACHO)"
  }
},
{
  "model": "clinic.parish",
  "pk": 961,
  "fields": {
    "canton": 161,
    "name": "SANTIAGO"
  }
},
{
  "model": "clinic.parish",
  "pk": 962,
  "fields": {
    "canton": 161,
    "name": "TAYUZA"
  }
},
{
  "model": "clinic.parish",
  "pk": 963,
  "fields": {
    "canton": 161,
    "name": "SAN FRANCISCO DE CHINIMBIMI"
  }
},
{
  "model": "clinic.parish",
  "pk": 964,
  "fields": {
    "canton": 162,
    "name": "SUC\u00daA"
  }
},
{
  "model": "clinic.parish",
  "pk": 965,
  "fields": {
    "canton": 162,
    "name": "ASUNCI\u00d3N"
  }
},
{
  "model": "clinic.parish",
  "pk": 966,
  "fields": {
    "canton": 162,
    "name": "HUAMBI"
  }
},
{
  "model": "clinic.parish",
  "pk": 967,
  "fields": {
    "canton": 162,
    "name": "LOGRO\u00d1O"
  }
},
{
  "model": "clinic.parish",
  "pk": 968,
  "fields": {
    "canton": 162,
    "name": "YAUPI"
  }
},
{
  "model": "clinic.parish",
  "pk": 969,
  "fields": {
    "canton": 162,
    "name": "SANTA MARIANITA DE JES\u00daS"
  }
},
{
  "model": "clinic.parish",
  "pk": 970,
  "fields": {
    "canton": 163,
    "name": "HUAMBOYA"
  }
},
{
  "model": "clinic.parish",
  "pk": 971,
  "fields": {
    "canton": 163,
    "name": "CHIGUAZA"
  }
},
{
  "model": "clinic.parish",
  "pk": 972,
  "fields": {
    "canton": 163,
    "name": "PABLO SEXTO"
  }
},
{
  "model": "clinic.parish",
  "pk": 973,
  "fields": {
    "canton": 164,
    "name": "SAN JUAN BOSCO"
  }
},
{
  "model": "clinic.parish",
  "pk": 974,
  "fields": {
    "canton": 164,
    "name": "PAN DE AZ\u00daCAR"
  }
},
{
  "model": "clinic.parish",
  "pk": 975,
  "fields": {
    "canton": 164,
    "name": "SAN CARLOS DE LIM\u00d3N"
  }
},
{
  "model": "clinic.parish",
  "pk": 976,
  "fields": {
    "canton": 164,
    "name": "SAN JACINTO DE WAKAMBEIS"
  }
},
{
  "model": "clinic.parish",
  "pk": 977,
  "fields": {
    "canton": 164,
    "name": "SANTIAGO DE PANANZA"
  }
},
{
  "model": "clinic.parish",
  "pk": 978,
  "fields": {
    "canton": 165,
    "name": "TAISHA"
  }
},
{
  "model": "clinic.parish",
  "pk": 979,
  "fields": {
    "canton": 165,
    "name": "HUASAGA (CAB. EN WAMPUIK)"
  }
},
{
  "model": "clinic.parish",
  "pk": 980,
  "fields": {
    "canton": 165,
    "name": "MACUMA"
  }
},
{
  "model": "clinic.parish",
  "pk": 981,
  "fields": {
    "canton": 165,
    "name": "TUUTINENTZA"
  }
},
{
  "model": "clinic.parish",
  "pk": 982,
  "fields": {
    "canton": 165,
    "name": "PUMPUENTSA"
  }
},
{
  "model": "clinic.parish",
  "pk": 983,
  "fields": {
    "canton": 166,
    "name": "LOGRO\u00d1O"
  }
},
{
  "model": "clinic.parish",
  "pk": 984,
  "fields": {
    "canton": 166,
    "name": "YAUPI"
  }
},
{
  "model": "clinic.parish",
  "pk": 985,
  "fields": {
    "canton": 166,
    "name": "SHIMPIS"
  }
},
{
  "model": "clinic.parish",
  "pk": 986,
  "fields": {
    "canton": 167,
    "name": "PABLO SEXTO"
  }
},
{
  "model": "clinic.parish",
  "pk": 987,
  "fields": {
    "canton": 168,
    "name": "SANTIAGO"
  }
},
{
  "model": "clinic.parish",
  "pk": 988,
  "fields": {
    "canton": 168,
    "name": "SAN JOS\u00c9 DE MORONA"
  }
},
{
  "model": "clinic.parish",
  "pk": 989,
  "fields": {
    "canton": 169,
    "name": "TENA"
  }
},
{
  "model": "clinic.parish",
  "pk": 990,
  "fields": {
    "canton": 169,
    "name": "AHUANO"
  }
},
{
  "model": "clinic.parish",
  "pk": 991,
  "fields": {
    "canton": 169,
    "name": "CARLOS JULIO AROSEMENA TOLA (ZATZA-YACU)"
  }
},
{
  "model": "clinic.parish",
  "pk": 992,
  "fields": {
    "canton": 169,
    "name": "CHONTAPUNTA"
  }
},
{
  "model": "clinic.parish",
  "pk": 993,
  "fields": {
    "canton": 169,
    "name": "PANO"
  }
},
{
  "model": "clinic.parish",
  "pk": 994,
  "fields": {
    "canton": 169,
    "name": "PUERTO MISAHUALLI"
  }
},
{
  "model": "clinic.parish",
  "pk": 995,
  "fields": {
    "canton": 169,
    "name": "PUERTO NAPO"
  }
},
{
  "model": "clinic.parish",
  "pk": 996,
  "fields": {
    "canton": 169,
    "name": "T\u00c1LAG"
  }
},
{
  "model": "clinic.parish",
  "pk": 997,
  "fields": {
    "canton": 169,
    "name": "SAN JUAN DE MUYUNA"
  }
},
{
  "model": "clinic.parish",
  "pk": 998,
  "fields": {
    "canton": 170,
    "name": "ARCHIDONA"
  }
},
{
  "model": "clinic.parish",
  "pk": 999,
  "fields": {
    "canton": 170,
    "name": "AVILA"
  }
},
{
  "model": "clinic.parish",
  "pk": 1000,
  "fields": {
    "canton": 170,
    "name": "COTUNDO"
  }
},
{
  "model": "clinic.parish",
  "pk": 1001,
  "fields": {
    "canton": 170,
    "name": "LORETO"
  }
},
{
  "model": "clinic.parish",
  "pk": 1002,
  "fields": {
    "canton": 170,
    "name": "SAN PABLO DE USHPAYACU"
  }
},
{
  "model": "clinic.parish",
  "pk": 1003,
  "fields": {
    "canton": 170,
    "name": "PUERTO MURIALDO"
  }
},
{
  "model": "clinic.parish",
  "pk": 1004,
  "fields": {
    "canton": 171,
    "name": "EL CHACO"
  }
},
{
  "model": "clinic.parish",
  "pk": 1005,
  "fields": {
    "canton": 171,
    "name": "GONZALO D\u00edAZ DE PINEDA (EL BOMB\u00d3N)"
  }
},
{
  "model": "clinic.parish",
  "pk": 1006,
  "fields": {
    "canton": 171,
    "name": "LINARES"
  }
},
{
  "model": "clinic.parish",
  "pk": 1007,
  "fields": {
    "canton": 171,
    "name": "OYACACHI"
  }
},
{
  "model": "clinic.parish",
  "pk": 1008,
  "fields": {
    "canton": 171,
    "name": "SANTA ROSA"
  }
},
{
  "model": "clinic.parish",
  "pk": 1009,
  "fields": {
    "canton": 171,
    "name": "SARDINAS"
  }
},
{
  "model": "clinic.parish",
  "pk": 1010,
  "fields": {
    "canton": 172,
    "name": "BAEZA"
  }
},
{
  "model": "clinic.parish",
  "pk": 1011,
  "fields": {
    "canton": 172,
    "name": "COSANGA"
  }
},
{
  "model": "clinic.parish",
  "pk": 1012,
  "fields": {
    "canton": 172,
    "name": "CUYUJA"
  }
},
{
  "model": "clinic.parish",
  "pk": 1013,
  "fields": {
    "canton": 172,
    "name": "PAPALLACTA"
  }
},
{
  "model": "clinic.parish",
  "pk": 1014,
  "fields": {
    "canton": 172,
    "name": "SAN FRANCISCO DE BORJA (VIRGILIO D\u00c1VILA)"
  }
},
{
  "model": "clinic.parish",
  "pk": 1015,
  "fields": {
    "canton": 172,
    "name": "SAN JOS\u00c9 DEL PAYAMINO"
  }
},
{
  "model": "clinic.parish",
  "pk": 1016,
  "fields": {
    "canton": 172,
    "name": "SUMACO"
  }
},
{
  "model": "clinic.parish",
  "pk": 1017,
  "fields": {
    "canton": 173,
    "name": "CARLOS JULIO AROSEMENA TOLA"
  }
},
{
  "model": "clinic.parish",
  "pk": 1018,
  "fields": {
    "canton": 174,
    "name": "PUYO"
  }
},
{
  "model": "clinic.parish",
  "pk": 1019,
  "fields": {
    "canton": 174,
    "name": "ARAJUNO"
  }
},
{
  "model": "clinic.parish",
  "pk": 1020,
  "fields": {
    "canton": 174,
    "name": "CANELOS"
  }
},
{
  "model": "clinic.parish",
  "pk": 1021,
  "fields": {
    "canton": 174,
    "name": "CURARAY"
  }
},
{
  "model": "clinic.parish",
  "pk": 1022,
  "fields": {
    "canton": 174,
    "name": "DIEZ DE AGOSTO"
  }
},
{
  "model": "clinic.parish",
  "pk": 1023,
  "fields": {
    "canton": 174,
    "name": "F\u00c1TIMA"
  }
},
{
  "model": "clinic.parish",
  "pk": 1024,
  "fields": {
    "canton": 174,
    "name": "MONTALVO (ANDOAS)"
  }
},
{
  "model": "clinic.parish",
  "pk": 1025,
  "fields": {
    "canton": 174,
    "name": "POMONA"
  }
},
{
  "model": "clinic.parish",
  "pk": 1026,
  "fields": {
    "canton": 174,
    "name": "R\u00cdO CORRIENTES"
  }
},
{
  "model": "clinic.parish",
  "pk": 1027,
  "fields": {
    "canton": 174,
    "name": "R\u00cdO TIGRE"
  }
},
{
  "model": "clinic.parish",
  "pk": 1028,
  "fields": {
    "canton": 174,
    "name": "SANTA CLARA"
  }
},
{
  "model": "clinic.parish",
  "pk": 1029,
  "fields": {
    "canton": 174,
    "name": "SARAYACU"
  }
},
{
  "model": "clinic.parish",
  "pk": 1030,
  "fields": {
    "canton": 174,
    "name": "SIM\u00d3N BOL\u00cdVAR (CAB. EN MUSHULLACTA)"
  }
},
{
  "model": "clinic.parish",
  "pk": 1031,
  "fields": {
    "canton": 174,
    "name": "TARQUI"
  }
},
{
  "model": "clinic.parish",
  "pk": 1032,
  "fields": {
    "canton": 174,
    "name": "TENIENTE HUGO ORTIZ"
  }
},
{
  "model": "clinic.parish",
  "pk": 1033,
  "fields": {
    "canton": 174,
    "name": "VERACRUZ (INDILLAMA) (CAB. EN INDILLAMA)"
  }
},
{
  "model": "clinic.parish",
  "pk": 1034,
  "fields": {
    "canton": 174,
    "name": "EL TRIUNFO"
  }
},
{
  "model": "clinic.parish",
  "pk": 1035,
  "fields": {
    "canton": 175,
    "name": "MERA"
  }
},
{
  "model": "clinic.parish",
  "pk": 1036,
  "fields": {
    "canton": 175,
    "name": "MADRE TIERRA"
  }
},
{
  "model": "clinic.parish",
  "pk": 1037,
  "fields": {
    "canton": 175,
    "name": "SHELL"
  }
},
{
  "model": "clinic.parish",
  "pk": 1038,
  "fields": {
    "canton": 176,
    "name": "SANTA CLARA"
  }
},
{
  "model": "clinic.parish",
  "pk": 1039,
  "fields": {
    "canton": 176,
    "name": "SAN JOS\u00c9"
  }
},
{
  "model": "clinic.parish",
  "pk": 1040,
  "fields": {
    "canton": 177,
    "name": "ARAJUNO"
  }
},
{
  "model": "clinic.parish",
  "pk": 1041,
  "fields": {
    "canton": 177,
    "name": "CURARAY"
  }
},
{
  "model": "clinic.parish",
  "pk": 1042,
  "fields": {
    "canton": 178,
    "name": "BELISARIO QUEVEDO"
  }
},
{
  "model": "clinic.parish",
  "pk": 1043,
  "fields": {
    "canton": 178,
    "name": "CARCEL\u00c9N"
  }
},
{
  "model": "clinic.parish",
  "pk": 1044,
  "fields": {
    "canton": 178,
    "name": "CENTRO HIST\u00d3RICO"
  }
},
{
  "model": "clinic.parish",
  "pk": 1045,
  "fields": {
    "canton": 178,
    "name": "COCHAPAMBA"
  }
},
{
  "model": "clinic.parish",
  "pk": 1046,
  "fields": {
    "canton": 178,
    "name": "COMIT\u00c9 DEL PUEBLO"
  }
},
{
  "model": "clinic.parish",
  "pk": 1047,
  "fields": {
    "canton": 178,
    "name": "COTOCOLLAO"
  }
},
{
  "model": "clinic.parish",
  "pk": 1048,
  "fields": {
    "canton": 178,
    "name": "CHILIBULO"
  }
},
{
  "model": "clinic.parish",
  "pk": 1049,
  "fields": {
    "canton": 178,
    "name": "CHILLOGALLO"
  }
},
{
  "model": "clinic.parish",
  "pk": 1050,
  "fields": {
    "canton": 178,
    "name": "CHIMBACALLE"
  }
},
{
  "model": "clinic.parish",
  "pk": 1051,
  "fields": {
    "canton": 178,
    "name": "EL CONDADO"
  }
},
{
  "model": "clinic.parish",
  "pk": 1052,
  "fields": {
    "canton": 178,
    "name": "GUAMAN\u00cd"
  }
},
{
  "model": "clinic.parish",
  "pk": 1053,
  "fields": {
    "canton": 178,
    "name": "I\u00d1AQUITO"
  }
},
{
  "model": "clinic.parish",
  "pk": 1054,
  "fields": {
    "canton": 178,
    "name": "ITCHIMB\u00cdA"
  }
},
{
  "model": "clinic.parish",
  "pk": 1055,
  "fields": {
    "canton": 178,
    "name": "JIPIJAPA"
  }
},
{
  "model": "clinic.parish",
  "pk": 1056,
  "fields": {
    "canton": 178,
    "name": "KENNEDY"
  }
},
{
  "model": "clinic.parish",
  "pk": 1057,
  "fields": {
    "canton": 178,
    "name": "LA ARGELIA"
  }
},
{
  "model": "clinic.parish",
  "pk": 1058,
  "fields": {
    "canton": 178,
    "name": "LA CONCEPCI\u00d3N"
  }
},
{
  "model": "clinic.parish",
  "pk": 1059,
  "fields": {
    "canton": 178,
    "name": "LA ECUATORIANA"
  }
},
{
  "model": "clinic.parish",
  "pk": 1060,
  "fields": {
    "canton": 178,
    "name": "LA FERROVIARIA"
  }
},
{
  "model": "clinic.parish",
  "pk": 1061,
  "fields": {
    "canton": 178,
    "name": "LA LIBERTAD"
  }
},
{
  "model": "clinic.parish",
  "pk": 1062,
  "fields": {
    "canton": 178,
    "name": "LA MAGDALENA"
  }
},
{
  "model": "clinic.parish",
  "pk": 1063,
  "fields": {
    "canton": 178,
    "name": "LA MENA"
  }
},
{
  "model": "clinic.parish",
  "pk": 1064,
  "fields": {
    "canton": 178,
    "name": "MARISCAL SUCRE"
  }
},
{
  "model": "clinic.parish",
  "pk": 1065,
  "fields": {
    "canton": 178,
    "name": "PONCEANO"
  }
},
{
  "model": "clinic.parish",
  "pk": 1066,
  "fields": {
    "canton": 178,
    "name": "PUENGAS\u00cd"
  }
},
{
  "model": "clinic.parish",
  "pk": 1067,
  "fields": {
    "canton": 178,
    "name": "QUITUMBE"
  }
},
{
  "model": "clinic.parish",
  "pk": 1068,
  "fields": {
    "canton": 178,
    "name": "RUMIPAMBA"
  }
},
{
  "model": "clinic.parish",
  "pk": 1069,
  "fields": {
    "canton": 178,
    "name": "SAN BARTOLO"
  }
},
{
  "model": "clinic.parish",
  "pk": 1070,
  "fields": {
    "canton": 178,
    "name": "SAN ISIDRO DEL INCA"
  }
},
{
  "model": "clinic.parish",
  "pk": 1071,
  "fields": {
    "canton": 178,
    "name": "SAN JUAN"
  }
},
{
  "model": "clinic.parish",
  "pk": 1072,
  "fields": {
    "canton": 178,
    "name": "SOLANDA"
  }
},
{
  "model": "clinic.parish",
  "pk": 1073,
  "fields": {
    "canton": 178,
    "name": "TURUBAMBA"
  }
},
{
  "model": "clinic.parish",
  "pk": 1074,
  "fields": {
    "canton": 178,
    "name": "QUITO DISTRITO METROPOLITANO"
  }
},
{
  "model": "clinic.parish",
  "pk": 1075,
  "fields": {
    "canton": 178,
    "name": "ALANGAS\u00cd"
  }
},
{
  "model": "clinic.parish",
  "pk": 1076,
  "fields": {
    "canton": 178,
    "name": "AMAGUA\u00d1A"
  }
},
{
  "model": "clinic.parish",
  "pk": 1077,
  "fields": {
    "canton": 178,
    "name": "ATAHUALPA"
  }
},
{
  "model": "clinic.parish",
  "pk": 1078,
  "fields": {
    "canton": 178,
    "name": "CALACAL\u00cd"
  }
},
{
  "model": "clinic.parish",
  "pk": 1079,
  "fields": {
    "canton": 178,
    "name": "CALDER\u00d3N"
  }
},
{
  "model": "clinic.parish",
  "pk": 1080,
  "fields": {
    "canton": 178,
    "name": "CONOCOTO"
  }
},
{
  "model": "clinic.parish",
  "pk": 1081,
  "fields": {
    "canton": 178,
    "name": "CUMBAY\u00c1"
  }
},
{
  "model": "clinic.parish",
  "pk": 1082,
  "fields": {
    "canton": 178,
    "name": "CHAVEZPAMBA"
  }
},
{
  "model": "clinic.parish",
  "pk": 1083,
  "fields": {
    "canton": 178,
    "name": "CHECA"
  }
},
{
  "model": "clinic.parish",
  "pk": 1084,
  "fields": {
    "canton": 178,
    "name": "EL QUINCHE"
  }
},
{
  "model": "clinic.parish",
  "pk": 1085,
  "fields": {
    "canton": 178,
    "name": "GUALEA"
  }
},
{
  "model": "clinic.parish",
  "pk": 1086,
  "fields": {
    "canton": 178,
    "name": "GUANGOPOLO"
  }
},
{
  "model": "clinic.parish",
  "pk": 1087,
  "fields": {
    "canton": 178,
    "name": "GUAYLLABAMBA"
  }
},
{
  "model": "clinic.parish",
  "pk": 1088,
  "fields": {
    "canton": 178,
    "name": "LA MERCED"
  }
},
{
  "model": "clinic.parish",
  "pk": 1089,
  "fields": {
    "canton": 178,
    "name": "LLANO CHICO"
  }
},
{
  "model": "clinic.parish",
  "pk": 1090,
  "fields": {
    "canton": 178,
    "name": "LLOA"
  }
},
{
  "model": "clinic.parish",
  "pk": 1091,
  "fields": {
    "canton": 178,
    "name": "MINDO"
  }
},
{
  "model": "clinic.parish",
  "pk": 1092,
  "fields": {
    "canton": 178,
    "name": "NANEGAL"
  }
},
{
  "model": "clinic.parish",
  "pk": 1093,
  "fields": {
    "canton": 178,
    "name": "NANEGALITO"
  }
},
{
  "model": "clinic.parish",
  "pk": 1094,
  "fields": {
    "canton": 178,
    "name": "NAY\u00d3N"
  }
},
{
  "model": "clinic.parish",
  "pk": 1095,
  "fields": {
    "canton": 178,
    "name": "NONO"
  }
},
{
  "model": "clinic.parish",
  "pk": 1096,
  "fields": {
    "canton": 178,
    "name": "PACTO"
  }
},
{
  "model": "clinic.parish",
  "pk": 1097,
  "fields": {
    "canton": 178,
    "name": "PEDRO VICENTE MALDONADO"
  }
},
{
  "model": "clinic.parish",
  "pk": 1098,
  "fields": {
    "canton": 178,
    "name": "PERUCHO"
  }
},
{
  "model": "clinic.parish",
  "pk": 1099,
  "fields": {
    "canton": 178,
    "name": "PIFO"
  }
},
{
  "model": "clinic.parish",
  "pk": 1100,
  "fields": {
    "canton": 178,
    "name": "P\u00cdNTAG"
  }
},
{
  "model": "clinic.parish",
  "pk": 1101,
  "fields": {
    "canton": 178,
    "name": "POMASQUI"
  }
},
{
  "model": "clinic.parish",
  "pk": 1102,
  "fields": {
    "canton": 178,
    "name": "PU\u00c9LLARO"
  }
},
{
  "model": "clinic.parish",
  "pk": 1103,
  "fields": {
    "canton": 178,
    "name": "PUEMBO"
  }
},
{
  "model": "clinic.parish",
  "pk": 1104,
  "fields": {
    "canton": 178,
    "name": "SAN ANTONIO"
  }
},
{
  "model": "clinic.parish",
  "pk": 1105,
  "fields": {
    "canton": 178,
    "name": "SAN JOS\u00c9 DE MINAS"
  }
},
{
  "model": "clinic.parish",
  "pk": 1106,
  "fields": {
    "canton": 178,
    "name": "SAN MIGUEL DE LOS BANCOS"
  }
},
{
  "model": "clinic.parish",
  "pk": 1107,
  "fields": {
    "canton": 178,
    "name": "TABABELA"
  }
},
{
  "model": "clinic.parish",
  "pk": 1108,
  "fields": {
    "canton": 178,
    "name": "TUMBACO"
  }
},
{
  "model": "clinic.parish",
  "pk": 1109,
  "fields": {
    "canton": 178,
    "name": "YARUQU\u00cd"
  }
},
{
  "model": "clinic.parish",
  "pk": 1110,
  "fields": {
    "canton": 178,
    "name": "ZAMBIZA"
  }
},
{
  "model": "clinic.parish",
  "pk": 1111,
  "fields": {
    "canton": 178,
    "name": "PUERTO QUITO"
  }
},
{
  "model": "clinic.parish",
  "pk": 1112,
  "fields": {
    "canton": 179,
    "name": "AYORA"
  }
},
{
  "model": "clinic.parish",
  "pk": 1113,
  "fields": {
    "canton": 179,
    "name": "CAYAMBE"
  }
},
{
  "model": "clinic.parish",
  "pk": 1114,
  "fields": {
    "canton": 179,
    "name": "JUAN MONTALVO"
  }
},
{
  "model": "clinic.parish",
  "pk": 1115,
  "fields": {
    "canton": 179,
    "name": "ASC\u00c1ZUBI"
  }
},
{
  "model": "clinic.parish",
  "pk": 1116,
  "fields": {
    "canton": 179,
    "name": "CANGAHUA"
  }
},
{
  "model": "clinic.parish",
  "pk": 1117,
  "fields": {
    "canton": 179,
    "name": "OLMEDO (PESILLO)"
  }
},
{
  "model": "clinic.parish",
  "pk": 1118,
  "fields": {
    "canton": 179,
    "name": "OT\u00d3N"
  }
},
{
  "model": "clinic.parish",
  "pk": 1119,
  "fields": {
    "canton": 179,
    "name": "SANTA ROSA DE CUZUBAMBA"
  }
},
{
  "model": "clinic.parish",
  "pk": 1120,
  "fields": {
    "canton": 180,
    "name": "MACHACHI"
  }
},
{
  "model": "clinic.parish",
  "pk": 1121,
  "fields": {
    "canton": 180,
    "name": "AL\u00d3AG"
  }
},
{
  "model": "clinic.parish",
  "pk": 1122,
  "fields": {
    "canton": 180,
    "name": "ALOAS\u00cd"
  }
},
{
  "model": "clinic.parish",
  "pk": 1123,
  "fields": {
    "canton": 180,
    "name": "CUTUGLAHUA"
  }
},
{
  "model": "clinic.parish",
  "pk": 1124,
  "fields": {
    "canton": 180,
    "name": "EL CHAUPI"
  }
},
{
  "model": "clinic.parish",
  "pk": 1125,
  "fields": {
    "canton": 180,
    "name": "MANUEL CORNEJO ASTORGA (TANDAPI)"
  }
},
{
  "model": "clinic.parish",
  "pk": 1126,
  "fields": {
    "canton": 180,
    "name": "TAMBILLO"
  }
},
{
  "model": "clinic.parish",
  "pk": 1127,
  "fields": {
    "canton": 180,
    "name": "UYUMBICHO"
  }
},
{
  "model": "clinic.parish",
  "pk": 1128,
  "fields": {
    "canton": 181,
    "name": "TABACUNDO"
  }
},
{
  "model": "clinic.parish",
  "pk": 1129,
  "fields": {
    "canton": 181,
    "name": "LA ESPERANZA"
  }
},
{
  "model": "clinic.parish",
  "pk": 1130,
  "fields": {
    "canton": 181,
    "name": "MALCHINGU\u00cd"
  }
},
{
  "model": "clinic.parish",
  "pk": 1131,
  "fields": {
    "canton": 181,
    "name": "TOCACHI"
  }
},
{
  "model": "clinic.parish",
  "pk": 1132,
  "fields": {
    "canton": 181,
    "name": "TUPIGACHI"
  }
},
{
  "model": "clinic.parish",
  "pk": 1133,
  "fields": {
    "canton": 182,
    "name": "SANGOLQU\u00cd"
  }
},
{
  "model": "clinic.parish",
  "pk": 1134,
  "fields": {
    "canton": 182,
    "name": "SAN PEDRO DE TABOADA"
  }
},
{
  "model": "clinic.parish",
  "pk": 1135,
  "fields": {
    "canton": 182,
    "name": "SAN RAFAEL"
  }
},
{
  "model": "clinic.parish",
  "pk": 1136,
  "fields": {
    "canton": 182,
    "name": "SANGOLQUI"
  }
},
{
  "model": "clinic.parish",
  "pk": 1137,
  "fields": {
    "canton": 182,
    "name": "COTOGCHOA"
  }
},
{
  "model": "clinic.parish",
  "pk": 1138,
  "fields": {
    "canton": 182,
    "name": "RUMIPAMBA"
  }
},
{
  "model": "clinic.parish",
  "pk": 1139,
  "fields": {
    "canton": 183,
    "name": "SAN MIGUEL DE LOS BANCOS"
  }
},
{
  "model": "clinic.parish",
  "pk": 1140,
  "fields": {
    "canton": 183,
    "name": "MINDO"
  }
},
{
  "model": "clinic.parish",
  "pk": 1141,
  "fields": {
    "canton": 183,
    "name": "PEDRO VICENTE MALDONADO"
  }
},
{
  "model": "clinic.parish",
  "pk": 1142,
  "fields": {
    "canton": 183,
    "name": "PUERTO QUITO"
  }
},
{
  "model": "clinic.parish",
  "pk": 1143,
  "fields": {
    "canton": 184,
    "name": "PEDRO VICENTE MALDONADO"
  }
},
{
  "model": "clinic.parish",
  "pk": 1144,
  "fields": {
    "canton": 185,
    "name": "PUERTO QUITO"
  }
},
{
  "model": "clinic.parish",
  "pk": 1145,
  "fields": {
    "canton": 186,
    "name": "ATOCHA \u2013 FICOA"
  }
},
{
  "model": "clinic.parish",
  "pk": 1146,
  "fields": {
    "canton": 186,
    "name": "CELIANO MONGE"
  }
},
{
  "model": "clinic.parish",
  "pk": 1147,
  "fields": {
    "canton": 186,
    "name": "HUACHI CHICO"
  }
},
{
  "model": "clinic.parish",
  "pk": 1148,
  "fields": {
    "canton": 186,
    "name": "HUACHI LORETO"
  }
},
{
  "model": "clinic.parish",
  "pk": 1149,
  "fields": {
    "canton": 186,
    "name": "LA MERCED"
  }
},
{
  "model": "clinic.parish",
  "pk": 1150,
  "fields": {
    "canton": 186,
    "name": "LA PEN\u00cdNSULA"
  }
},
{
  "model": "clinic.parish",
  "pk": 1151,
  "fields": {
    "canton": 186,
    "name": "MATRIZ"
  }
},
{
  "model": "clinic.parish",
  "pk": 1152,
  "fields": {
    "canton": 186,
    "name": "PISHILATA"
  }
},
{
  "model": "clinic.parish",
  "pk": 1153,
  "fields": {
    "canton": 186,
    "name": "SAN FRANCISCO"
  }
},
{
  "model": "clinic.parish",
  "pk": 1154,
  "fields": {
    "canton": 186,
    "name": "AMBATO"
  }
},
{
  "model": "clinic.parish",
  "pk": 1155,
  "fields": {
    "canton": 186,
    "name": "AMBATILLO"
  }
},
{
  "model": "clinic.parish",
  "pk": 1156,
  "fields": {
    "canton": 186,
    "name": "ATAHUALPA (CHISALATA)"
  }
},
{
  "model": "clinic.parish",
  "pk": 1157,
  "fields": {
    "canton": 186,
    "name": "AUGUSTO N. MART\u00cdNEZ (MUNDUGLEO)"
  }
},
{
  "model": "clinic.parish",
  "pk": 1158,
  "fields": {
    "canton": 186,
    "name": "CONSTANTINO FERN\u00c1NDEZ (CAB. EN CULLITAHUA)"
  }
},
{
  "model": "clinic.parish",
  "pk": 1159,
  "fields": {
    "canton": 186,
    "name": "HUACHI GRANDE"
  }
},
{
  "model": "clinic.parish",
  "pk": 1160,
  "fields": {
    "canton": 186,
    "name": "IZAMBA"
  }
},
{
  "model": "clinic.parish",
  "pk": 1161,
  "fields": {
    "canton": 186,
    "name": "JUAN BENIGNO VELA"
  }
},
{
  "model": "clinic.parish",
  "pk": 1162,
  "fields": {
    "canton": 186,
    "name": "MONTALVO"
  }
},
{
  "model": "clinic.parish",
  "pk": 1163,
  "fields": {
    "canton": 186,
    "name": "PASA"
  }
},
{
  "model": "clinic.parish",
  "pk": 1164,
  "fields": {
    "canton": 186,
    "name": "PICAIGUA"
  }
},
{
  "model": "clinic.parish",
  "pk": 1165,
  "fields": {
    "canton": 186,
    "name": "PILAG\u00dc\u00cdN (PILAH\u00dc\u00cdN)"
  }
},
{
  "model": "clinic.parish",
  "pk": 1166,
  "fields": {
    "canton": 186,
    "name": "QUISAPINCHA (QUIZAPINCHA)"
  }
},
{
  "model": "clinic.parish",
  "pk": 1167,
  "fields": {
    "canton": 186,
    "name": "SAN BARTOLOM\u00c9 DE PINLLOG"
  }
},
{
  "model": "clinic.parish",
  "pk": 1168,
  "fields": {
    "canton": 186,
    "name": "SAN FERNANDO (PASA SAN FERNANDO)"
  }
},
{
  "model": "clinic.parish",
  "pk": 1169,
  "fields": {
    "canton": 186,
    "name": "SANTA ROSA"
  }
},
{
  "model": "clinic.parish",
  "pk": 1170,
  "fields": {
    "canton": 186,
    "name": "TOTORAS"
  }
},
{
  "model": "clinic.parish",
  "pk": 1171,
  "fields": {
    "canton": 186,
    "name": "CUNCHIBAMBA"
  }
},
{
  "model": "clinic.parish",
  "pk": 1172,
  "fields": {
    "canton": 186,
    "name": "UNAMUNCHO"
  }
},
{
  "model": "clinic.parish",
  "pk": 1173,
  "fields": {
    "canton": 187,
    "name": "BA\u00d1OS DE AGUA SANTA"
  }
},
{
  "model": "clinic.parish",
  "pk": 1174,
  "fields": {
    "canton": 187,
    "name": "LLIGUA"
  }
},
{
  "model": "clinic.parish",
  "pk": 1175,
  "fields": {
    "canton": 187,
    "name": "R\u00cdO NEGRO"
  }
},
{
  "model": "clinic.parish",
  "pk": 1176,
  "fields": {
    "canton": 187,
    "name": "R\u00cdO VERDE"
  }
},
{
  "model": "clinic.parish",
  "pk": 1177,
  "fields": {
    "canton": 187,
    "name": "ULBA"
  }
},
{
  "model": "clinic.parish",
  "pk": 1178,
  "fields": {
    "canton": 188,
    "name": "CEVALLOS"
  }
},
{
  "model": "clinic.parish",
  "pk": 1179,
  "fields": {
    "canton": 189,
    "name": "MOCHA"
  }
},
{
  "model": "clinic.parish",
  "pk": 1180,
  "fields": {
    "canton": 189,
    "name": "PINGUIL\u00cd"
  }
},
{
  "model": "clinic.parish",
  "pk": 1181,
  "fields": {
    "canton": 190,
    "name": "PATATE"
  }
},
{
  "model": "clinic.parish",
  "pk": 1182,
  "fields": {
    "canton": 190,
    "name": "EL TRIUNFO"
  }
},
{
  "model": "clinic.parish",
  "pk": 1183,
  "fields": {
    "canton": 190,
    "name": "LOS ANDES (CAB. EN POATUG)"
  }
},
{
  "model": "clinic.parish",
  "pk": 1184,
  "fields": {
    "canton": 190,
    "name": "SUCRE (CAB. EN SUCRE-PATATE URCU)"
  }
},
{
  "model": "clinic.parish",
  "pk": 1185,
  "fields": {
    "canton": 191,
    "name": "QUERO"
  }
},
{
  "model": "clinic.parish",
  "pk": 1186,
  "fields": {
    "canton": 191,
    "name": "RUMIPAMBA"
  }
},
{
  "model": "clinic.parish",
  "pk": 1187,
  "fields": {
    "canton": 191,
    "name": "YANAYACU - MOCHAPATA (CAB. EN YANAYACU)"
  }
},
{
  "model": "clinic.parish",
  "pk": 1188,
  "fields": {
    "canton": 192,
    "name": "PELILEO"
  }
},
{
  "model": "clinic.parish",
  "pk": 1189,
  "fields": {
    "canton": 192,
    "name": "PELILEO GRANDE"
  }
},
{
  "model": "clinic.parish",
  "pk": 1190,
  "fields": {
    "canton": 192,
    "name": "BEN\u00cdTEZ (PACHANLICA)"
  }
},
{
  "model": "clinic.parish",
  "pk": 1191,
  "fields": {
    "canton": 192,
    "name": "BOL\u00cdVAR"
  }
},
{
  "model": "clinic.parish",
  "pk": 1192,
  "fields": {
    "canton": 192,
    "name": "COTAL\u00d3"
  }
},
{
  "model": "clinic.parish",
  "pk": 1193,
  "fields": {
    "canton": 192,
    "name": "CHIQUICHA (CAB. EN CHIQUICHA GRANDE)"
  }
},
{
  "model": "clinic.parish",
  "pk": 1194,
  "fields": {
    "canton": 192,
    "name": "EL ROSARIO (RUMICHACA)"
  }
},
{
  "model": "clinic.parish",
  "pk": 1195,
  "fields": {
    "canton": 192,
    "name": "GARC\u00cdA MORENO (CHUMAQUI)"
  }
},
{
  "model": "clinic.parish",
  "pk": 1196,
  "fields": {
    "canton": 192,
    "name": "GUAMBAL\u00d3 (HUAMBAL\u00d3)"
  }
},
{
  "model": "clinic.parish",
  "pk": 1197,
  "fields": {
    "canton": 192,
    "name": "SALASACA"
  }
},
{
  "model": "clinic.parish",
  "pk": 1198,
  "fields": {
    "canton": 193,
    "name": "CIUDAD NUEVA"
  }
},
{
  "model": "clinic.parish",
  "pk": 1199,
  "fields": {
    "canton": 193,
    "name": "P\u00cdLLARO"
  }
},
{
  "model": "clinic.parish",
  "pk": 1200,
  "fields": {
    "canton": 193,
    "name": "BAQUERIZO MORENO"
  }
},
{
  "model": "clinic.parish",
  "pk": 1201,
  "fields": {
    "canton": 193,
    "name": "EMILIO MAR\u00cdA TER\u00c1N (RUMIPAMBA)"
  }
},
{
  "model": "clinic.parish",
  "pk": 1202,
  "fields": {
    "canton": 193,
    "name": "MARCOS ESPINEL (CHACATA)"
  }
},
{
  "model": "clinic.parish",
  "pk": 1203,
  "fields": {
    "canton": 193,
    "name": "PRESIDENTE URBINA (CHAGRAPAMBA -PATZUCUL)"
  }
},
{
  "model": "clinic.parish",
  "pk": 1204,
  "fields": {
    "canton": 193,
    "name": "SAN ANDR\u00c9S"
  }
},
{
  "model": "clinic.parish",
  "pk": 1205,
  "fields": {
    "canton": 193,
    "name": "SAN JOS\u00c9 DE POAL\u00d3"
  }
},
{
  "model": "clinic.parish",
  "pk": 1206,
  "fields": {
    "canton": 193,
    "name": "SAN MIGUELITO"
  }
},
{
  "model": "clinic.parish",
  "pk": 1207,
  "fields": {
    "canton": 194,
    "name": "TISALEO"
  }
},
{
  "model": "clinic.parish",
  "pk": 1208,
  "fields": {
    "canton": 194,
    "name": "QUINCHICOTO"
  }
},
{
  "model": "clinic.parish",
  "pk": 1209,
  "fields": {
    "canton": 195,
    "name": "EL LIM\u00d3N"
  }
},
{
  "model": "clinic.parish",
  "pk": 1210,
  "fields": {
    "canton": 195,
    "name": "ZAMORA"
  }
},
{
  "model": "clinic.parish",
  "pk": 1211,
  "fields": {
    "canton": 195,
    "name": "CUMBARATZA"
  }
},
{
  "model": "clinic.parish",
  "pk": 1212,
  "fields": {
    "canton": 195,
    "name": "GUADALUPE"
  }
},
{
  "model": "clinic.parish",
  "pk": 1213,
  "fields": {
    "canton": 195,
    "name": "IMBANA (LA VICTORIA DE IMBANA)"
  }
},
{
  "model": "clinic.parish",
  "pk": 1214,
  "fields": {
    "canton": 195,
    "name": "PAQUISHA"
  }
},
{
  "model": "clinic.parish",
  "pk": 1215,
  "fields": {
    "canton": 195,
    "name": "SABANILLA"
  }
},
{
  "model": "clinic.parish",
  "pk": 1216,
  "fields": {
    "canton": 195,
    "name": "TIMBARA"
  }
},
{
  "model": "clinic.parish",
  "pk": 1217,
  "fields": {
    "canton": 195,
    "name": "ZUMBI"
  }
},
{
  "model": "clinic.parish",
  "pk": 1218,
  "fields": {
    "canton": 195,
    "name": "SAN CARLOS DE LAS MINAS"
  }
},
{
  "model": "clinic.parish",
  "pk": 1219,
  "fields": {
    "canton": 196,
    "name": "ZUMBA"
  }
},
{
  "model": "clinic.parish",
  "pk": 1220,
  "fields": {
    "canton": 196,
    "name": "CHITO"
  }
},
{
  "model": "clinic.parish",
  "pk": 1221,
  "fields": {
    "canton": 196,
    "name": "EL CHORRO"
  }
},
{
  "model": "clinic.parish",
  "pk": 1222,
  "fields": {
    "canton": 196,
    "name": "EL PORVENIR DEL CARMEN"
  }
},
{
  "model": "clinic.parish",
  "pk": 1223,
  "fields": {
    "canton": 196,
    "name": "LA CHONTA"
  }
},
{
  "model": "clinic.parish",
  "pk": 1224,
  "fields": {
    "canton": 196,
    "name": "PALANDA"
  }
},
{
  "model": "clinic.parish",
  "pk": 1225,
  "fields": {
    "canton": 196,
    "name": "PUCAPAMBA"
  }
},
{
  "model": "clinic.parish",
  "pk": 1226,
  "fields": {
    "canton": 196,
    "name": "SAN FRANCISCO DEL VERGEL"
  }
},
{
  "model": "clinic.parish",
  "pk": 1227,
  "fields": {
    "canton": 196,
    "name": "VALLADOLID"
  }
},
{
  "model": "clinic.parish",
  "pk": 1228,
  "fields": {
    "canton": 196,
    "name": "SAN ANDR\u00c9S"
  }
},
{
  "model": "clinic.parish",
  "pk": 1229,
  "fields": {
    "canton": 197,
    "name": "GUAYZIMI"
  }
},
{
  "model": "clinic.parish",
  "pk": 1230,
  "fields": {
    "canton": 197,
    "name": "ZURMI"
  }
},
{
  "model": "clinic.parish",
  "pk": 1231,
  "fields": {
    "canton": 197,
    "name": "NUEVO PARA\u00cdSO"
  }
},
{
  "model": "clinic.parish",
  "pk": 1232,
  "fields": {
    "canton": 198,
    "name": "28 DE MAYO (SAN JOS\u00c9 DE YACUAMBI)"
  }
},
{
  "model": "clinic.parish",
  "pk": 1233,
  "fields": {
    "canton": 198,
    "name": "LA PAZ"
  }
},
{
  "model": "clinic.parish",
  "pk": 1234,
  "fields": {
    "canton": 198,
    "name": "TUTUPALI"
  }
},
{
  "model": "clinic.parish",
  "pk": 1235,
  "fields": {
    "canton": 199,
    "name": "YANTZAZA (YANZATZA)"
  }
},
{
  "model": "clinic.parish",
  "pk": 1236,
  "fields": {
    "canton": 199,
    "name": "CHICA\u00d1A"
  }
},
{
  "model": "clinic.parish",
  "pk": 1237,
  "fields": {
    "canton": 199,
    "name": "EL PANGUI"
  }
},
{
  "model": "clinic.parish",
  "pk": 1238,
  "fields": {
    "canton": 199,
    "name": "LOS ENCUENTROS"
  }
},
{
  "model": "clinic.parish",
  "pk": 1239,
  "fields": {
    "canton": 200,
    "name": "EL PANGUI"
  }
},
{
  "model": "clinic.parish",
  "pk": 1240,
  "fields": {
    "canton": 200,
    "name": "EL GUISME"
  }
},
{
  "model": "clinic.parish",
  "pk": 1241,
  "fields": {
    "canton": 200,
    "name": "PACHICUTZA"
  }
},
{
  "model": "clinic.parish",
  "pk": 1242,
  "fields": {
    "canton": 200,
    "name": "TUNDAYME"
  }
},
{
  "model": "clinic.parish",
  "pk": 1243,
  "fields": {
    "canton": 201,
    "name": "ZUMBI"
  }
},
{
  "model": "clinic.parish",
  "pk": 1244,
  "fields": {
    "canton": 201,
    "name": "PAQUISHA"
  }
},
{
  "model": "clinic.parish",
  "pk": 1245,
  "fields": {
    "canton": 201,
    "name": "TRIUNFO-DORADO"
  }
},
{
  "model": "clinic.parish",
  "pk": 1246,
  "fields": {
    "canton": 201,
    "name": "PANGUINTZA"
  }
},
{
  "model": "clinic.parish",
  "pk": 1247,
  "fields": {
    "canton": 202,
    "name": "PALANDA"
  }
},
{
  "model": "clinic.parish",
  "pk": 1248,
  "fields": {
    "canton": 202,
    "name": "EL PORVENIR DEL CARMEN"
  }
},
{
  "model": "clinic.parish",
  "pk": 1249,
  "fields": {
    "canton": 202,
    "name": "SAN FRANCISCO DEL VERGEL"
  }
},
{
  "model": "clinic.parish",
  "pk": 1250,
  "fields": {
    "canton": 202,
    "name": "VALLADOLID"
  }
},
{
  "model": "clinic.parish",
  "pk": 1251,
  "fields": {
    "canton": 202,
    "name": "LA CANELA"
  }
},
{
  "model": "clinic.parish",
  "pk": 1252,
  "fields": {
    "canton": 203,
    "name": "PAQUISHA"
  }
},
{
  "model": "clinic.parish",
  "pk": 1253,
  "fields": {
    "canton": 203,
    "name": "BELLAVISTA"
  }
},
{
  "model": "clinic.parish",
  "pk": 1254,
  "fields": {
    "canton": 203,
    "name": "NUEVO QUITO"
  }
},
{
  "model": "clinic.parish",
  "pk": 1255,
  "fields": {
    "canton": 204,
    "name": "PUERTO BAQUERIZO MORENO"
  }
},
{
  "model": "clinic.parish",
  "pk": 1256,
  "fields": {
    "canton": 204,
    "name": "EL PROGRESO"
  }
},
{
  "model": "clinic.parish",
  "pk": 1257,
  "fields": {
    "canton": 204,
    "name": "A SANTA MAR\u00cdA (FLOREANA) (CAB. EN PTO. VELASCO IBARR"
  }
},
{
  "model": "clinic.parish",
  "pk": 1258,
  "fields": {
    "canton": 205,
    "name": "PUERTO VILLAMIL"
  }
},
{
  "model": "clinic.parish",
  "pk": 1259,
  "fields": {
    "canton": 205,
    "name": "TOM\u00c1S DE BERLANGA (SANTO TOM\u00c1S)"
  }
},
{
  "model": "clinic.parish",
  "pk": 1260,
  "fields": {
    "canton": 206,
    "name": "PUERTO AYORA"
  }
},
{
  "model": "clinic.parish",
  "pk": 1261,
  "fields": {
    "canton": 206,
    "name": "BELLAVISTA"
  }
},
{
  "model": "clinic.parish",
  "pk": 1262,
  "fields": {
    "canton": 206,
    "name": "SANTA ROSA (INCLUYE LA ISLA BALTRA)"
  }
},
{
  "model": "clinic.parish",
  "pk": 1263,
  "fields": {
    "canton": 207,
    "name": "NUEVA LOJA"
  }
},
{
  "model": "clinic.parish",
  "pk": 1264,
  "fields": {
    "canton": 207,
    "name": "CUYABENO"
  }
},
{
  "model": "clinic.parish",
  "pk": 1265,
  "fields": {
    "canton": 207,
    "name": "DURENO"
  }
},
{
  "model": "clinic.parish",
  "pk": 1266,
  "fields": {
    "canton": 207,
    "name": "GENERAL FARF\u00c1N"
  }
},
{
  "model": "clinic.parish",
  "pk": 1267,
  "fields": {
    "canton": 207,
    "name": "TARAPOA"
  }
},
{
  "model": "clinic.parish",
  "pk": 1268,
  "fields": {
    "canton": 207,
    "name": "EL ENO"
  }
},
{
  "model": "clinic.parish",
  "pk": 1269,
  "fields": {
    "canton": 207,
    "name": "PACAYACU"
  }
},
{
  "model": "clinic.parish",
  "pk": 1270,
  "fields": {
    "canton": 207,
    "name": "JAMBEL\u00cd"
  }
},
{
  "model": "clinic.parish",
  "pk": 1271,
  "fields": {
    "canton": 207,
    "name": "SANTA CECILIA"
  }
},
{
  "model": "clinic.parish",
  "pk": 1272,
  "fields": {
    "canton": 207,
    "name": "AGUAS NEGRAS"
  }
},
{
  "model": "clinic.parish",
  "pk": 1273,
  "fields": {
    "canton": 208,
    "name": "EL DORADO DE CASCALES"
  }
},
{
  "model": "clinic.parish",
  "pk": 1274,
  "fields": {
    "canton": 208,
    "name": "EL REVENTADOR"
  }
},
{
  "model": "clinic.parish",
  "pk": 1275,
  "fields": {
    "canton": 208,
    "name": "GONZALO PIZARRO"
  }
},
{
  "model": "clinic.parish",
  "pk": 1276,
  "fields": {
    "canton": 208,
    "name": "LUMBAQU\u00cd"
  }
},
{
  "model": "clinic.parish",
  "pk": 1277,
  "fields": {
    "canton": 208,
    "name": "PUERTO LIBRE"
  }
},
{
  "model": "clinic.parish",
  "pk": 1278,
  "fields": {
    "canton": 208,
    "name": "SANTA ROSA DE SUCUMB\u00cdOS"
  }
},
{
  "model": "clinic.parish",
  "pk": 1279,
  "fields": {
    "canton": 209,
    "name": "PUERTO EL CARMEN DEL PUTUMAYO"
  }
},
{
  "model": "clinic.parish",
  "pk": 1280,
  "fields": {
    "canton": 209,
    "name": "PALMA ROJA"
  }
},
{
  "model": "clinic.parish",
  "pk": 1281,
  "fields": {
    "canton": 209,
    "name": "PUERTO BOL\u00cdVAR (PUERTO MONT\u00daFAR)"
  }
},
{
  "model": "clinic.parish",
  "pk": 1282,
  "fields": {
    "canton": 209,
    "name": "PUERTO RODR\u00cdGUEZ"
  }
},
{
  "model": "clinic.parish",
  "pk": 1283,
  "fields": {
    "canton": 209,
    "name": "SANTA ELENA"
  }
},
{
  "model": "clinic.parish",
  "pk": 1284,
  "fields": {
    "canton": 210,
    "name": "SHUSHUFINDI"
  }
},
{
  "model": "clinic.parish",
  "pk": 1285,
  "fields": {
    "canton": 210,
    "name": "LIMONCOCHA"
  }
},
{
  "model": "clinic.parish",
  "pk": 1286,
  "fields": {
    "canton": 210,
    "name": "PA\u00d1ACOCHA"
  }
},
{
  "model": "clinic.parish",
  "pk": 1287,
  "fields": {
    "canton": 210,
    "name": "SAN ROQUE (CAB. EN SAN VICENTE)"
  }
},
{
  "model": "clinic.parish",
  "pk": 1288,
  "fields": {
    "canton": 210,
    "name": "SAN PEDRO DE LOS COFANES"
  }
},
{
  "model": "clinic.parish",
  "pk": 1289,
  "fields": {
    "canton": 210,
    "name": "SIETE DE JULIO"
  }
},
{
  "model": "clinic.parish",
  "pk": 1290,
  "fields": {
    "canton": 211,
    "name": "LA BONITA"
  }
},
{
  "model": "clinic.parish",
  "pk": 1291,
  "fields": {
    "canton": 211,
    "name": "EL PLAY\u00d3N DE SAN FRANCISCO"
  }
},
{
  "model": "clinic.parish",
  "pk": 1292,
  "fields": {
    "canton": 211,
    "name": "LA SOF\u00cdA"
  }
},
{
  "model": "clinic.parish",
  "pk": 1293,
  "fields": {
    "canton": 211,
    "name": "ROSA FLORIDA"
  }
},
{
  "model": "clinic.parish",
  "pk": 1294,
  "fields": {
    "canton": 211,
    "name": "SANTA B\u00c1RBARA"
  }
},
{
  "model": "clinic.parish",
  "pk": 1295,
  "fields": {
    "canton": 212,
    "name": "EL DORADO DE CASCALES"
  }
},
{
  "model": "clinic.parish",
  "pk": 1296,
  "fields": {
    "canton": 212,
    "name": "SANTA ROSA DE SUCUMB\u00cdOS"
  }
},
{
  "model": "clinic.parish",
  "pk": 1297,
  "fields": {
    "canton": 212,
    "name": "SEVILLA"
  }
},
{
  "model": "clinic.parish",
  "pk": 1298,
  "fields": {
    "canton": 213,
    "name": "TARAPOA"
  }
},
{
  "model": "clinic.parish",
  "pk": 1299,
  "fields": {
    "canton": 213,
    "name": "CUYABENO"
  }
},
{
  "model": "clinic.parish",
  "pk": 1300,
  "fields": {
    "canton": 213,
    "name": "AGUAS NEGRAS"
  }
},
{
  "model": "clinic.parish",
  "pk": 1301,
  "fields": {
    "canton": 214,
    "name": "PUERTO FRANCISCO DE ORELLANA (EL COCA)"
  }
},
{
  "model": "clinic.parish",
  "pk": 1302,
  "fields": {
    "canton": 214,
    "name": "DAYUMA"
  }
},
{
  "model": "clinic.parish",
  "pk": 1303,
  "fields": {
    "canton": 214,
    "name": "TARACOA (NUEVA ESPERANZA: YUCA)"
  }
},
{
  "model": "clinic.parish",
  "pk": 1304,
  "fields": {
    "canton": 214,
    "name": "ALEJANDRO LABAKA"
  }
},
{
  "model": "clinic.parish",
  "pk": 1305,
  "fields": {
    "canton": 214,
    "name": "EL DORADO"
  }
},
{
  "model": "clinic.parish",
  "pk": 1306,
  "fields": {
    "canton": 214,
    "name": "EL ED\u00c9N"
  }
},
{
  "model": "clinic.parish",
  "pk": 1307,
  "fields": {
    "canton": 214,
    "name": "GARC\u00cdA MORENO"
  }
},
{
  "model": "clinic.parish",
  "pk": 1308,
  "fields": {
    "canton": 214,
    "name": "IN\u00c9S ARANGO (CAB. EN WESTERN)"
  }
},
{
  "model": "clinic.parish",
  "pk": 1309,
  "fields": {
    "canton": 214,
    "name": "LA BELLEZA"
  }
},
{
  "model": "clinic.parish",
  "pk": 1310,
  "fields": {
    "canton": 214,
    "name": "NUEVO PARA\u00cdSO (CAB. EN UNI\u00d3N"
  }
},
{
  "model": "clinic.parish",
  "pk": 1311,
  "fields": {
    "canton": 214,
    "name": "SAN JOS\u00c9 DE GUAYUSA"
  }
},
{
  "model": "clinic.parish",
  "pk": 1312,
  "fields": {
    "canton": 214,
    "name": "SAN LUIS DE ARMENIA"
  }
},
{
  "model": "clinic.parish",
  "pk": 1313,
  "fields": {
    "canton": 215,
    "name": "TIPITINI"
  }
},
{
  "model": "clinic.parish",
  "pk": 1314,
  "fields": {
    "canton": 215,
    "name": "NUEVO ROCAFUERTE"
  }
},
{
  "model": "clinic.parish",
  "pk": 1315,
  "fields": {
    "canton": 215,
    "name": "CAPIT\u00c1N AUGUSTO RIVADENEYRA"
  }
},
{
  "model": "clinic.parish",
  "pk": 1316,
  "fields": {
    "canton": 215,
    "name": "CONONACO"
  }
},
{
  "model": "clinic.parish",
  "pk": 1317,
  "fields": {
    "canton": 215,
    "name": "SANTA MAR\u00cdA DE HUIRIRIMA"
  }
},
{
  "model": "clinic.parish",
  "pk": 1318,
  "fields": {
    "canton": 215,
    "name": "TIPUTINI"
  }
},
{
  "model": "clinic.parish",
  "pk": 1319,
  "fields": {
    "canton": 215,
    "name": "YASUN\u00cd"
  }
},
{
  "model": "clinic.parish",
  "pk": 1320,
  "fields": {
    "canton": 216,
    "name": "LA JOYA DE LOS SACHAS"
  }
},
{
  "model": "clinic.parish",
  "pk": 1321,
  "fields": {
    "canton": 216,
    "name": "ENOKANQUI"
  }
},
{
  "model": "clinic.parish",
  "pk": 1322,
  "fields": {
    "canton": 216,
    "name": "POMPEYA"
  }
},
{
  "model": "clinic.parish",
  "pk": 1323,
  "fields": {
    "canton": 216,
    "name": "SAN CARLOS"
  }
},
{
  "model": "clinic.parish",
  "pk": 1324,
  "fields": {
    "canton": 216,
    "name": "SAN SEBASTI\u00c1N DEL COCA"
  }
},
{
  "model": "clinic.parish",
  "pk": 1325,
  "fields": {
    "canton": 216,
    "name": "LAGO SAN PEDRO"
  }
},
{
  "model": "clinic.parish",
  "pk": 1326,
  "fields": {
    "canton": 216,
    "name": "RUMIPAMBA"
  }
},
{
  "model": "clinic.parish",
  "pk": 1327,
  "fields": {
    "canton": 216,
    "name": "TRES DE NOVIEMBRE"
  }
},
{
  "model": "clinic.parish",
  "pk": 1328,
  "fields": {
    "canton": 216,
    "name": "UNI\u00d3N MILAGRE\u00d1A"
  }
},
{
  "model": "clinic.parish",
  "pk": 1329,
  "fields": {
    "canton": 217,
    "name": "LORETO"
  }
},
{
  "model": "clinic.parish",
  "pk": 1330,
  "fields": {
    "canton": 217,
    "name": "AVILA (CAB. EN HUIRUNO)"
  }
},
{
  "model": "clinic.parish",
  "pk": 1331,
  "fields": {
    "canton": 217,
    "name": "PUERTO MURIALDO"
  }
},
{
  "model": "clinic.parish",
  "pk": 1332,
  "fields": {
    "canton": 217,
    "name": "SAN JOS\u00c9 DE PAYAMINO"
  }
},
{
  "model": "clinic.parish",
  "pk": 1333,
  "fields": {
    "canton": 217,
    "name": "SAN JOS\u00c9 DE DAHUANO"
  }
},
{
  "model": "clinic.parish",
  "pk": 1334,
  "fields": {
    "canton": 217,
    "name": "SAN VICENTE DE HUATICOCHA"
  }
},
{
  "model": "clinic.parish",
  "pk": 1335,
  "fields": {
    "canton": 218,
    "name": "ABRAHAM CALAZAC\u00d3N"
  }
},
{
  "model": "clinic.parish",
  "pk": 1336,
  "fields": {
    "canton": 218,
    "name": "BOMBOL\u00cd"
  }
},
{
  "model": "clinic.parish",
  "pk": 1337,
  "fields": {
    "canton": 218,
    "name": "CHIGUILPE"
  }
},
{
  "model": "clinic.parish",
  "pk": 1338,
  "fields": {
    "canton": 218,
    "name": "R\u00cdO TOACHI"
  }
},
{
  "model": "clinic.parish",
  "pk": 1339,
  "fields": {
    "canton": 218,
    "name": "R\u00cdO VERDE"
  }
},
{
  "model": "clinic.parish",
  "pk": 1340,
  "fields": {
    "canton": 218,
    "name": "SANTO DOMINGO DE LOS COLORADOS"
  }
},
{
  "model": "clinic.parish",
  "pk": 1341,
  "fields": {
    "canton": 218,
    "name": "ZARACAY"
  }
},
{
  "model": "clinic.parish",
  "pk": 1342,
  "fields": {
    "canton": 218,
    "name": "ALLURIQU\u00cdN"
  }
},
{
  "model": "clinic.parish",
  "pk": 1343,
  "fields": {
    "canton": 218,
    "name": "PUERTO LIM\u00d3N"
  }
},
{
  "model": "clinic.parish",
  "pk": 1344,
  "fields": {
    "canton": 218,
    "name": "LUZ DE AM\u00c9RICA"
  }
},
{
  "model": "clinic.parish",
  "pk": 1345,
  "fields": {
    "canton": 218,
    "name": "SAN JACINTO DEL B\u00daA"
  }
},
{
  "model": "clinic.parish",
  "pk": 1346,
  "fields": {
    "canton": 218,
    "name": "VALLE HERMOSO"
  }
},
{
  "model": "clinic.parish",
  "pk": 1347,
  "fields": {
    "canton": 218,
    "name": "EL ESFUERZO"
  }
},
{
  "model": "clinic.parish",
  "pk": 1348,
  "fields": {
    "canton": 218,
    "name": "SANTA MAR\u00cdA DEL TOACHI"
  }
},
{
  "model": "clinic.parish",
  "pk": 1349,
  "fields": {
    "canton": 219,
    "name": "BALLENITA"
  }
},
{
  "model": "clinic.parish",
  "pk": 1350,
  "fields": {
    "canton": 219,
    "name": "SANTA ELENA"
  }
},
{
  "model": "clinic.parish",
  "pk": 1351,
  "fields": {
    "canton": 219,
    "name": "ATAHUALPA"
  }
},
{
  "model": "clinic.parish",
  "pk": 1352,
  "fields": {
    "canton": 219,
    "name": "COLONCHE"
  }
},
{
  "model": "clinic.parish",
  "pk": 1353,
  "fields": {
    "canton": 219,
    "name": "CHANDUY"
  }
},
{
  "model": "clinic.parish",
  "pk": 1354,
  "fields": {
    "canton": 219,
    "name": "MANGLARALTO"
  }
},
{
  "model": "clinic.parish",
  "pk": 1355,
  "fields": {
    "canton": 219,
    "name": "SIM\u00d3N BOL\u00cdVAR (JULIO MORENO)"
  }
},
{
  "model": "clinic.parish",
  "pk": 1356,
  "fields": {
    "canton": 219,
    "name": "SAN JOS\u00c9 DE ANC\u00d3N"
  }
},
{
  "model": "clinic.parish",
  "pk": 1357,
  "fields": {
    "canton": 220,
    "name": "LA LIBERTAD"
  }
},
{
  "model": "clinic.parish",
  "pk": 1358,
  "fields": {
    "canton": 221,
    "name": "CARLOS ESPINOZA LARREA"
  }
},
{
  "model": "clinic.parish",
  "pk": 1359,
  "fields": {
    "canton": 221,
    "name": "GRAL. ALBERTO ENR\u00cdQUEZ GALLO"
  }
},
{
  "model": "clinic.parish",
  "pk": 1360,
  "fields": {
    "canton": 221,
    "name": "VICENTE ROCAFUERTE"
  }
},
{
  "model": "clinic.parish",
  "pk": 1361,
  "fields": {
    "canton": 221,
    "name": "SANTA ROSA"
  }
},
{
  "model": "clinic.parish",
  "pk": 1362,
  "fields": {
    "canton": 221,
    "name": "SALINAS"
  }
},
{
  "model": "clinic.parish",
  "pk": 1363,
  "fields": {
    "canton": 221,
    "name": "ANCONCITO"
  }
},
{
  "model": "clinic.parish",
  "pk": 1364,
  "fields": {
    "canton": 221,
    "name": "JOS\u00c9 LUIS TAMAYO (MUEY)"
  }
},
{
  "model": "clinic.parish",
  "pk": 1365,
  "fields": {
    "canton": 222,
    "name": "LAS GOLONDRINAS"
  }
},
{
  "model": "clinic.parish",
  "pk": 1366,
  "fields": {
    "canton": 223,
    "name": "MANGA DEL CURA"
  }
},
{
  "model": "clinic.parish",
  "pk": 1367,
  "fields": {
    "canton": 224,
    "name": "EL PIEDRERO"
  }
},
{
  "model": "clinic.profession",
  "pk": 1,
  "fields": {
    "name": "Programador"
  }
},
{
  "model": "clinic.profession",
  "pk": 2,
  "fields": {
    "name": "Veterinario"
  }
},
{
  "model": "clinic.profession",
  "pk": 3,
  "fields": {
    "name": "Cajero"
  }
},
{
  "model": "clinic.provider",
  "pk": 1,
  "fields": {
    "name": "EXPALSA S.A.",
    "ruc": "0928363993001",
    "mobile": "0979014551",
    "address": "MILAGRO",
    "email": "expalsa@gmail.com"
  }
},
{
  "model": "clinic.provider",
  "pk": 2,
  "fields": {
    "name": "FREDDY S.A.",
    "ruc": "0302660881001",
    "mobile": "0921212121",
    "address": "NARANJITO",
    "email": "freddy@gmail.com"
  }
},
{
  "model": "clinic.producttype",
  "pk": 1,
  "fields": {
    "name": "Vacunas",
    "has_stock": true
  }
},
{
  "model": "clinic.producttype",
  "pk": 2,
  "fields": {
    "name": "Medicamentos",
    "has_stock": true
  }
},
{
  "model": "clinic.producttype",
  "pk": 3,
  "fields": {
    "name": "Productos",
    "has_stock": true
  }
},
{
  "model": "clinic.producttype",
  "pk": 4,
  "fields": {
    "name": "Servicios",
    "has_stock": false
  }
},
{
  "model": "clinic.producttype",
  "pk": 5,
  "fields": {
    "name": "Ex\u00e1menes",
    "has_stock": false
  }
},
{
  "model": "clinic.product",
  "pk": 1,
  "fields": {
    "name": "Effitix pipetas",
    "desc": null,
    "producttype": 2,
    "image": "",
    "price": "17.00",
    "stock": 30
  }
},
{
  "model": "clinic.product",
  "pk": 2,
  "fields": {
    "name": "Antipulgas Revolution azul",
    "desc": null,
    "producttype": 1,
    "image": "",
    "price": "16.00",
    "stock": 44
  }
},
{
  "model": "clinic.product",
  "pk": 3,
  "fields": {
    "name": "Profilaxis",
    "desc": null,
    "producttype": 4,
    "image": "",
    "price": "15.00",
    "stock": 0
  }
},
{
  "model": "clinic.product",
  "pk": 4,
  "fields": {
    "name": "ECOGRAFIA ABDOMINAL O GESTACIONAL",
    "desc": null,
    "producttype": 5,
    "image": "",
    "price": "35.00",
    "stock": 0
  }
},
{
  "model": "clinic.product",
  "pk": 5,
  "fields": {
    "name": "RADIOGRAFIAS",
    "desc": null,
    "producttype": 5,
    "image": "",
    "price": "25.00",
    "stock": 0
  }
},
{
  "model": "clinic.product",
  "pk": 6,
  "fields": {
    "name": "Panel de coagulacion (pt,ttpk, rec plaq)",
    "desc": null,
    "producttype": 5,
    "image": "",
    "price": "17.00",
    "stock": 0
  }
},
{
  "model": "clinic.product",
  "pk": 7,
  "fields": {
    "name": "Directo de pelos",
    "desc": null,
    "producttype": 5,
    "image": "",
    "price": "10.00",
    "stock": 0
  }
},
{
  "model": "clinic.product",
  "pk": 8,
  "fields": {
    "name": "Coprologico completo",
    "desc": null,
    "producttype": 5,
    "image": "",
    "price": "34.00",
    "stock": 0
  }
},
{
  "model": "clinic.product",
  "pk": 9,
  "fields": {
    "name": "Coproparasitario seriado",
    "desc": null,
    "producttype": 5,
    "image": "",
    "price": "20.40",
    "stock": 0
  }
},
{
  "model": "clinic.product",
  "pk": 10,
  "fields": {
    "name": "CORONAVIRUS FELINO (PIF)",
    "desc": null,
    "producttype": 5,
    "image": "",
    "price": "22.10",
    "stock": 0
  }
},
{
  "model": "clinic.product",
  "pk": 11,
  "fields": {
    "name": "Cortisol/creatinina orina",
    "desc": null,
    "producttype": 5,
    "image": "",
    "price": "23.80",
    "stock": 0
  }
},
{
  "model": "clinic.product",
  "pk": 12,
  "fields": {
    "name": "Cultivo de bacterias aerobicas y facultativas",
    "desc": null,
    "producttype": 5,
    "image": "",
    "price": "22.10",
    "stock": 0
  }
},
{
  "model": "clinic.product",
  "pk": 13,
  "fields": {
    "name": "Creatinina en orina",
    "desc": null,
    "producttype": 5,
    "image": "",
    "price": "6.80",
    "stock": 0
  }
},
{
  "model": "clinic.product",
  "pk": 14,
  "fields": {
    "name": "Compatibilidad Sanguinea",
    "desc": null,
    "producttype": 5,
    "image": "",
    "price": "10.20",
    "stock": 0
  }
},
{
  "model": "clinic.product",
  "pk": 15,
  "fields": {
    "name": "BRUCELA CANIS IGM",
    "desc": null,
    "producttype": 5,
    "image": "",
    "price": "25.50",
    "stock": 0
  }
},
{
  "model": "clinic.product",
  "pk": 16,
  "fields": {
    "name": "Cortisol basal",
    "desc": null,
    "producttype": 5,
    "image": "",
    "price": "18.30",
    "stock": 0
  }
},
{
  "model": "clinic.product",
  "pk": 17,
  "fields": {
    "name": "Citologia",
    "desc": null,
    "producttype": 5,
    "image": "",
    "price": "10.00",
    "stock": 0
  }
},
{
  "model": "clinic.product",
  "pk": 18,
  "fields": {
    "name": "Cobre medicion en sangre",
    "desc": null,
    "producttype": 5,
    "image": "",
    "price": "27.20",
    "stock": 0
  }
},
{
  "model": "clinic.product",
  "pk": 19,
  "fields": {
    "name": "Citoquimico Fecal",
    "desc": null,
    "producttype": 5,
    "image": "",
    "price": "10.20",
    "stock": 0
  }
},
{
  "model": "clinic.product",
  "pk": 20,
  "fields": {
    "name": "TEST SCHIRMER",
    "desc": null,
    "producttype": 5,
    "image": "",
    "price": "1.50",
    "stock": 0
  }
},
{
  "model": "clinic.product",
  "pk": 21,
  "fields": {
    "name": "Citoquimico iquidos de cavidades o efusiones",
    "desc": null,
    "producttype": 5,
    "image": "",
    "price": "23.80",
    "stock": 0
  }
},
{
  "model": "clinic.product",
  "pk": 22,
  "fields": {
    "name": "Calculo Urorenal (urolito)",
    "desc": null,
    "producttype": 5,
    "image": "",
    "price": "17.00",
    "stock": 0
  }
},
{
  "model": "clinic.product",
  "pk": 23,
  "fields": {
    "name": "TEST FLUORESCEINA",
    "desc": null,
    "producttype": 5,
    "image": "",
    "price": "1.50",
    "stock": 0
  }
},
{
  "model": "clinic.product",
  "pk": 24,
  "fields": {
    "name": "Cultivo bac. aer y fac, antibiograma y tincion",
    "desc": null,
    "producttype": 5,
    "image": "",
    "price": "20.40",
    "stock": 0
  }
},
{
  "model": "clinic.product",
  "pk": 25,
  "fields": {
    "name": "Hemoparasitos de Mamiferos",
    "desc": null,
    "producttype": 5,
    "image": "",
    "price": "5.95",
    "stock": 0
  }
},
{
  "model": "clinic.product",
  "pk": 26,
  "fields": {
    "name": "BRUCELLA CANIS PCR",
    "desc": null,
    "producttype": 5,
    "image": "",
    "price": "44.20",
    "stock": 0
  }
},
{
  "model": "clinic.product",
  "pk": 27,
  "fields": {
    "name": "Leptospira (microsc campo oscuro, orina)",
    "desc": null,
    "producttype": 5,
    "image": "",
    "price": "13.60",
    "stock": 0
  }
},
{
  "model": "clinic.product",
  "pk": 28,
  "fields": {
    "name": "Leptospira IGG",
    "desc": null,
    "producttype": 5,
    "image": "",
    "price": "23.80",
    "stock": 0
  }
},
{
  "model": "clinic.product",
  "pk": 29,
  "fields": {
    "name": "Parvovirus IGM",
    "desc": null,
    "producttype": 5,
    "image": "",
    "price": "22.10",
    "stock": 0
  }
},
{
  "model": "clinic.product",
  "pk": 30,
  "fields": {
    "name": "Parvovirus Ag fecal",
    "desc": null,
    "producttype": 5,
    "image": "",
    "price": "22.10",
    "stock": 0
  }
},
{
  "model": "clinic.product",
  "pk": 31,
  "fields": {
    "name": "Parasitologico seriado de deposiciones",
    "desc": null,
    "producttype": 5,
    "image": "",
    "price": "18.70",
    "stock": 0
  }
},
{
  "model": "clinic.product",
  "pk": 32,
  "fields": {
    "name": "Panel autoinmune (ANA,celulas de lupus)",
    "desc": null,
    "producttype": 5,
    "image": "",
    "price": "22.10",
    "stock": 0
  }
},
{
  "model": "clinic.product",
  "pk": 33,
  "fields": {
    "name": "Mycoplasma Haemofelis",
    "desc": null,
    "producttype": 5,
    "image": "",
    "price": "6.00",
    "stock": 0
  }
},
{
  "model": "clinic.product",
  "pk": 34,
  "fields": {
    "name": "Malazzesia Recuento",
    "desc": null,
    "producttype": 5,
    "image": "",
    "price": "10.20",
    "stock": 0
  }
},
{
  "model": "clinic.product",
  "pk": 35,
  "fields": {
    "name": "Glicemia",
    "desc": null,
    "producttype": 5,
    "image": "",
    "price": "10.00",
    "stock": 0
  }
},
{
  "model": "clinic.product",
  "pk": 36,
  "fields": {
    "name": "Perfil Bioqu\u00edmico + Electrolitos",
    "desc": null,
    "producttype": 5,
    "image": "",
    "price": "30.60",
    "stock": 0
  }
},
{
  "model": "clinic.product",
  "pk": 37,
  "fields": {
    "name": "Lavado bronco alveolar",
    "desc": null,
    "producttype": 5,
    "image": "",
    "price": "25.50",
    "stock": 0
  }
},
{
  "model": "clinic.product",
  "pk": 38,
  "fields": {
    "name": "Examen de Insulina",
    "desc": null,
    "producttype": 5,
    "image": "",
    "price": "0.00",
    "stock": 0
  }
},
{
  "model": "clinic.product",
  "pk": 39,
  "fields": {
    "name": "Hemograma Mamiferos",
    "desc": null,
    "producttype": 5,
    "image": "",
    "price": "10.20",
    "stock": 0
  }
},
{
  "model": "clinic.product",
  "pk": 40,
  "fields": {
    "name": "Hemograma de Aves y Reptiles",
    "desc": null,
    "producttype": 5,
    "image": "",
    "price": "13.00",
    "stock": 0
  }
},
{
  "model": "clinic.product",
  "pk": 41,
  "fields": {
    "name": "Hemog+dist igm+antig ocular+parvo ant fecal",
    "desc": null,
    "producttype": 5,
    "image": "",
    "price": "49.30",
    "stock": 0
  }
},
{
  "model": "clinic.product",
  "pk": 42,
  "fields": {
    "name": "Hematocrito",
    "desc": null,
    "producttype": 5,
    "image": "",
    "price": "6.00",
    "stock": 0
  }
},
{
  "model": "clinic.product",
  "pk": 43,
  "fields": {
    "name": "Leptospira PCR",
    "desc": null,
    "producttype": 5,
    "image": "",
    "price": "44.20",
    "stock": 0
  }
},
{
  "model": "clinic.product",
  "pk": 44,
  "fields": {
    "name": "Perfil+Hemograma aves y reptiles",
    "desc": null,
    "producttype": 5,
    "image": "",
    "price": "27.20",
    "stock": 0
  }
},
{
  "model": "clinic.product",
  "pk": 45,
  "fields": {
    "name": "Cultivo de bacterias anaerobicas",
    "desc": null,
    "producttype": 5,
    "image": "",
    "price": "13.60",
    "stock": 0
  }
},
{
  "model": "clinic.product",
  "pk": 46,
  "fields": {
    "name": "T4 TOTAL",
    "desc": null,
    "producttype": 5,
    "image": "",
    "price": "15.30",
    "stock": 0
  }
},
{
  "model": "clinic.product",
  "pk": 47,
  "fields": {
    "name": "CITOLOGIA DERMATOLOGICA",
    "desc": null,
    "producttype": 5,
    "image": "",
    "price": "17.00",
    "stock": 0
  }
},
{
  "model": "clinic.product",
  "pk": 48,
  "fields": {
    "name": "T4 + TSH",
    "desc": null,
    "producttype": 5,
    "image": "",
    "price": "28.90",
    "stock": 0
  }
},
{
  "model": "clinic.product",
  "pk": 49,
  "fields": {
    "name": "Perfil Renal",
    "desc": null,
    "producttype": 5,
    "image": "",
    "price": "8.50",
    "stock": 0
  }
},
{
  "model": "clinic.product",
  "pk": 50,
  "fields": {
    "name": "Perfil Prequirurgico",
    "desc": null,
    "producttype": 5,
    "image": "",
    "price": "23.80",
    "stock": 0
  }
},
{
  "model": "clinic.product",
  "pk": 51,
  "fields": {
    "name": "Perfil Pancreatico",
    "desc": null,
    "producttype": 5,
    "image": "",
    "price": "11.90",
    "stock": 0
  }
},
{
  "model": "clinic.product",
  "pk": 52,
  "fields": {
    "name": "Perfil Lipidico",
    "desc": null,
    "producttype": 5,
    "image": "",
    "price": "11.20",
    "stock": 0
  }
},
{
  "model": "clinic.product",
  "pk": 53,
  "fields": {
    "name": "FRUCTOSAMINA",
    "desc": null,
    "producttype": 5,
    "image": "",
    "price": "11.90",
    "stock": 0
  }
},
{
  "model": "clinic.product",
  "pk": 54,
  "fields": {
    "name": "Examen Distemper",
    "desc": null,
    "producttype": 5,
    "image": "",
    "price": "10.00",
    "stock": 0
  }
},
{
  "model": "clinic.product",
  "pk": 55,
  "fields": {
    "name": "Electrolitos",
    "desc": null,
    "producttype": 5,
    "image": "",
    "price": "20.40",
    "stock": 0
  }
},
{
  "model": "clinic.product",
  "pk": 56,
  "fields": {
    "name": "Ehrlichia canis, Anaplasma IGG",
    "desc": null,
    "producttype": 5,
    "image": "",
    "price": "23.80",
    "stock": 0
  }
},
{
  "model": "clinic.product",
  "pk": 57,
  "fields": {
    "name": "Directo de pelos+cultivo de hongos",
    "desc": null,
    "producttype": 5,
    "image": "",
    "price": "17.00",
    "stock": 0
  }
},
{
  "model": "clinic.product",
  "pk": 58,
  "fields": {
    "name": "Fonobarbital niveles plasmaticos",
    "desc": null,
    "producttype": 5,
    "image": "",
    "price": "17.00",
    "stock": 0
  }
},
{
  "model": "clinic.product",
  "pk": 59,
  "fields": {
    "name": "Factor de Won Willebrand",
    "desc": null,
    "producttype": 5,
    "image": "",
    "price": "34.00",
    "stock": 0
  }
},
{
  "model": "clinic.product",
  "pk": 60,
  "fields": {
    "name": "VACUNACI\u00d3N ANTIRR\u00c1BICA",
    "desc": null,
    "producttype": 4,
    "image": "",
    "price": "19.00",
    "stock": 0
  }
},
{
  "model": "clinic.product",
  "pk": 61,
  "fields": {
    "name": "VACUNACI\u00d3N S\u00c9XTUPLE Y ANTIRR\u00c1BICA",
    "desc": null,
    "producttype": 4,
    "image": "",
    "price": "22.00",
    "stock": 0
  }
},
{
  "model": "clinic.product",
  "pk": 62,
  "fields": {
    "name": "VACUNACI\u00d3N TRIPLE FELINA",
    "desc": null,
    "producttype": 4,
    "image": "",
    "price": "19.50",
    "stock": 0
  }
},
{
  "model": "clinic.product",
  "pk": 63,
  "fields": {
    "name": "VACUNACI\u00d3N TRIPLE FELIINA Y ANTIRR\u00c1BICA",
    "desc": null,
    "producttype": 4,
    "image": "",
    "price": "22.00",
    "stock": 0
  }
},
{
  "model": "clinic.product",
  "pk": 64,
  "fields": {
    "name": "VACUNACI\u00d3N HUR\u00d3N",
    "desc": null,
    "producttype": 4,
    "image": "",
    "price": "28.00",
    "stock": 0
  }
},
{
  "model": "clinic.product",
  "pk": 65,
  "fields": {
    "name": "CASTRACI\u00d3N",
    "desc": null,
    "producttype": 4,
    "image": "",
    "price": "40.00",
    "stock": 0
  }
},
{
  "model": "clinic.product",
  "pk": 66,
  "fields": {
    "name": "ESTERILIZACION",
    "desc": null,
    "producttype": 4,
    "image": "",
    "price": "30.00",
    "stock": 0
  }
},
{
  "model": "clinic.product",
  "pk": 67,
  "fields": {
    "name": "DESTARTRAJE",
    "desc": null,
    "producttype": 4,
    "image": "",
    "price": "30.00",
    "stock": 0
  }
},
{
  "model": "clinic.product",
  "pk": 68,
  "fields": {
    "name": "CESAREA",
    "desc": null,
    "producttype": 4,
    "image": "",
    "price": "30.00",
    "stock": 0
  }
},
{
  "model": "clinic.product",
  "pk": 69,
  "fields": {
    "name": "CIRUGIA DISPLASIA DE CADERAS",
    "desc": null,
    "producttype": 4,
    "image": "",
    "price": "30.00",
    "stock": 0
  }
},
{
  "model": "clinic.product",
  "pk": 70,
  "fields": {
    "name": "BIOPSIA",
    "desc": null,
    "producttype": 4,
    "image": "",
    "price": "30.00",
    "stock": 0
  }
},
{
  "model": "clinic.product",
  "pk": 71,
  "fields": {
    "name": "PIOMETRA",
    "desc": null,
    "producttype": 4,
    "image": "",
    "price": "30.00",
    "stock": 0
  }
},
{
  "model": "clinic.product",
  "pk": 72,
  "fields": {
    "name": "EXTRACCION TUMOR",
    "desc": null,
    "producttype": 4,
    "image": "",
    "price": "30.00",
    "stock": 0
  }
},
{
  "model": "clinic.product",
  "pk": 73,
  "fields": {
    "name": "ENDOSCOPIA",
    "desc": null,
    "producttype": 4,
    "image": "",
    "price": "30.00",
    "stock": 0
  }
},
{
  "model": "clinic.product",
  "pk": 74,
  "fields": {
    "name": "VIDEO OTOSCOPIA",
    "desc": null,
    "producttype": 4,
    "image": "",
    "price": "30.00",
    "stock": 0
  }
},
{
  "model": "clinic.product",
  "pk": 75,
  "fields": {
    "name": "CATARATAS",
    "desc": null,
    "producttype": 4,
    "image": "",
    "price": "30.00",
    "stock": 0
  }
},
{
  "model": "clinic.product",
  "pk": 76,
  "fields": {
    "name": "AMPLIACI\u00d3N DE NARINAS",
    "desc": null,
    "producttype": 4,
    "image": "",
    "price": "30.00",
    "stock": 0
  }
},
{
  "model": "clinic.product",
  "pk": 77,
  "fields": {
    "name": "RINOSCOP\u00cdA",
    "desc": null,
    "producttype": 4,
    "image": "",
    "price": "30.00",
    "stock": 0
  }
},
{
  "model": "clinic.product",
  "pk": 78,
  "fields": {
    "name": "OSTEOSINTESIS",
    "desc": null,
    "producttype": 4,
    "image": "",
    "price": "30.00",
    "stock": 0
  }
},
{
  "model": "clinic.product",
  "pk": 79,
  "fields": {
    "name": "LIMPIEZA DE OIDOS",
    "desc": null,
    "producttype": 4,
    "image": "",
    "price": "6.00",
    "stock": 0
  }
},
{
  "model": "clinic.product",
  "pk": 80,
  "fields": {
    "name": "CORTE DE U\u00d1AS",
    "desc": null,
    "producttype": 4,
    "image": "",
    "price": "5.00",
    "stock": 0
  }
},
{
  "model": "clinic.product",
  "pk": 81,
  "fields": {
    "name": "MICROCHIP APLICACI\u00d3N E INSCRIPCION",
    "desc": null,
    "producttype": 4,
    "image": "",
    "price": "18.00",
    "stock": 0
  }
},
{
  "model": "clinic.product",
  "pk": 82,
  "fields": {
    "name": "VACIAMIENTO DE GLANDULAS ANALES",
    "desc": null,
    "producttype": 4,
    "image": "",
    "price": "6.00",
    "stock": 0
  }
},
{
  "model": "clinic.product",
  "pk": 83,
  "fields": {
    "name": "INSEMINACION ARTIFICIAL",
    "desc": null,
    "producttype": 4,
    "image": "",
    "price": "150.00",
    "stock": 0
  }
},
{
  "model": "clinic.product",
  "pk": 84,
  "fields": {
    "name": "ASISTENCIA AL PARTO",
    "desc": null,
    "producttype": 4,
    "image": "",
    "price": "70.00",
    "stock": 0
  }
},
{
  "model": "clinic.product",
  "pk": 85,
  "fields": {
    "name": "HOSPITALIZACION",
    "desc": null,
    "producttype": 4,
    "image": "",
    "price": "10.00",
    "stock": 0
  }
},
{
  "model": "clinic.product",
  "pk": 86,
  "fields": {
    "name": "TOMA DE MUESTRA DE SANGRE",
    "desc": null,
    "producttype": 4,
    "image": "",
    "price": "5.00",
    "stock": 0
  }
},
{
  "model": "clinic.product",
  "pk": 87,
  "fields": {
    "name": "QUIMIOTERAPIA",
    "desc": null,
    "producttype": 4,
    "image": "",
    "price": "500.00",
    "stock": 0
  }
},
{
  "model": "clinic.product",
  "pk": 88,
  "fields": {
    "name": "DESTRATRAJE",
    "desc": null,
    "producttype": 4,
    "image": "",
    "price": "80.00",
    "stock": 0
  }
},
{
  "model": "clinic.product",
  "pk": 89,
  "fields": {
    "name": "VENDAJE O YESO",
    "desc": null,
    "producttype": 4,
    "image": "",
    "price": "20.00",
    "stock": 0
  }
},
{
  "model": "clinic.product",
  "pk": 90,
  "fields": {
    "name": "LAVADO GASTRICO",
    "desc": null,
    "producttype": 4,
    "image": "",
    "price": "60.00",
    "stock": 0
  }
},
{
  "model": "clinic.product",
  "pk": 91,
  "fields": {
    "name": "CONSULTA GENERAL",
    "desc": null,
    "producttype": 4,
    "image": "",
    "price": "16.00",
    "stock": 0
  }
},
{
  "model": "clinic.product",
  "pk": 92,
  "fields": {
    "name": "CONSULTA FESTIVOS",
    "desc": null,
    "producttype": 4,
    "image": "",
    "price": "20.00",
    "stock": 0
  }
},
{
  "model": "clinic.product",
  "pk": 93,
  "fields": {
    "name": "CONSULTA DOMICILIO",
    "desc": null,
    "producttype": 4,
    "image": "",
    "price": "25.00",
    "stock": 0
  }
},
{
  "model": "clinic.product",
  "pk": 94,
  "fields": {
    "name": "CONSULTA DERMATOLOGICA",
    "desc": null,
    "producttype": 4,
    "image": "",
    "price": "35.00",
    "stock": 0
  }
},
{
  "model": "clinic.product",
  "pk": 95,
  "fields": {
    "name": "CONSULTA MASCOTAS EX\u00d3TICAS",
    "desc": null,
    "producttype": 4,
    "image": "",
    "price": "25.00",
    "stock": 0
  }
},
{
  "model": "clinic.product",
  "pk": 96,
  "fields": {
    "name": "CONSULTA ENDOCRINOLOGICA",
    "desc": null,
    "producttype": 4,
    "image": "",
    "price": "35.00",
    "stock": 0
  }
},
{
  "model": "clinic.product",
  "pk": 97,
  "fields": {
    "name": "CONSULTA OFTALMOLOGICA",
    "desc": null,
    "producttype": 4,
    "image": "",
    "price": "35.00",
    "stock": 0
  }
},
{
  "model": "clinic.product",
  "pk": 98,
  "fields": {
    "name": "CONSULTA TRAUMATOLOGICA/ ORTOPEDIA",
    "desc": null,
    "producttype": 4,
    "image": "",
    "price": "30.00",
    "stock": 0
  }
},
{
  "model": "clinic.product",
  "pk": 99,
  "fields": {
    "name": "CONSULTA CARDIOLOGICA+ ECOCARDIO+ELECTRO",
    "desc": null,
    "producttype": 4,
    "image": "",
    "price": "60.00",
    "stock": 0
  }
},
{
  "model": "clinic.product",
  "pk": 100,
  "fields": {
    "name": "CONSULTA NEUROL\u00d3GICA",
    "desc": null,
    "producttype": 4,
    "image": "",
    "price": "35.00",
    "stock": 0
  }
},
{
  "model": "clinic.product",
  "pk": 101,
  "fields": {
    "name": "CONSULTA ONCOLOGICA",
    "desc": null,
    "producttype": 4,
    "image": "",
    "price": "45.00",
    "stock": 0
  }
},
{
  "model": "clinic.product",
  "pk": 102,
  "fields": {
    "name": "Abamexin\u00ae L.A.",
    "desc": null,
    "producttype": 2,
    "image": "",
    "price": "40.00",
    "stock": 56
  }
},
{
  "model": "clinic.product",
  "pk": 103,
  "fields": {
    "name": "Abamexin\u00ae Pour On",
    "desc": null,
    "producttype": 1,
    "image": "",
    "price": "39.00",
    "stock": 113
  }
},
{
  "model": "clinic.product",
  "pk": 104,
  "fields": {
    "name": "ABZ\u00ae 12.5% con Minerales",
    "desc": null,
    "producttype": 2,
    "image": "",
    "price": "48.00",
    "stock": 105
  }
},
{
  "model": "clinic.product",
  "pk": 105,
  "fields": {
    "name": "ABZ\u00ae 15% con Cobalto",
    "desc": null,
    "producttype": 3,
    "image": "",
    "price": "16.00",
    "stock": 10
  }
},
{
  "model": "clinic.product",
  "pk": 106,
  "fields": {
    "name": "ABZ\u00ae 20%",
    "desc": null,
    "producttype": 3,
    "image": "",
    "price": "3.00",
    "stock": 10
  }
},
{
  "model": "clinic.product",
  "pk": 107,
  "fields": {
    "name": "Adefortex\u00ae500/25/4",
    "desc": null,
    "producttype": 2,
    "image": "",
    "price": "6.00",
    "stock": 10
  }
},
{
  "model": "clinic.product",
  "pk": 108,
  "fields": {
    "name": "Adrena-Vida\u00ae | Analeptin",
    "desc": null,
    "producttype": 2,
    "image": "",
    "price": "42.00",
    "stock": 20
  }
},
{
  "model": "clinic.product",
  "pk": 109,
  "fields": {
    "name": "Agrobolin\u00ae A.P.",
    "desc": null,
    "producttype": 3,
    "image": "",
    "price": "38.00",
    "stock": 8
  }
},
{
  "model": "clinic.product",
  "pk": 110,
  "fields": {
    "name": "Agrogenta\u00ae 11",
    "desc": null,
    "producttype": 2,
    "image": "",
    "price": "50.00",
    "stock": 8
  }
},
{
  "model": "clinic.product",
  "pk": 111,
  "fields": {
    "name": "Agromycin\u00ae 11",
    "desc": null,
    "producttype": 3,
    "image": "",
    "price": "49.00",
    "stock": 5
  }
},
{
  "model": "clinic.product",
  "pk": 112,
  "fields": {
    "name": "Agromycin\u00ae 20 L.A.",
    "desc": null,
    "producttype": 2,
    "image": "",
    "price": "17.00",
    "stock": 10
  }
},
{
  "model": "clinic.product",
  "pk": 113,
  "fields": {
    "name": "Agrosona\u00ae",
    "desc": null,
    "producttype": 2,
    "image": "",
    "price": "29.00",
    "stock": 13
  }
},
{
  "model": "clinic.product",
  "pk": 114,
  "fields": {
    "name": "Alcanforvet\u00ae Alcanforado Plus",
    "desc": null,
    "producttype": 3,
    "image": "",
    "price": "49.00",
    "stock": 9
  }
},
{
  "model": "clinic.product",
  "pk": 115,
  "fields": {
    "name": "Alpamec\u00ae L.A.",
    "desc": null,
    "producttype": 1,
    "image": "",
    "price": "24.00",
    "stock": 20
  }
},
{
  "model": "clinic.product",
  "pk": 116,
  "fields": {
    "name": "Aminoplex\u00ae Forte",
    "desc": null,
    "producttype": 3,
    "image": "",
    "price": "17.00",
    "stock": 40
  }
},
{
  "model": "clinic.product",
  "pk": 117,
  "fields": {
    "name": "Aminoplex\u00ae Forte OS",
    "desc": null,
    "producttype": 1,
    "image": "",
    "price": "20.00",
    "stock": 55
  }
},
{
  "model": "clinic.product",
  "pk": 118,
  "fields": {
    "name": "Aminoplex\u00ae Light",
    "desc": null,
    "producttype": 2,
    "image": "",
    "price": "2.00",
    "stock": 10
  }
},
{
  "model": "clinic.product",
  "pk": 119,
  "fields": {
    "name": "Amoxi-Tabs C\u00ae-250",
    "desc": null,
    "producttype": 1,
    "image": "",
    "price": "8.00",
    "stock": 65
  }
},
{
  "model": "clinic.product",
  "pk": 120,
  "fields": {
    "name": "Amoxigentin\u00ae",
    "desc": null,
    "producttype": 3,
    "image": "",
    "price": "31.00",
    "stock": 40
  }
},
{
  "model": "clinic.product",
  "pk": 121,
  "fields": {
    "name": "Amoxycol\u00ae IS",
    "desc": null,
    "producttype": 2,
    "image": "",
    "price": "31.00",
    "stock": 65
  }
},
{
  "model": "clinic.product",
  "pk": 122,
  "fields": {
    "name": "Amoxycol\u00ae WS",
    "desc": null,
    "producttype": 3,
    "image": "",
    "price": "17.00",
    "stock": 20
  }
},
{
  "model": "clinic.product",
  "pk": 123,
  "fields": {
    "name": "Antipirozene B12\u00ae",
    "desc": null,
    "producttype": 2,
    "image": "",
    "price": "36.00",
    "stock": 2
  }
},
{
  "model": "clinic.product",
  "pk": 124,
  "fields": {
    "name": "Aquacid Cu OS",
    "desc": null,
    "producttype": 3,
    "image": "",
    "price": "6.00",
    "stock": 5
  }
},
{
  "model": "clinic.product",
  "pk": 125,
  "fields": {
    "name": "Artrosamine\u00ae/Flexi-Tabs\u00ae",
    "desc": null,
    "producttype": 1,
    "image": "",
    "price": "3.00",
    "stock": 80
  }
},
{
  "model": "clinic.product",
  "pk": 126,
  "fields": {
    "name": "Artrosequin\u00ae",
    "desc": null,
    "producttype": 1,
    "image": "",
    "price": "10.00",
    "stock": 120
  }
},
{
  "model": "clinic.product",
  "pk": 127,
  "fields": {
    "name": "Ascorvet 250/Cevital",
    "desc": null,
    "producttype": 2,
    "image": "",
    "price": "7.00",
    "stock": 10
  }
},
{
  "model": "clinic.product",
  "pk": 128,
  "fields": {
    "name": "Aureomycin\u00ae G200 Px/Aureocyclin\u00ae G200 Px",
    "desc": null,
    "producttype": 2,
    "image": "",
    "price": "19.00",
    "stock": 20
  }
},
{
  "model": "clinic.product",
  "pk": 129,
  "fields": {
    "name": "Biosporine 3\u00ae",
    "desc": null,
    "producttype": 2,
    "image": "",
    "price": "21.00",
    "stock": 10
  }
},
{
  "model": "clinic.product",
  "pk": 130,
  "fields": {
    "name": "Boldemax\u00ae A.P.",
    "desc": null,
    "producttype": 1,
    "image": "",
    "price": "49.00",
    "stock": 15
  }
},
{
  "model": "clinic.product",
  "pk": 131,
  "fields": {
    "name": "Boldemec\u00ae L.A.",
    "desc": null,
    "producttype": 2,
    "image": "",
    "price": "20.00",
    "stock": 10
  }
},
{
  "model": "clinic.product",
  "pk": 132,
  "fields": {
    "name": "Booster\u00ae RN Terneros",
    "desc": null,
    "producttype": 2,
    "image": "",
    "price": "19.00",
    "stock": 40
  }
},
{
  "model": "clinic.product",
  "pk": 133,
  "fields": {
    "name": "Bovimec\u00ae",
    "desc": null,
    "producttype": 1,
    "image": "",
    "price": "49.00",
    "stock": 4
  }
},
{
  "model": "clinic.product",
  "pk": 134,
  "fields": {
    "name": "Bovimec\u00ae 1.5% L.A.",
    "desc": null,
    "producttype": 3,
    "image": "",
    "price": "38.00",
    "stock": 3
  }
},
{
  "model": "clinic.product",
  "pk": 135,
  "fields": {
    "name": "Bovimec\u00ae 2%",
    "desc": null,
    "producttype": 1,
    "image": "",
    "price": "16.00",
    "stock": 20
  }
},
{
  "model": "clinic.product",
  "pk": 136,
  "fields": {
    "name": "Bovimec\u00ae Etiqueta Azul 3.15%",
    "desc": null,
    "producttype": 1,
    "image": "",
    "price": "8.00",
    "stock": 10
  }
},
{
  "model": "clinic.product",
  "pk": 137,
  "fields": {
    "name": "Bovimec\u00ae F",
    "desc": null,
    "producttype": 2,
    "image": "",
    "price": "43.00",
    "stock": 40
  }
},
{
  "model": "clinic.product",
  "pk": 138,
  "fields": {
    "name": "Bovimec\u00ae L.A.",
    "desc": null,
    "producttype": 2,
    "image": "",
    "price": "28.00",
    "stock": 10
  }
},
{
  "model": "clinic.product",
  "pk": 139,
  "fields": {
    "name": "Bovimec\u00ae L.A. AD3E",
    "desc": null,
    "producttype": 2,
    "image": "",
    "price": "3.00",
    "stock": 10
  }
},
{
  "model": "clinic.product",
  "pk": 140,
  "fields": {
    "name": "Bovimec\u00ae Pour On",
    "desc": null,
    "producttype": 2,
    "image": "",
    "price": "49.00",
    "stock": 0
  }
},
{
  "model": "clinic.product",
  "pk": 141,
  "fields": {
    "name": "Calcidex Forte | Calfosmin D",
    "desc": null,
    "producttype": 2,
    "image": "",
    "price": "31.00",
    "stock": 0
  }
},
{
  "model": "clinic.product",
  "pk": 142,
  "fields": {
    "name": "Calcio para Vacas del Dr. Calder\u00f3n",
    "desc": null,
    "producttype": 3,
    "image": "",
    "price": "4.00",
    "stock": 0
  }
},
{
  "model": "clinic.product",
  "pk": 143,
  "fields": {
    "name": "Calfortis\u00ae",
    "desc": null,
    "producttype": 2,
    "image": "",
    "price": "49.00",
    "stock": 0
  }
},
{
  "model": "clinic.product",
  "pk": 144,
  "fields": {
    "name": "Cani-Tabs\u00ae Brain & Neuro",
    "desc": null,
    "producttype": 3,
    "image": "",
    "price": "37.00",
    "stock": 0
  }
},
{
  "model": "clinic.product",
  "pk": 145,
  "fields": {
    "name": "Cani-Tabs\u00ae Calming + Relax",
    "desc": null,
    "producttype": 3,
    "image": "",
    "price": "50.00",
    "stock": 0
  }
},
{
  "model": "clinic.product",
  "pk": 146,
  "fields": {
    "name": "Cani-Tabs\u00ae Cardio+",
    "desc": null,
    "producttype": 2,
    "image": "",
    "price": "49.00",
    "stock": 0
  }
},
{
  "model": "clinic.product",
  "pk": 147,
  "fields": {
    "name": "Cani-Tabs\u00ae Daily Multi Adult",
    "desc": null,
    "producttype": 2,
    "image": "",
    "price": "41.00",
    "stock": 0
  }
},
{
  "model": "clinic.product",
  "pk": 148,
  "fields": {
    "name": "Cani-Tabs\u00ae Daily Multi Puppy",
    "desc": null,
    "producttype": 3,
    "image": "",
    "price": "35.00",
    "stock": 0
  }
},
{
  "model": "clinic.product",
  "pk": 149,
  "fields": {
    "name": "Cani-Tabs\u00ae Daily Multi Senior",
    "desc": null,
    "producttype": 2,
    "image": "",
    "price": "38.00",
    "stock": 0
  }
},
{
  "model": "clinic.product",
  "pk": 150,
  "fields": {
    "name": "Cani-Tabs\u00ae Digestive+",
    "desc": null,
    "producttype": 2,
    "image": "",
    "price": "28.00",
    "stock": 0
  }
},
{
  "model": "clinic.product",
  "pk": 151,
  "fields": {
    "name": "Cani-Tabs\u00ae Healthy Bones Ca+P",
    "desc": null,
    "producttype": 1,
    "image": "",
    "price": "26.00",
    "stock": 0
  }
},
{
  "model": "clinic.product",
  "pk": 152,
  "fields": {
    "name": "Cani-Tabs\u00ae Hip + Joint M&L",
    "desc": null,
    "producttype": 2,
    "image": "",
    "price": "23.00",
    "stock": 0
  }
},
{
  "model": "clinic.product",
  "pk": 153,
  "fields": {
    "name": "Cani-Tabs\u00ae Hip + Joint Mini",
    "desc": null,
    "producttype": 2,
    "image": "",
    "price": "40.00",
    "stock": 0
  }
},
{
  "model": "clinic.product",
  "pk": 154,
  "fields": {
    "name": "Cani-Tabs\u00ae Immunity & Allergies",
    "desc": null,
    "producttype": 3,
    "image": "",
    "price": "48.00",
    "stock": 0
  }
},
{
  "model": "clinic.product",
  "pk": 155,
  "fields": {
    "name": "Cani-Tabs\u00ae Liver+",
    "desc": null,
    "producttype": 3,
    "image": "",
    "price": "31.00",
    "stock": 0
  }
},
{
  "model": "clinic.product",
  "pk": 156,
  "fields": {
    "name": "Cani-Tabs\u00ae Omega3 EPA & DHA",
    "desc": null,
    "producttype": 2,
    "image": "",
    "price": "40.00",
    "stock": 0
  }
},
{
  "model": "clinic.product",
  "pk": 157,
  "fields": {
    "name": "Cani-Tabs\u00ae Repro+",
    "desc": null,
    "producttype": 2,
    "image": "",
    "price": "46.00",
    "stock": 0
  }
},
{
  "model": "clinic.product",
  "pk": 158,
  "fields": {
    "name": "Cani-Tabs\u00ae Skin + Coat",
    "desc": null,
    "producttype": 1,
    "image": "",
    "price": "11.00",
    "stock": 0
  }
},
{
  "model": "clinic.product",
  "pk": 159,
  "fields": {
    "name": "Cani-Tabs\u00ae UT Support",
    "desc": null,
    "producttype": 1,
    "image": "",
    "price": "45.00",
    "stock": 0
  }
},
{
  "model": "clinic.product",
  "pk": 160,
  "fields": {
    "name": "Carprodyl\u00ae 100",
    "desc": null,
    "producttype": 1,
    "image": "",
    "price": "48.00",
    "stock": 0
  }
},
{
  "model": "clinic.product",
  "pk": 161,
  "fields": {
    "name": "Carprodyl\u00ae 25",
    "desc": null,
    "producttype": 3,
    "image": "",
    "price": "40.00",
    "stock": 0
  }
},
{
  "model": "clinic.product",
  "pk": 162,
  "fields": {
    "name": "Catofos\u00ae B9+B12",
    "desc": null,
    "producttype": 2,
    "image": "",
    "price": "16.00",
    "stock": 0
  }
},
{
  "model": "clinic.product",
  "pk": 163,
  "fields": {
    "name": "Cefa-Milk\u00ae",
    "desc": null,
    "producttype": 3,
    "image": "",
    "price": "36.00",
    "stock": 0
  }
},
{
  "model": "clinic.product",
  "pk": 164,
  "fields": {
    "name": "Cefa-Milk\u00ae Forte",
    "desc": null,
    "producttype": 3,
    "image": "",
    "price": "23.00",
    "stock": 0
  }
},
{
  "model": "clinic.product",
  "pk": 165,
  "fields": {
    "name": "Cefa-Sec\u00ae",
    "desc": null,
    "producttype": 2,
    "image": "",
    "price": "17.00",
    "stock": 0
  }
},
{
  "model": "clinic.product",
  "pk": 166,
  "fields": {
    "name": "Cefaject\u00ae",
    "desc": null,
    "producttype": 1,
    "image": "",
    "price": "17.00",
    "stock": 0
  }
},
{
  "model": "clinic.product",
  "pk": 167,
  "fields": {
    "name": "Cefoxi-Tabs\u00ae C",
    "desc": null,
    "producttype": 3,
    "image": "",
    "price": "8.00",
    "stock": 0
  }
},
{
  "model": "clinic.product",
  "pk": 168,
  "fields": {
    "name": "Cefquinox\u00ae",
    "desc": null,
    "producttype": 3,
    "image": "",
    "price": "16.00",
    "stock": 0
  }
},
{
  "model": "clinic.product",
  "pk": 169,
  "fields": {
    "name": "Ceftiodure\u00ae 100 L.A",
    "desc": null,
    "producttype": 2,
    "image": "",
    "price": "17.00",
    "stock": 0
  }
},
{
  "model": "clinic.product",
  "pk": 170,
  "fields": {
    "name": "Ceftiofen\u00ae",
    "desc": null,
    "producttype": 3,
    "image": "",
    "price": "19.00",
    "stock": 0
  }
},
{
  "model": "clinic.product",
  "pk": 171,
  "fields": {
    "name": "Cesti-Tabs\u00ae 10",
    "desc": null,
    "producttype": 3,
    "image": "",
    "price": "20.00",
    "stock": 0
  }
},
{
  "model": "clinic.product",
  "pk": 172,
  "fields": {
    "name": "ChickBooster\u00ae con Nucle\u00f3tidos OS",
    "desc": null,
    "producttype": 3,
    "image": "",
    "price": "43.00",
    "stock": 0
  }
},
{
  "model": "clinic.product",
  "pk": 173,
  "fields": {
    "name": "ChickLyte\u00ae WS | HidroLyte\u00ae WS",
    "desc": null,
    "producttype": 2,
    "image": "",
    "price": "39.00",
    "stock": 0
  }
},
{
  "model": "clinic.product",
  "pk": 174,
  "fields": {
    "name": "ChickVit\u00ae ADE+C OS",
    "desc": null,
    "producttype": 2,
    "image": "",
    "price": "8.00",
    "stock": 0
  }
},
{
  "model": "clinic.product",
  "pk": 175,
  "fields": {
    "name": "ChickVit\u00ae B OS",
    "desc": null,
    "producttype": 2,
    "image": "",
    "price": "40.00",
    "stock": 0
  }
},
{
  "model": "clinic.product",
  "pk": 176,
  "fields": {
    "name": "ChickVit\u00ae ESe OS",
    "desc": null,
    "producttype": 3,
    "image": "",
    "price": "32.00",
    "stock": 0
  }
},
{
  "model": "clinic.product",
  "pk": 177,
  "fields": {
    "name": "Cipro-Tabs 250\u00ae",
    "desc": null,
    "producttype": 2,
    "image": "",
    "price": "40.00",
    "stock": 0
  }
},
{
  "model": "clinic.product",
  "pk": 178,
  "fields": {
    "name": "Clinda-Tabs\u00ae 150 FT",
    "desc": null,
    "producttype": 1,
    "image": "",
    "price": "34.00",
    "stock": 0
  }
},
{
  "model": "clinic.product",
  "pk": 179,
  "fields": {
    "name": "Clinda-Tabs\u00ae 300 FT",
    "desc": null,
    "producttype": 1,
    "image": "",
    "price": "37.00",
    "stock": 0
  }
},
{
  "model": "clinic.product",
  "pk": 180,
  "fields": {
    "name": "Cloxantel 11",
    "desc": null,
    "producttype": 2,
    "image": "",
    "price": "44.00",
    "stock": 0
  }
},
{
  "model": "clinic.product",
  "pk": 181,
  "fields": {
    "name": "Coliflox\u00ae OS",
    "desc": null,
    "producttype": 1,
    "image": "",
    "price": "5.00",
    "stock": 0
  }
},
{
  "model": "clinic.product",
  "pk": 182,
  "fields": {
    "name": "Colistix\u00ae C100 Px",
    "desc": null,
    "producttype": 2,
    "image": "",
    "price": "24.00",
    "stock": 0
  }
},
{
  "model": "clinic.product",
  "pk": 183,
  "fields": {
    "name": "Colistix\u00ae WS",
    "desc": null,
    "producttype": 2,
    "image": "",
    "price": "5.00",
    "stock": 0
  }
},
{
  "model": "clinic.product",
  "pk": 184,
  "fields": {
    "name": "Coloidex\u00ae Multivitaminado",
    "desc": null,
    "producttype": 1,
    "image": "",
    "price": "9.00",
    "stock": 0
  }
},
{
  "model": "clinic.product",
  "pk": 185,
  "fields": {
    "name": "Combi\u00f3tico L.A. SPI",
    "desc": null,
    "producttype": 3,
    "image": "",
    "price": "50.00",
    "stock": 0
  }
},
{
  "model": "clinic.product",
  "pk": 186,
  "fields": {
    "name": "Combi\u00f3tico\u00ae L.A.",
    "desc": null,
    "producttype": 2,
    "image": "",
    "price": "28.00",
    "stock": 0
  }
},
{
  "model": "clinic.product",
  "pk": 187,
  "fields": {
    "name": "Conceptase\u00ae",
    "desc": null,
    "producttype": 3,
    "image": "",
    "price": "34.00",
    "stock": 0
  }
},
{
  "model": "clinic.product",
  "pk": 188,
  "fields": {
    "name": "Cortifen 200.25\u00ae | Dexabutazon 200.25",
    "desc": null,
    "producttype": 3,
    "image": "",
    "price": "22.00",
    "stock": 0
  }
},
{
  "model": "clinic.product",
  "pk": 189,
  "fields": {
    "name": "Coverflox\u00ae C100 Px",
    "desc": null,
    "producttype": 3,
    "image": "",
    "price": "33.00",
    "stock": 0
  }
},
{
  "model": "clinic.product",
  "pk": 190,
  "fields": {
    "name": "Cyromix\u00ae 100 Px",
    "desc": null,
    "producttype": 1,
    "image": "",
    "price": "25.00",
    "stock": 0
  }
},
{
  "model": "clinic.product",
  "pk": 191,
  "fields": {
    "name": "Diflovet\u00ae 10",
    "desc": null,
    "producttype": 1,
    "image": "",
    "price": "21.00",
    "stock": 0
  }
},
{
  "model": "clinic.product",
  "pk": 192,
  "fields": {
    "name": "Diflovet\u00ae OS",
    "desc": null,
    "producttype": 3,
    "image": "",
    "price": "19.00",
    "stock": 0
  }
},
{
  "model": "clinic.product",
  "pk": 193,
  "fields": {
    "name": "Diuride\u00ae 500",
    "desc": null,
    "producttype": 3,
    "image": "",
    "price": "47.00",
    "stock": 0
  }
},
{
  "model": "clinic.product",
  "pk": 194,
  "fields": {
    "name": "Doramec\u00ae L.A. / Doramax L.A.",
    "desc": null,
    "producttype": 3,
    "image": "",
    "price": "22.00",
    "stock": 0
  }
},
{
  "model": "clinic.product",
  "pk": 195,
  "fields": {
    "name": "doraQuest\u00ae duo",
    "desc": null,
    "producttype": 2,
    "image": "",
    "price": "11.00",
    "stock": 0
  }
},
{
  "model": "clinic.product",
  "pk": 196,
  "fields": {
    "name": "doraQuest\u00ae l.a.",
    "desc": null,
    "producttype": 3,
    "image": "",
    "price": "49.00",
    "stock": 0
  }
},
{
  "model": "clinic.product",
  "pk": 197,
  "fields": {
    "name": "Dormi-Xyl\u00ae 2",
    "desc": null,
    "producttype": 3,
    "image": "",
    "price": "34.00",
    "stock": 0
  }
},
{
  "model": "clinic.product",
  "pk": 198,
  "fields": {
    "name": "Doximutin\u00ae WS",
    "desc": null,
    "producttype": 1,
    "image": "",
    "price": "30.00",
    "stock": 0
  }
},
{
  "model": "clinic.product",
  "pk": 199,
  "fields": {
    "name": "Duo-Dexalong\u00ae| Duovetasona",
    "desc": null,
    "producttype": 2,
    "image": "",
    "price": "12.00",
    "stock": 0
  }
},
{
  "model": "clinic.product",
  "pk": 200,
  "fields": {
    "name": "Duotak FF\u00ae",
    "desc": null,
    "producttype": 3,
    "image": "",
    "price": "44.00",
    "stock": 0
  }
},
{
  "model": "clinic.product",
  "pk": 201,
  "fields": {
    "name": "Duramycin\u00ae 300 L.A.",
    "desc": null,
    "producttype": 3,
    "image": "",
    "price": "11.00",
    "stock": 0
  }
},
{
  "model": "clinic.product",
  "pk": 202,
  "fields": {
    "name": "Ectickol Pour On",
    "desc": null,
    "producttype": 2,
    "image": "",
    "price": "5.00",
    "stock": 0
  }
},
{
  "model": "clinic.product",
  "pk": 203,
  "fields": {
    "name": "Ectomethrin\u00ae 200",
    "desc": null,
    "producttype": 2,
    "image": "",
    "price": "6.00",
    "stock": 0
  }
},
{
  "model": "clinic.product",
  "pk": 204,
  "fields": {
    "name": "Ectomethrin\u00ae Pour On",
    "desc": null,
    "producttype": 3,
    "image": "",
    "price": "35.00",
    "stock": 0
  }
},
{
  "model": "clinic.product",
  "pk": 205,
  "fields": {
    "name": "Ectonil\u00ae Pour On",
    "desc": null,
    "producttype": 2,
    "image": "",
    "price": "30.00",
    "stock": 0
  }
},
{
  "model": "clinic.product",
  "pk": 206,
  "fields": {
    "name": "Enro-Tabs\u00ae 150 FT",
    "desc": null,
    "producttype": 1,
    "image": "",
    "price": "41.00",
    "stock": 0
  }
},
{
  "model": "clinic.product",
  "pk": 207,
  "fields": {
    "name": "Enro-Tabs\u00ae 50 FT",
    "desc": null,
    "producttype": 3,
    "image": "",
    "price": "27.00",
    "stock": 0
  }
},
{
  "model": "clinic.product",
  "pk": 208,
  "fields": {
    "name": "Enroflox\u00ae 10",
    "desc": null,
    "producttype": 3,
    "image": "",
    "price": "11.00",
    "stock": 0
  }
},
{
  "model": "clinic.product",
  "pk": 209,
  "fields": {
    "name": "Enroflox\u00ae 20 L.A.",
    "desc": null,
    "producttype": 2,
    "image": "",
    "price": "9.00",
    "stock": 0
  }
},
{
  "model": "clinic.product",
  "pk": 210,
  "fields": {
    "name": "Enroflox\u00ae D",
    "desc": null,
    "producttype": 3,
    "image": "",
    "price": "48.00",
    "stock": 0
  }
},
{
  "model": "clinic.product",
  "pk": 211,
  "fields": {
    "name": "Enroflox\u00ae M L.A.",
    "desc": null,
    "producttype": 2,
    "image": "",
    "price": "35.00",
    "stock": 0
  }
},
{
  "model": "clinic.product",
  "pk": 212,
  "fields": {
    "name": "Eprimec\u00ae Zero Pour On",
    "desc": null,
    "producttype": 2,
    "image": "",
    "price": "28.00",
    "stock": 0
  }
},
{
  "model": "clinic.product",
  "pk": 213,
  "fields": {
    "name": "Equifos\u00ae B12",
    "desc": null,
    "producttype": 2,
    "image": "",
    "price": "37.00",
    "stock": 0
  }
},
{
  "model": "clinic.product",
  "pk": 214,
  "fields": {
    "name": "Fasiject\u00ae Plus",
    "desc": null,
    "producttype": 1,
    "image": "",
    "price": "33.00",
    "stock": 0
  }
},
{
  "model": "clinic.product",
  "pk": 215,
  "fields": {
    "name": "FBZ\u00ae 12.5% con minerales",
    "desc": null,
    "producttype": 2,
    "image": "",
    "price": "25.00",
    "stock": 0
  }
},
{
  "model": "clinic.product",
  "pk": 216,
  "fields": {
    "name": "Febralgina\u00ae Compuesta | Piralgina Compuesta",
    "desc": null,
    "producttype": 2,
    "image": "",
    "price": "33.00",
    "stock": 0
  }
},
{
  "model": "clinic.product",
  "pk": 217,
  "fields": {
    "name": "Feli-Tabs\u00ae Daily All in One",
    "desc": null,
    "producttype": 2,
    "image": "",
    "price": "3.00",
    "stock": 0
  }
},
{
  "model": "clinic.product",
  "pk": 218,
  "fields": {
    "name": "Fenbuta\u00ae 200 | Butazon 200",
    "desc": null,
    "producttype": 2,
    "image": "",
    "price": "24.00",
    "stock": 0
  }
},
{
  "model": "clinic.product",
  "pk": 219,
  "fields": {
    "name": "Ferromycin\u00ae",
    "desc": null,
    "producttype": 3,
    "image": "",
    "price": "49.00",
    "stock": 0
  }
},
{
  "model": "clinic.product",
  "pk": 220,
  "fields": {
    "name": "Fertimin Se\u00ae",
    "desc": null,
    "producttype": 3,
    "image": "",
    "price": "5.00",
    "stock": 0
  }
},
{
  "model": "clinic.product",
  "pk": 221,
  "fields": {
    "name": "FH-10 Factor Hep\u00e1tico 10",
    "desc": null,
    "producttype": 3,
    "image": "",
    "price": "8.00",
    "stock": 0
  }
},
{
  "model": "clinic.product",
  "pk": 222,
  "fields": {
    "name": "Fipronex\u00ae",
    "desc": null,
    "producttype": 3,
    "image": "",
    "price": "46.00",
    "stock": 0
  }
},
{
  "model": "clinic.product",
  "pk": 223,
  "fields": {
    "name": "Fipronex\u00ae Drop On",
    "desc": null,
    "producttype": 3,
    "image": "",
    "price": "33.00",
    "stock": 0
  }
},
{
  "model": "clinic.product",
  "pk": 224,
  "fields": {
    "name": "Fipronex\u00ae Duo",
    "desc": null,
    "producttype": 1,
    "image": "",
    "price": "3.00",
    "stock": 0
  }
},
{
  "model": "clinic.product",
  "pk": 225,
  "fields": {
    "name": "Fipronex\u00ae Duo Drop On",
    "desc": null,
    "producttype": 3,
    "image": "",
    "price": "37.00",
    "stock": 0
  }
},
{
  "model": "clinic.product",
  "pk": 226,
  "fields": {
    "name": "Fipronex\u00ae G5",
    "desc": null,
    "producttype": 3,
    "image": "",
    "price": "16.00",
    "stock": 0
  }
},
{
  "model": "clinic.product",
  "pk": 227,
  "fields": {
    "name": "Fipronex\u00ae G5 Drop On",
    "desc": null,
    "producttype": 2,
    "image": "",
    "price": "34.00",
    "stock": 0
  }
},
{
  "model": "clinic.product",
  "pk": 228,
  "fields": {
    "name": "Floxamox\u00ae 200",
    "desc": null,
    "producttype": 3,
    "image": "",
    "price": "19.00",
    "stock": 0
  }
},
{
  "model": "clinic.product",
  "pk": 229,
  "fields": {
    "name": "Flunimine\u00ae | Flunix",
    "desc": null,
    "producttype": 2,
    "image": "",
    "price": "12.00",
    "stock": 0
  }
},
{
  "model": "clinic.product",
  "pk": 230,
  "fields": {
    "name": "FluniQuest\u00ae C500",
    "desc": null,
    "producttype": 3,
    "image": "",
    "price": "26.00",
    "stock": 0
  }
},
{
  "model": "clinic.product",
  "pk": 231,
  "fields": {
    "name": "Gallofos\u00ae B12",
    "desc": null,
    "producttype": 1,
    "image": "",
    "price": "5.00",
    "stock": 0
  }
},
{
  "model": "clinic.product",
  "pk": 232,
  "fields": {
    "name": "Gallomec Plus\u00ae",
    "desc": null,
    "producttype": 1,
    "image": "",
    "price": "41.00",
    "stock": 0
  }
},
{
  "model": "clinic.product",
  "pk": 233,
  "fields": {
    "name": "Gallomec\u00ae Plus Px",
    "desc": null,
    "producttype": 3,
    "image": "",
    "price": "7.00",
    "stock": 0
  }
},
{
  "model": "clinic.product",
  "pk": 234,
  "fields": {
    "name": "Gallomix\u00ae / Gallomax",
    "desc": null,
    "producttype": 1,
    "image": "",
    "price": "23.00",
    "stock": 0
  }
},
{
  "model": "clinic.product",
  "pk": 235,
  "fields": {
    "name": "Gallonil\u00ae",
    "desc": null,
    "producttype": 1,
    "image": "",
    "price": "30.00",
    "stock": 0
  }
},
{
  "model": "clinic.product",
  "pk": 236,
  "fields": {
    "name": "Hemafor-T\u00ae",
    "desc": null,
    "producttype": 2,
    "image": "",
    "price": "36.00",
    "stock": 0
  }
},
{
  "model": "clinic.product",
  "pk": 237,
  "fields": {
    "name": "Hematofos B12\u00ae",
    "desc": null,
    "producttype": 3,
    "image": "",
    "price": "11.00",
    "stock": 0
  }
},
{
  "model": "clinic.product",
  "pk": 238,
  "fields": {
    "name": "Hematofos B12\u00ae AC OS",
    "desc": null,
    "producttype": 3,
    "image": "",
    "price": "47.00",
    "stock": 0
  }
},
{
  "model": "clinic.product",
  "pk": 239,
  "fields": {
    "name": "Hematofos B12\u00ae Oral",
    "desc": null,
    "producttype": 1,
    "image": "",
    "price": "15.00",
    "stock": 0
  }
},
{
  "model": "clinic.product",
  "pk": 240,
  "fields": {
    "name": "Hemo-Stop\u00ae Tabs",
    "desc": null,
    "producttype": 3,
    "image": "",
    "price": "40.00",
    "stock": 0
  }
},
{
  "model": "clinic.product",
  "pk": 241,
  "fields": {
    "name": "Hemostop\u00ae K",
    "desc": null,
    "producttype": 2,
    "image": "",
    "price": "47.00",
    "stock": 0
  }
},
{
  "model": "clinic.product",
  "pk": 242,
  "fields": {
    "name": "Hepato-Ject\u00ae | Heprotect",
    "desc": null,
    "producttype": 3,
    "image": "",
    "price": "41.00",
    "stock": 0
  }
},
{
  "model": "clinic.product",
  "pk": 243,
  "fields": {
    "name": "Hepaviar\u00ae OS",
    "desc": null,
    "producttype": 2,
    "image": "",
    "price": "19.00",
    "stock": 0
  }
},
{
  "model": "clinic.product",
  "pk": 244,
  "fields": {
    "name": "Hepaviar\u00ae Px",
    "desc": null,
    "producttype": 1,
    "image": "",
    "price": "4.00",
    "stock": 0
  }
},
{
  "model": "clinic.product",
  "pk": 245,
  "fields": {
    "name": "Hidrat-Race\u00ae",
    "desc": null,
    "producttype": 2,
    "image": "",
    "price": "27.00",
    "stock": 0
  }
},
{
  "model": "clinic.product",
  "pk": 246,
  "fields": {
    "name": "Imidox\u00ae 120",
    "desc": null,
    "producttype": 2,
    "image": "",
    "price": "46.00",
    "stock": 0
  }
},
{
  "model": "clinic.product",
  "pk": 247,
  "fields": {
    "name": "Iron-Dex 200\u00ae B12",
    "desc": null,
    "producttype": 3,
    "image": "",
    "price": "32.00",
    "stock": 0
  }
},
{
  "model": "clinic.product",
  "pk": 248,
  "fields": {
    "name": "iverQuest\u00ae",
    "desc": null,
    "producttype": 2,
    "image": "",
    "price": "42.00",
    "stock": 0
  }
},
{
  "model": "clinic.product",
  "pk": 249,
  "fields": {
    "name": "iverQuest\u00ae duo",
    "desc": null,
    "producttype": 2,
    "image": "",
    "price": "19.00",
    "stock": 0
  }
},
{
  "model": "clinic.product",
  "pk": 250,
  "fields": {
    "name": "Ket-A-100\u00ae",
    "desc": null,
    "producttype": 3,
    "image": "",
    "price": "36.00",
    "stock": 0
  }
},
{
  "model": "clinic.product",
  "pk": 251,
  "fields": {
    "name": "Ket-A-Xyl\u00ae",
    "desc": null,
    "producttype": 1,
    "image": "",
    "price": "17.00",
    "stock": 0
  }
},
{
  "model": "clinic.product",
  "pk": 252,
  "fields": {
    "name": "Kinodyl\u00ae Se",
    "desc": null,
    "producttype": 3,
    "image": "",
    "price": "23.00",
    "stock": 0
  }
},
{
  "model": "clinic.product",
  "pk": 253,
  "fields": {
    "name": "L-Spectomix\u00ae 4.44% Px",
    "desc": null,
    "producttype": 3,
    "image": "",
    "price": "23.00",
    "stock": 0
  }
},
{
  "model": "clinic.product",
  "pk": 254,
  "fields": {
    "name": "L-Spectomix\u00ae 8.88% Px",
    "desc": null,
    "producttype": 3,
    "image": "",
    "price": "3.00",
    "stock": 0
  }
},
{
  "model": "clinic.product",
  "pk": 255,
  "fields": {
    "name": "Liquacef\u00ae C",
    "desc": null,
    "producttype": 3,
    "image": "",
    "price": "41.00",
    "stock": 0
  }
},
{
  "model": "clinic.product",
  "pk": 256,
  "fields": {
    "name": "Liquamox\u00ae C",
    "desc": null,
    "producttype": 2,
    "image": "",
    "price": "6.00",
    "stock": 0
  }
},
{
  "model": "clinic.product",
  "pk": 257,
  "fields": {
    "name": "Lutaprost\u00ae 250",
    "desc": null,
    "producttype": 2,
    "image": "",
    "price": "21.00",
    "stock": 0
  }
},
{
  "model": "clinic.product",
  "pk": 258,
  "fields": {
    "name": "Lysozym\u00ae 100 | Zymex 100",
    "desc": null,
    "producttype": 2,
    "image": "",
    "price": "20.00",
    "stock": 0
  }
},
{
  "model": "clinic.product",
  "pk": 259,
  "fields": {
    "name": "Marbocine\u00ae 100",
    "desc": null,
    "producttype": 1,
    "image": "",
    "price": "39.00",
    "stock": 0
  }
},
{
  "model": "clinic.product",
  "pk": 260,
  "fields": {
    "name": "Mastitest\u00ae CMT",
    "desc": null,
    "producttype": 3,
    "image": "",
    "price": "39.00",
    "stock": 0
  }
},
{
  "model": "clinic.product",
  "pk": 261,
  "fields": {
    "name": "Metri-Cef 3\u00ae",
    "desc": null,
    "producttype": 1,
    "image": "",
    "price": "8.00",
    "stock": 0
  }
},
{
  "model": "clinic.product",
  "pk": 262,
  "fields": {
    "name": "Micromutin\u00ae C40 Px",
    "desc": null,
    "producttype": 1,
    "image": "",
    "price": "14.00",
    "stock": 0
  }
},
{
  "model": "clinic.product",
  "pk": 263,
  "fields": {
    "name": "Micromutin\u00ae C80 Px",
    "desc": null,
    "producttype": 1,
    "image": "",
    "price": "31.00",
    "stock": 0
  }
},
{
  "model": "clinic.product",
  "pk": 264,
  "fields": {
    "name": "Micromutin\u00ae IS",
    "desc": null,
    "producttype": 3,
    "image": "",
    "price": "20.00",
    "stock": 0
  }
},
{
  "model": "clinic.product",
  "pk": 265,
  "fields": {
    "name": "Microquel\u00ae Aqua Fish 7 in 1 Px",
    "desc": null,
    "producttype": 2,
    "image": "",
    "price": "3.00",
    "stock": 0
  }
},
{
  "model": "clinic.product",
  "pk": 266,
  "fields": {
    "name": "Microquel\u00ae Aqua Shrimp 4 in 1 Px",
    "desc": null,
    "producttype": 2,
    "image": "",
    "price": "17.00",
    "stock": 0
  }
},
{
  "model": "clinic.product",
  "pk": 267,
  "fields": {
    "name": "Microquel\u00ae Beef 7 in 1 Px",
    "desc": null,
    "producttype": 1,
    "image": "",
    "price": "41.00",
    "stock": 0
  }
},
{
  "model": "clinic.product",
  "pk": 268,
  "fields": {
    "name": "Microquel\u00ae Broiler 8 in 1 Px",
    "desc": null,
    "producttype": 1,
    "image": "",
    "price": "6.00",
    "stock": 0
  }
},
{
  "model": "clinic.product",
  "pk": 269,
  "fields": {
    "name": "Microquel\u00ae Cow 7 in 1 Px",
    "desc": null,
    "producttype": 2,
    "image": "",
    "price": "39.00",
    "stock": 0
  }
},
{
  "model": "clinic.product",
  "pk": 270,
  "fields": {
    "name": "Microquel\u00ae Cu Px",
    "desc": null,
    "producttype": 3,
    "image": "",
    "price": "10.00",
    "stock": 0
  }
},
{
  "model": "clinic.product",
  "pk": 271,
  "fields": {
    "name": "Microquel\u00ae Fe Px",
    "desc": null,
    "producttype": 2,
    "image": "",
    "price": "22.00",
    "stock": 0
  }
},
{
  "model": "clinic.product",
  "pk": 272,
  "fields": {
    "name": "Microquel\u00ae Layer 6 in 1 Px",
    "desc": null,
    "producttype": 2,
    "image": "",
    "price": "16.00",
    "stock": 0
  }
},
{
  "model": "clinic.product",
  "pk": 273,
  "fields": {
    "name": "Microquel\u00ae Mn Px",
    "desc": null,
    "producttype": 2,
    "image": "",
    "price": "3.00",
    "stock": 0
  }
},
{
  "model": "clinic.product",
  "pk": 274,
  "fields": {
    "name": "Microquel\u00ae Pig Grow 8 in 1 Px",
    "desc": null,
    "producttype": 3,
    "image": "",
    "price": "9.00",
    "stock": 0
  }
},
{
  "model": "clinic.product",
  "pk": 275,
  "fields": {
    "name": "Microquel\u00ae Pig Starter 8 in 1 Px",
    "desc": null,
    "producttype": 3,
    "image": "",
    "price": "37.00",
    "stock": 0
  }
},
{
  "model": "clinic.product",
  "pk": 276,
  "fields": {
    "name": "Microquel\u00ae Sow 8 in 1 Px",
    "desc": null,
    "producttype": 1,
    "image": "",
    "price": "46.00",
    "stock": 0
  }
},
{
  "model": "clinic.product",
  "pk": 277,
  "fields": {
    "name": "Microquel\u00ae Zn Px",
    "desc": null,
    "producttype": 3,
    "image": "",
    "price": "5.00",
    "stock": 0
  }
},
{
  "model": "clinic.product",
  "pk": 278,
  "fields": {
    "name": "Modivitasan\u00ae| ModivitasanMO",
    "desc": null,
    "producttype": 3,
    "image": "",
    "price": "24.00",
    "stock": 0
  }
},
{
  "model": "clinic.product",
  "pk": 279,
  "fields": {
    "name": "Moxidec\u00ae Onyx",
    "desc": null,
    "producttype": 3,
    "image": "",
    "price": "9.00",
    "stock": 0
  }
},
{
  "model": "clinic.product",
  "pk": 280,
  "fields": {
    "name": "Moxipride\u00ae Multi Drop On",
    "desc": null,
    "producttype": 3,
    "image": "",
    "price": "46.00",
    "stock": 0
  }
},
{
  "model": "clinic.product",
  "pk": 281,
  "fields": {
    "name": "moxiQuest\u00ae Duo",
    "desc": null,
    "producttype": 1,
    "image": "",
    "price": "22.00",
    "stock": 0
  }
},
{
  "model": "clinic.product",
  "pk": 282,
  "fields": {
    "name": "Myoselen E\u00ae",
    "desc": null,
    "producttype": 2,
    "image": "",
    "price": "5.00",
    "stock": 0
  }
},
{
  "model": "clinic.product",
  "pk": 283,
  "fields": {
    "name": "Neo-Pen RTU",
    "desc": null,
    "producttype": 1,
    "image": "",
    "price": "18.00",
    "stock": 0
  }
},
{
  "model": "clinic.product",
  "pk": 284,
  "fields": {
    "name": "Neo-Terraciclina\u00ae WS",
    "desc": null,
    "producttype": 3,
    "image": "",
    "price": "2.00",
    "stock": 0
  }
},
{
  "model": "clinic.product",
  "pk": 285,
  "fields": {
    "name": "Nitronix\u00ae 34",
    "desc": null,
    "producttype": 2,
    "image": "",
    "price": "21.00",
    "stock": 0
  }
},
{
  "model": "clinic.product",
  "pk": 286,
  "fields": {
    "name": "No Fly",
    "desc": null,
    "producttype": 1,
    "image": "",
    "price": "27.00",
    "stock": 0
  }
},
{
  "model": "clinic.product",
  "pk": 287,
  "fields": {
    "name": "Nutromix\u00ae Daily Multi",
    "desc": null,
    "producttype": 3,
    "image": "",
    "price": "5.00",
    "stock": 0
  }
},
{
  "model": "clinic.product",
  "pk": 288,
  "fields": {
    "name": "Nutromix\u00ae Hairball Remedy",
    "desc": null,
    "producttype": 1,
    "image": "",
    "price": "36.00",
    "stock": 0
  }
},
{
  "model": "clinic.product",
  "pk": 289,
  "fields": {
    "name": "Nutromix\u00ae High Calorie",
    "desc": null,
    "producttype": 3,
    "image": "",
    "price": "21.00",
    "stock": 0
  }
},
{
  "model": "clinic.product",
  "pk": 290,
  "fields": {
    "name": "Nutromix\u00ae Hip + Joint",
    "desc": null,
    "producttype": 2,
    "image": "",
    "price": "24.00",
    "stock": 0
  }
},
{
  "model": "clinic.product",
  "pk": 291,
  "fields": {
    "name": "Nutromix\u00ae Lysine+",
    "desc": null,
    "producttype": 3,
    "image": "",
    "price": "12.00",
    "stock": 0
  }
},
{
  "model": "clinic.product",
  "pk": 292,
  "fields": {
    "name": "Nutromix\u00ae Skin + Coat",
    "desc": null,
    "producttype": 3,
    "image": "",
    "price": "8.00",
    "stock": 0
  }
},
{
  "model": "clinic.product",
  "pk": 293,
  "fields": {
    "name": "Nutromix\u00ae UT Support",
    "desc": null,
    "producttype": 2,
    "image": "",
    "price": "29.00",
    "stock": 0
  }
},
{
  "model": "clinic.product",
  "pk": 294,
  "fields": {
    "name": "Optiflor\u00ae 300",
    "desc": null,
    "producttype": 2,
    "image": "",
    "price": "18.00",
    "stock": 0
  }
},
{
  "model": "clinic.product",
  "pk": 295,
  "fields": {
    "name": "Optiflor\u00ae OS",
    "desc": null,
    "producttype": 2,
    "image": "",
    "price": "23.00",
    "stock": 0
  }
},
{
  "model": "clinic.product",
  "pk": 296,
  "fields": {
    "name": "Otiderma-Cef\u00ae",
    "desc": null,
    "producttype": 1,
    "image": "",
    "price": "17.00",
    "stock": 0
  }
},
{
  "model": "clinic.product",
  "pk": 297,
  "fields": {
    "name": "Oxantel\u00ae 5",
    "desc": null,
    "producttype": 3,
    "image": "",
    "price": "23.00",
    "stock": 0
  }
},
{
  "model": "clinic.product",
  "pk": 298,
  "fields": {
    "name": "Oxantel\u00ae gel",
    "desc": null,
    "producttype": 2,
    "image": "",
    "price": "38.00",
    "stock": 0
  }
},
{
  "model": "clinic.product",
  "pk": 299,
  "fields": {
    "name": "Oxyto-Synt\u00ae 10",
    "desc": null,
    "producttype": 3,
    "image": "",
    "price": "26.00",
    "stock": 0
  }
},
{
  "model": "clinic.product",
  "pk": 300,
  "fields": {
    "name": "Pen Dexa Strep\u00ae 200/100/250",
    "desc": null,
    "producttype": 1,
    "image": "",
    "price": "26.00",
    "stock": 0
  }
},
{
  "model": "clinic.product",
  "pk": 301,
  "fields": {
    "name": "Pen Duo Strep\u00ae 250/200",
    "desc": null,
    "producttype": 3,
    "image": "",
    "price": "26.00",
    "stock": 0
  }
},
{
  "model": "clinic.product",
  "pk": 302,
  "fields": {
    "name": "Pen L.A.\u00ae 15/15",
    "desc": null,
    "producttype": 3,
    "image": "",
    "price": "9.00",
    "stock": 0
  }
},
{
  "model": "clinic.product",
  "pk": 303,
  "fields": {
    "name": "Penta-Hypnol\u00ae",
    "desc": null,
    "producttype": 1,
    "image": "",
    "price": "23.00",
    "stock": 0
  }
},
{
  "model": "clinic.product",
  "pk": 304,
  "fields": {
    "name": "Petonic\u00ae Cats Recuperation",
    "desc": null,
    "producttype": 3,
    "image": "",
    "price": "29.00",
    "stock": 0
  }
},
{
  "model": "clinic.product",
  "pk": 305,
  "fields": {
    "name": "Petonic\u00ae Recuperation",
    "desc": null,
    "producttype": 2,
    "image": "",
    "price": "21.00",
    "stock": 0
  }
},
{
  "model": "clinic.product",
  "pk": 306,
  "fields": {
    "name": "Pleurotil\u00ae 250 OS",
    "desc": null,
    "producttype": 3,
    "image": "",
    "price": "30.00",
    "stock": 0
  }
},
{
  "model": "clinic.product",
  "pk": 307,
  "fields": {
    "name": "Porcimec\u00ae 2 Px",
    "desc": null,
    "producttype": 2,
    "image": "",
    "price": "50.00",
    "stock": 0
  }
},
{
  "model": "clinic.product",
  "pk": 308,
  "fields": {
    "name": "Probioenzyme\u00ae Px",
    "desc": null,
    "producttype": 3,
    "image": "",
    "price": "28.00",
    "stock": 0
  }
},
{
  "model": "clinic.product",
  "pk": 309,
  "fields": {
    "name": "Probiolyte\u00ae WS",
    "desc": null,
    "producttype": 3,
    "image": "",
    "price": "37.00",
    "stock": 0
  }
},
{
  "model": "clinic.product",
  "pk": 310,
  "fields": {
    "name": "Profelis\u00ae Drop On",
    "desc": null,
    "producttype": 2,
    "image": "",
    "price": "28.00",
    "stock": 0
  }
},
{
  "model": "clinic.product",
  "pk": 311,
  "fields": {
    "name": "ProGuard\u00ae 4",
    "desc": null,
    "producttype": 3,
    "image": "",
    "price": "24.00",
    "stock": 0
  }
},
{
  "model": "clinic.product",
  "pk": 312,
  "fields": {
    "name": "Proventis\u00ae 10",
    "desc": null,
    "producttype": 2,
    "image": "",
    "price": "13.00",
    "stock": 0
  }
},
{
  "model": "clinic.product",
  "pk": 313,
  "fields": {
    "name": "Proventis\u00ae 20",
    "desc": null,
    "producttype": 2,
    "image": "",
    "price": "44.00",
    "stock": 0
  }
},
{
  "model": "clinic.product",
  "pk": 314,
  "fields": {
    "name": "Proventis\u00ae 30",
    "desc": null,
    "producttype": 3,
    "image": "",
    "price": "9.00",
    "stock": 0
  }
},
{
  "model": "clinic.product",
  "pk": 315,
  "fields": {
    "name": "Proxifen\u00ae 23 L.A.",
    "desc": null,
    "producttype": 1,
    "image": "",
    "price": "36.00",
    "stock": 0
  }
},
{
  "model": "clinic.product",
  "pk": 316,
  "fields": {
    "name": "Qrex\u00ae SP",
    "desc": null,
    "producttype": 1,
    "image": "",
    "price": "20.00",
    "stock": 0
  }
},
{
  "model": "clinic.product",
  "pk": 317,
  "fields": {
    "name": "Qrex\u00ae SP 4g",
    "desc": null,
    "producttype": 3,
    "image": "",
    "price": "50.00",
    "stock": 0
  }
},
{
  "model": "clinic.product",
  "pk": 318,
  "fields": {
    "name": "Respibiotic\u00ae 48 Horas",
    "desc": null,
    "producttype": 1,
    "image": "",
    "price": "26.00",
    "stock": 0
  }
},
{
  "model": "clinic.product",
  "pk": 319,
  "fields": {
    "name": "Rumenade\u00ae P | Rumigold",
    "desc": null,
    "producttype": 2,
    "image": "",
    "price": "10.00",
    "stock": 0
  }
},
{
  "model": "clinic.product",
  "pk": 320,
  "fields": {
    "name": "Sequent\u00ae PSP",
    "desc": null,
    "producttype": 1,
    "image": "",
    "price": "8.00",
    "stock": 0
  }
},
{
  "model": "clinic.product",
  "pk": 321,
  "fields": {
    "name": "Suprivan\u00ae",
    "desc": null,
    "producttype": 3,
    "image": "",
    "price": "37.00",
    "stock": 0
  }
},
{
  "model": "clinic.product",
  "pk": 322,
  "fields": {
    "name": "Teniquantel\u00ae 10 con Cobalto",
    "desc": null,
    "producttype": 3,
    "image": "",
    "price": "46.00",
    "stock": 0
  }
},
{
  "model": "clinic.product",
  "pk": 323,
  "fields": {
    "name": "Tobrasone\u00ae",
    "desc": null,
    "producttype": 1,
    "image": "",
    "price": "42.00",
    "stock": 0
  }
},
{
  "model": "clinic.product",
  "pk": 324,
  "fields": {
    "name": "Tolf\u00e9n L.A. 8%\u00ae | Tolfemax A.P. 8%",
    "desc": null,
    "producttype": 1,
    "image": "",
    "price": "48.00",
    "stock": 0
  }
},
{
  "model": "clinic.product",
  "pk": 325,
  "fields": {
    "name": "Tri-ABZ\u00ae 22",
    "desc": null,
    "producttype": 1,
    "image": "",
    "price": "20.00",
    "stock": 0
  }
},
{
  "model": "clinic.product",
  "pk": 326,
  "fields": {
    "name": "Tri-ABZ\u00ae 8.75",
    "desc": null,
    "producttype": 3,
    "image": "",
    "price": "34.00",
    "stock": 0
  }
},
{
  "model": "clinic.product",
  "pk": 327,
  "fields": {
    "name": "Tri-FBZ\u00ae 17",
    "desc": null,
    "producttype": 1,
    "image": "",
    "price": "21.00",
    "stock": 0
  }
},
{
  "model": "clinic.product",
  "pk": 328,
  "fields": {
    "name": "Trisulprim\u00ae 48",
    "desc": null,
    "producttype": 2,
    "image": "",
    "price": "10.00",
    "stock": 0
  }
},
{
  "model": "clinic.product",
  "pk": 329,
  "fields": {
    "name": "Trisulprim\u00ae WS",
    "desc": null,
    "producttype": 1,
    "image": "",
    "price": "7.00",
    "stock": 0
  }
},
{
  "model": "clinic.product",
  "pk": 330,
  "fields": {
    "name": "Trivantel\u00ae 10",
    "desc": null,
    "producttype": 2,
    "image": "",
    "price": "11.00",
    "stock": 0
  }
},
{
  "model": "clinic.product",
  "pk": 331,
  "fields": {
    "name": "Trivantel\u00ae 15",
    "desc": null,
    "producttype": 1,
    "image": "",
    "price": "33.00",
    "stock": 0
  }
},
{
  "model": "clinic.product",
  "pk": 332,
  "fields": {
    "name": "Trivantel\u00ae Ovinos Tabletas",
    "desc": null,
    "producttype": 1,
    "image": "",
    "price": "12.00",
    "stock": 0
  }
},
{
  "model": "clinic.product",
  "pk": 333,
  "fields": {
    "name": "Trivantel\u00ae Vacunos Tabletas",
    "desc": null,
    "producttype": 2,
    "image": "",
    "price": "6.00",
    "stock": 0
  }
},
{
  "model": "clinic.product",
  "pk": 334,
  "fields": {
    "name": "Triventor\u00ae 4",
    "desc": null,
    "producttype": 3,
    "image": "",
    "price": "33.00",
    "stock": 0
  }
},
{
  "model": "clinic.product",
  "pk": 335,
  "fields": {
    "name": "Triverf\u00e9n\u00ae 10.1",
    "desc": null,
    "producttype": 3,
    "image": "",
    "price": "30.00",
    "stock": 0
  }
},
{
  "model": "clinic.product",
  "pk": 336,
  "fields": {
    "name": "Triverf\u00e9n\u00ae 22.2",
    "desc": null,
    "producttype": 1,
    "image": "",
    "price": "3.00",
    "stock": 0
  }
},
{
  "model": "clinic.product",
  "pk": 337,
  "fields": {
    "name": "Tulamycin\u00ae T",
    "desc": null,
    "producttype": 1,
    "image": "",
    "price": "45.00",
    "stock": 0
  }
},
{
  "model": "clinic.product",
  "pk": 338,
  "fields": {
    "name": "Tygran\u00ae G100 Px",
    "desc": null,
    "producttype": 3,
    "image": "",
    "price": "48.00",
    "stock": 0
  }
},
{
  "model": "clinic.product",
  "pk": 339,
  "fields": {
    "name": "Tylamox\u00ae WS",
    "desc": null,
    "producttype": 2,
    "image": "",
    "price": "31.00",
    "stock": 0
  }
},
{
  "model": "clinic.product",
  "pk": 340,
  "fields": {
    "name": "Tylo-Combisone\u00ae",
    "desc": null,
    "producttype": 1,
    "image": "",
    "price": "31.00",
    "stock": 0
  }
},
{
  "model": "clinic.product",
  "pk": 341,
  "fields": {
    "name": "Tylo-Combisone\u00ae OS",
    "desc": null,
    "producttype": 2,
    "image": "",
    "price": "33.00",
    "stock": 0
  }
},
{
  "model": "clinic.product",
  "pk": 342,
  "fields": {
    "name": "Tylodox\u00ae WS",
    "desc": null,
    "producttype": 2,
    "image": "",
    "price": "48.00",
    "stock": 0
  }
},
{
  "model": "clinic.product",
  "pk": 343,
  "fields": {
    "name": "Tylvax\u00ae C Px",
    "desc": null,
    "producttype": 3,
    "image": "",
    "price": "41.00",
    "stock": 0
  }
},
{
  "model": "clinic.product",
  "pk": 344,
  "fields": {
    "name": "Tylvax\u00ae OS",
    "desc": null,
    "producttype": 1,
    "image": "",
    "price": "46.00",
    "stock": 0
  }
},
{
  "model": "clinic.product",
  "pk": 345,
  "fields": {
    "name": "Tylvax\u00ae Px",
    "desc": null,
    "producttype": 3,
    "image": "",
    "price": "3.00",
    "stock": 0
  }
},
{
  "model": "clinic.product",
  "pk": 346,
  "fields": {
    "name": "Tylvax\u00ae WS",
    "desc": null,
    "producttype": 3,
    "image": "",
    "price": "26.00",
    "stock": 0
  }
},
{
  "model": "clinic.product",
  "pk": 347,
  "fields": {
    "name": "Ubremint\u00ae",
    "desc": null,
    "producttype": 1,
    "image": "",
    "price": "15.00",
    "stock": 0
  }
},
{
  "model": "clinic.product",
  "pk": 348,
  "fields": {
    "name": "Ultrametrin\u00ae 600",
    "desc": null,
    "producttype": 2,
    "image": "",
    "price": "9.00",
    "stock": 0
  }
},
{
  "model": "clinic.product",
  "pk": 349,
  "fields": {
    "name": "Ultrametrin\u00ae Pour On",
    "desc": null,
    "producttype": 3,
    "image": "",
    "price": "16.00",
    "stock": 0
  }
},
{
  "model": "clinic.product",
  "pk": 350,
  "fields": {
    "name": "V-Tropin\u00ae 0.3%",
    "desc": null,
    "producttype": 3,
    "image": "",
    "price": "31.00",
    "stock": 0
  }
},
{
  "model": "clinic.product",
  "pk": 351,
  "fields": {
    "name": "V\u00e1cidos",
    "desc": null,
    "producttype": 1,
    "image": "",
    "price": "44.00",
    "stock": 0
  }
},
{
  "model": "clinic.product",
  "pk": 352,
  "fields": {
    "name": "Valnemix\u00ae C100 Px",
    "desc": null,
    "producttype": 2,
    "image": "",
    "price": "42.00",
    "stock": 0
  }
},
{
  "model": "clinic.product",
  "pk": 353,
  "fields": {
    "name": "VentoCardyl\u00ae| Cardiopulmin",
    "desc": null,
    "producttype": 3,
    "image": "",
    "price": "49.00",
    "stock": 0
  }
},
{
  "model": "clinic.product",
  "pk": 354,
  "fields": {
    "name": "Vequinax WS",
    "desc": null,
    "producttype": 1,
    "image": "",
    "price": "22.00",
    "stock": 0
  }
},
{
  "model": "clinic.product",
  "pk": 355,
  "fields": {
    "name": "Vetacortina\u00ae 400",
    "desc": null,
    "producttype": 3,
    "image": "",
    "price": "18.00",
    "stock": 0
  }
},
{
  "model": "clinic.product",
  "pk": 356,
  "fields": {
    "name": "Vetactin\u00ae",
    "desc": null,
    "producttype": 2,
    "image": "",
    "price": "19.00",
    "stock": 0
  }
},
{
  "model": "clinic.product",
  "pk": 357,
  "fields": {
    "name": "Vetamisole 120\u00ae",
    "desc": null,
    "producttype": 3,
    "image": "",
    "price": "15.00",
    "stock": 0
  }
},
{
  "model": "clinic.product",
  "pk": 358,
  "fields": {
    "name": "Vetamoxyl\u00ae 20 L.A.",
    "desc": null,
    "producttype": 3,
    "image": "",
    "price": "49.00",
    "stock": 0
  }
},
{
  "model": "clinic.product",
  "pk": 359,
  "fields": {
    "name": "Vetamycon\u00ae 6X",
    "desc": null,
    "producttype": 1,
    "image": "",
    "price": "32.00",
    "stock": 0
  }
},
{
  "model": "clinic.product",
  "pk": 360,
  "fields": {
    "name": "Vetoca\u00edna A2",
    "desc": null,
    "producttype": 2,
    "image": "",
    "price": "46.00",
    "stock": 0
  }
},
{
  "model": "clinic.product",
  "pk": 361,
  "fields": {
    "name": "Vetocam\u00ae 200",
    "desc": null,
    "producttype": 1,
    "image": "",
    "price": "47.00",
    "stock": 0
  }
},
{
  "model": "clinic.product",
  "pk": 362,
  "fields": {
    "name": "Vetocam\u00ae 50",
    "desc": null,
    "producttype": 1,
    "image": "",
    "price": "49.00",
    "stock": 0
  }
},
{
  "model": "clinic.product",
  "pk": 363,
  "fields": {
    "name": "Vetonic\u00ae con Nucle\u00f3tidos",
    "desc": null,
    "producttype": 3,
    "image": "",
    "price": "21.00",
    "stock": 0
  }
},
{
  "model": "clinic.product",
  "pk": 364,
  "fields": {
    "name": "Virodine\u00ae S",
    "desc": null,
    "producttype": 1,
    "image": "",
    "price": "50.00",
    "stock": 0
  }
},
{
  "model": "clinic.product",
  "pk": 365,
  "fields": {
    "name": "Viroguard\u00ae 6",
    "desc": null,
    "producttype": 1,
    "image": "",
    "price": "36.00",
    "stock": 0
  }
},
{
  "model": "clinic.product",
  "pk": 366,
  "fields": {
    "name": "Vitamino\u00ae B",
    "desc": null,
    "producttype": 1,
    "image": "",
    "price": "22.00",
    "stock": 0
  }
},
{
  "model": "clinic.product",
  "pk": 367,
  "fields": {
    "name": "Vitamino\u00ae Multi",
    "desc": null,
    "producttype": 3,
    "image": "",
    "price": "26.00",
    "stock": 0
  }
},
{
  "model": "clinic.product",
  "pk": 368,
  "fields": {
    "name": "Xelamec\u00ae Combi Spot On",
    "desc": null,
    "producttype": 1,
    "image": "",
    "price": "23.00",
    "stock": 0
  }
},
{
  "model": "clinic.product",
  "pk": 369,
  "fields": {
    "name": "Xelamec\u00ae Spot On",
    "desc": null,
    "producttype": 3,
    "image": "",
    "price": "20.00",
    "stock": 0
  }
},
{
  "model": "clinic.product",
  "pk": 370,
  "fields": {
    "name": "ZooLyte\u00ae WS",
    "desc": null,
    "producttype": 2,
    "image": "",
    "price": "6.00",
    "stock": 0
  }
},
{
  "model": "clinic.product",
  "pk": 371,
  "fields": {
    "name": "Zoovit\u00ae Bolus",
    "desc": null,
    "producttype": 3,
    "image": "",
    "price": "44.00",
    "stock": 0
  }
},
{
  "model": "clinic.purchase",
  "pk": 1,
  "fields": {
    "provider": 1,
    "date_joined": "2020-10-01",
    "subtotal": "1480.00"
  }
},
{
  "model": "clinic.purchase",
  "pk": 2,
  "fields": {
    "provider": 1,
    "date_joined": "2020-10-01",
    "subtotal": "13002.00"
  }
},
{
  "model": "clinic.purchase",
  "pk": 3,
  "fields": {
    "provider": 1,
    "date_joined": "2020-10-04",
    "subtotal": "4930.00"
  }
},
{
  "model": "clinic.purchase",
  "pk": 4,
  "fields": {
    "provider": 1,
    "date_joined": "2020-10-09",
    "subtotal": "507.00"
  }
},
{
  "model": "clinic.purchase",
  "pk": 5,
  "fields": {
    "provider": 1,
    "date_joined": "2020-10-10",
    "subtotal": "412.00"
  }
},
{
  "model": "clinic.purchase",
  "pk": 6,
  "fields": {
    "provider": 1,
    "date_joined": "2020-10-11",
    "subtotal": "146.00"
  }
},
{
  "model": "clinic.purchase",
  "pk": 7,
  "fields": {
    "provider": 1,
    "date_joined": "2020-10-11",
    "subtotal": "2395.00"
  }
},
{
  "model": "clinic.purchase",
  "pk": 8,
  "fields": {
    "provider": 1,
    "date_joined": "2020-10-11",
    "subtotal": "2600.00"
  }
},
{
  "model": "clinic.purchase",
  "pk": 9,
  "fields": {
    "provider": 1,
    "date_joined": "2020-10-27",
    "subtotal": "4690.00"
  }
},
{
  "model": "clinic.purchasedetail",
  "pk": 1,
  "fields": {
    "purchase": 1,
    "product": 2,
    "cant": 50,
    "price": "16.00",
    "subtotal": "800.00"
  }
},
{
  "model": "clinic.purchasedetail",
  "pk": 2,
  "fields": {
    "purchase": 1,
    "product": 1,
    "cant": 40,
    "price": "17.00",
    "subtotal": "680.00"
  }
},
{
  "model": "clinic.purchasedetail",
  "pk": 3,
  "fields": {
    "purchase": 2,
    "product": 102,
    "cant": 10,
    "price": "40.00",
    "subtotal": "400.00"
  }
},
{
  "model": "clinic.purchasedetail",
  "pk": 4,
  "fields": {
    "purchase": 2,
    "product": 103,
    "cant": 10,
    "price": "39.00",
    "subtotal": "390.00"
  }
},
{
  "model": "clinic.purchasedetail",
  "pk": 5,
  "fields": {
    "purchase": 2,
    "product": 104,
    "cant": 10,
    "price": "48.00",
    "subtotal": "480.00"
  }
},
{
  "model": "clinic.purchasedetail",
  "pk": 6,
  "fields": {
    "purchase": 2,
    "product": 105,
    "cant": 10,
    "price": "16.00",
    "subtotal": "160.00"
  }
},
{
  "model": "clinic.purchasedetail",
  "pk": 7,
  "fields": {
    "purchase": 2,
    "product": 106,
    "cant": 10,
    "price": "3.00",
    "subtotal": "30.00"
  }
},
{
  "model": "clinic.purchasedetail",
  "pk": 8,
  "fields": {
    "purchase": 2,
    "product": 107,
    "cant": 10,
    "price": "6.00",
    "subtotal": "60.00"
  }
},
{
  "model": "clinic.purchasedetail",
  "pk": 9,
  "fields": {
    "purchase": 2,
    "product": 108,
    "cant": 10,
    "price": "42.00",
    "subtotal": "420.00"
  }
},
{
  "model": "clinic.purchasedetail",
  "pk": 10,
  "fields": {
    "purchase": 2,
    "product": 109,
    "cant": 8,
    "price": "38.00",
    "subtotal": "304.00"
  }
},
{
  "model": "clinic.purchasedetail",
  "pk": 11,
  "fields": {
    "purchase": 2,
    "product": 110,
    "cant": 8,
    "price": "50.00",
    "subtotal": "400.00"
  }
},
{
  "model": "clinic.purchasedetail",
  "pk": 12,
  "fields": {
    "purchase": 2,
    "product": 111,
    "cant": 5,
    "price": "49.00",
    "subtotal": "245.00"
  }
},
{
  "model": "clinic.purchasedetail",
  "pk": 13,
  "fields": {
    "purchase": 2,
    "product": 112,
    "cant": 10,
    "price": "17.00",
    "subtotal": "170.00"
  }
},
{
  "model": "clinic.purchasedetail",
  "pk": 14,
  "fields": {
    "purchase": 2,
    "product": 113,
    "cant": 13,
    "price": "29.00",
    "subtotal": "377.00"
  }
},
{
  "model": "clinic.purchasedetail",
  "pk": 15,
  "fields": {
    "purchase": 2,
    "product": 114,
    "cant": 9,
    "price": "49.00",
    "subtotal": "441.00"
  }
},
{
  "model": "clinic.purchasedetail",
  "pk": 16,
  "fields": {
    "purchase": 2,
    "product": 115,
    "cant": 20,
    "price": "24.00",
    "subtotal": "480.00"
  }
},
{
  "model": "clinic.purchasedetail",
  "pk": 17,
  "fields": {
    "purchase": 2,
    "product": 116,
    "cant": 40,
    "price": "17.00",
    "subtotal": "680.00"
  }
},
{
  "model": "clinic.purchasedetail",
  "pk": 18,
  "fields": {
    "purchase": 2,
    "product": 117,
    "cant": 50,
    "price": "20.00",
    "subtotal": "1000.00"
  }
},
{
  "model": "clinic.purchasedetail",
  "pk": 19,
  "fields": {
    "purchase": 2,
    "product": 118,
    "cant": 10,
    "price": "2.00",
    "subtotal": "20.00"
  }
},
{
  "model": "clinic.purchasedetail",
  "pk": 20,
  "fields": {
    "purchase": 2,
    "product": 119,
    "cant": 60,
    "price": "8.00",
    "subtotal": "480.00"
  }
},
{
  "model": "clinic.purchasedetail",
  "pk": 21,
  "fields": {
    "purchase": 2,
    "product": 120,
    "cant": 40,
    "price": "31.00",
    "subtotal": "1240.00"
  }
},
{
  "model": "clinic.purchasedetail",
  "pk": 22,
  "fields": {
    "purchase": 2,
    "product": 121,
    "cant": 60,
    "price": "31.00",
    "subtotal": "1860.00"
  }
},
{
  "model": "clinic.purchasedetail",
  "pk": 23,
  "fields": {
    "purchase": 2,
    "product": 125,
    "cant": 70,
    "price": "3.00",
    "subtotal": "210.00"
  }
},
{
  "model": "clinic.purchasedetail",
  "pk": 24,
  "fields": {
    "purchase": 2,
    "product": 126,
    "cant": 80,
    "price": "10.00",
    "subtotal": "800.00"
  }
},
{
  "model": "clinic.purchasedetail",
  "pk": 25,
  "fields": {
    "purchase": 2,
    "product": 127,
    "cant": 10,
    "price": "7.00",
    "subtotal": "70.00"
  }
},
{
  "model": "clinic.purchasedetail",
  "pk": 26,
  "fields": {
    "purchase": 2,
    "product": 128,
    "cant": 20,
    "price": "19.00",
    "subtotal": "380.00"
  }
},
{
  "model": "clinic.purchasedetail",
  "pk": 27,
  "fields": {
    "purchase": 2,
    "product": 129,
    "cant": 10,
    "price": "21.00",
    "subtotal": "210.00"
  }
},
{
  "model": "clinic.purchasedetail",
  "pk": 28,
  "fields": {
    "purchase": 2,
    "product": 130,
    "cant": 15,
    "price": "49.00",
    "subtotal": "735.00"
  }
},
{
  "model": "clinic.purchasedetail",
  "pk": 29,
  "fields": {
    "purchase": 2,
    "product": 131,
    "cant": 10,
    "price": "20.00",
    "subtotal": "200.00"
  }
},
{
  "model": "clinic.purchasedetail",
  "pk": 30,
  "fields": {
    "purchase": 2,
    "product": 132,
    "cant": 40,
    "price": "19.00",
    "subtotal": "760.00"
  }
},
{
  "model": "clinic.purchasedetail",
  "pk": 31,
  "fields": {
    "purchase": 3,
    "product": 122,
    "cant": 10,
    "price": "17.00",
    "subtotal": "170.00"
  }
},
{
  "model": "clinic.purchasedetail",
  "pk": 32,
  "fields": {
    "purchase": 3,
    "product": 102,
    "cant": 20,
    "price": "40.00",
    "subtotal": "800.00"
  }
},
{
  "model": "clinic.purchasedetail",
  "pk": 33,
  "fields": {
    "purchase": 3,
    "product": 103,
    "cant": 40,
    "price": "39.00",
    "subtotal": "1560.00"
  }
},
{
  "model": "clinic.purchasedetail",
  "pk": 34,
  "fields": {
    "purchase": 3,
    "product": 104,
    "cant": 50,
    "price": "48.00",
    "subtotal": "2400.00"
  }
},
{
  "model": "clinic.purchasedetail",
  "pk": 35,
  "fields": {
    "purchase": 4,
    "product": 102,
    "cant": 3,
    "price": "40.00",
    "subtotal": "120.00"
  }
},
{
  "model": "clinic.purchasedetail",
  "pk": 36,
  "fields": {
    "purchase": 4,
    "product": 103,
    "cant": 5,
    "price": "39.00",
    "subtotal": "195.00"
  }
},
{
  "model": "clinic.purchasedetail",
  "pk": 37,
  "fields": {
    "purchase": 4,
    "product": 104,
    "cant": 4,
    "price": "48.00",
    "subtotal": "192.00"
  }
},
{
  "model": "clinic.purchasedetail",
  "pk": 38,
  "fields": {
    "purchase": 5,
    "product": 123,
    "cant": 2,
    "price": "36.00",
    "subtotal": "72.00"
  }
},
{
  "model": "clinic.purchasedetail",
  "pk": 39,
  "fields": {
    "purchase": 5,
    "product": 124,
    "cant": 5,
    "price": "6.00",
    "subtotal": "30.00"
  }
},
{
  "model": "clinic.purchasedetail",
  "pk": 40,
  "fields": {
    "purchase": 5,
    "product": 133,
    "cant": 4,
    "price": "49.00",
    "subtotal": "196.00"
  }
},
{
  "model": "clinic.purchasedetail",
  "pk": 41,
  "fields": {
    "purchase": 5,
    "product": 134,
    "cant": 3,
    "price": "38.00",
    "subtotal": "114.00"
  }
},
{
  "model": "clinic.purchasedetail",
  "pk": 42,
  "fields": {
    "purchase": 6,
    "product": 102,
    "cant": 1,
    "price": "40.00",
    "subtotal": "40.00"
  }
},
{
  "model": "clinic.purchasedetail",
  "pk": 43,
  "fields": {
    "purchase": 6,
    "product": 103,
    "cant": 1,
    "price": "39.00",
    "subtotal": "39.00"
  }
},
{
  "model": "clinic.purchasedetail",
  "pk": 44,
  "fields": {
    "purchase": 6,
    "product": 104,
    "cant": 1,
    "price": "48.00",
    "subtotal": "48.00"
  }
},
{
  "model": "clinic.purchasedetail",
  "pk": 45,
  "fields": {
    "purchase": 6,
    "product": 105,
    "cant": 1,
    "price": "16.00",
    "subtotal": "16.00"
  }
},
{
  "model": "clinic.purchasedetail",
  "pk": 46,
  "fields": {
    "purchase": 6,
    "product": 106,
    "cant": 1,
    "price": "3.00",
    "subtotal": "3.00"
  }
},
{
  "model": "clinic.purchasedetail",
  "pk": 47,
  "fields": {
    "purchase": 7,
    "product": 103,
    "cant": 10,
    "price": "39.00",
    "subtotal": "390.00"
  }
},
{
  "model": "clinic.purchasedetail",
  "pk": 48,
  "fields": {
    "purchase": 7,
    "product": 102,
    "cant": 20,
    "price": "40.00",
    "subtotal": "800.00"
  }
},
{
  "model": "clinic.purchasedetail",
  "pk": 49,
  "fields": {
    "purchase": 7,
    "product": 126,
    "cant": 40,
    "price": "10.00",
    "subtotal": "400.00"
  }
},
{
  "model": "clinic.purchasedetail",
  "pk": 50,
  "fields": {
    "purchase": 7,
    "product": 125,
    "cant": 10,
    "price": "3.00",
    "subtotal": "30.00"
  }
},
{
  "model": "clinic.purchasedetail",
  "pk": 51,
  "fields": {
    "purchase": 7,
    "product": 104,
    "cant": 10,
    "price": "48.00",
    "subtotal": "480.00"
  }
},
{
  "model": "clinic.purchasedetail",
  "pk": 52,
  "fields": {
    "purchase": 7,
    "product": 119,
    "cant": 5,
    "price": "8.00",
    "subtotal": "40.00"
  }
},
{
  "model": "clinic.purchasedetail",
  "pk": 53,
  "fields": {
    "purchase": 7,
    "product": 121,
    "cant": 5,
    "price": "31.00",
    "subtotal": "155.00"
  }
},
{
  "model": "clinic.purchasedetail",
  "pk": 54,
  "fields": {
    "purchase": 7,
    "product": 117,
    "cant": 5,
    "price": "20.00",
    "subtotal": "100.00"
  }
},
{
  "model": "clinic.purchasedetail",
  "pk": 55,
  "fields": {
    "purchase": 8,
    "product": 122,
    "cant": 10,
    "price": "17.00",
    "subtotal": "170.00"
  }
},
{
  "model": "clinic.purchasedetail",
  "pk": 56,
  "fields": {
    "purchase": 8,
    "product": 135,
    "cant": 20,
    "price": "16.00",
    "subtotal": "320.00"
  }
},
{
  "model": "clinic.purchasedetail",
  "pk": 57,
  "fields": {
    "purchase": 8,
    "product": 136,
    "cant": 10,
    "price": "8.00",
    "subtotal": "80.00"
  }
},
{
  "model": "clinic.purchasedetail",
  "pk": 58,
  "fields": {
    "purchase": 8,
    "product": 137,
    "cant": 40,
    "price": "43.00",
    "subtotal": "1720.00"
  }
},
{
  "model": "clinic.purchasedetail",
  "pk": 59,
  "fields": {
    "purchase": 8,
    "product": 138,
    "cant": 10,
    "price": "28.00",
    "subtotal": "280.00"
  }
},
{
  "model": "clinic.purchasedetail",
  "pk": 60,
  "fields": {
    "purchase": 8,
    "product": 139,
    "cant": 10,
    "price": "3.00",
    "subtotal": "30.00"
  }
},
{
  "model": "clinic.purchasedetail",
  "pk": 61,
  "fields": {
    "purchase": 9,
    "product": 102,
    "cant": 10,
    "price": "40.00",
    "subtotal": "400.00"
  }
},
{
  "model": "clinic.purchasedetail",
  "pk": 62,
  "fields": {
    "purchase": 9,
    "product": 103,
    "cant": 50,
    "price": "39.00",
    "subtotal": "1950.00"
  }
},
{
  "model": "clinic.purchasedetail",
  "pk": 63,
  "fields": {
    "purchase": 9,
    "product": 104,
    "cant": 40,
    "price": "48.00",
    "subtotal": "1920.00"
  }
},
{
  "model": "clinic.purchasedetail",
  "pk": 64,
  "fields": {
    "purchase": 9,
    "product": 108,
    "cant": 10,
    "price": "42.00",
    "subtotal": "420.00"
  }
},
{
  "model": "clinic.color",
  "pk": 1,
  "fields": {
    "name": "Almendra",
    "hex": "#EFDECD"
  }
},
{
  "model": "clinic.color",
  "pk": 2,
  "fields": {
    "name": "Lat\u00f3n antiguo",
    "hex": "#CD9575"
  }
},
{
  "model": "clinic.color",
  "pk": 3,
  "fields": {
    "name": "Albaricoque",
    "hex": "#FDD9B5"
  }
},
{
  "model": "clinic.color",
  "pk": 4,
  "fields": {
    "name": "Aguamarina",
    "hex": "#78DBE2"
  }
},
{
  "model": "clinic.color",
  "pk": 5,
  "fields": {
    "name": "Esp\u00e1rragos",
    "hex": "#87A96B"
  }
},
{
  "model": "clinic.color",
  "pk": 6,
  "fields": {
    "name": "Mandarina at\u00f3mica",
    "hex": "#FFA474"
  }
},
{
  "model": "clinic.color",
  "pk": 7,
  "fields": {
    "name": "Banana man\u00eda",
    "hex": "#FAE7B5"
  }
},
{
  "model": "clinic.color",
  "pk": 8,
  "fields": {
    "name": "Castor",
    "hex": "#9F8170"
  }
},
{
  "model": "clinic.color",
  "pk": 9,
  "fields": {
    "name": "Agridulce",
    "hex": "#FD7C6E"
  }
},
{
  "model": "clinic.color",
  "pk": 10,
  "fields": {
    "name": "Negro",
    "hex": "#000000"
  }
},
{
  "model": "clinic.color",
  "pk": 11,
  "fields": {
    "name": "Blizzard Blue",
    "hex": "#ACE5EE"
  }
},
{
  "model": "clinic.color",
  "pk": 12,
  "fields": {
    "name": "Azul",
    "hex": "#1F75FE"
  }
},
{
  "model": "clinic.color",
  "pk": 13,
  "fields": {
    "name": "Campana azul",
    "hex": "#A2A2D0"
  }
},
{
  "model": "clinic.color",
  "pk": 14,
  "fields": {
    "name": "Gris azulado",
    "hex": "#6699CC"
  }
},
{
  "model": "clinic.color",
  "pk": 15,
  "fields": {
    "name": "Azul verde",
    "hex": "#0D98BA"
  }
},
{
  "model": "clinic.color",
  "pk": 16,
  "fields": {
    "name": "Violeta Azul",
    "hex": "#7366BD"
  }
},
{
  "model": "clinic.color",
  "pk": 17,
  "fields": {
    "name": "Sonrojo",
    "hex": "#DE5D83"
  }
},
{
  "model": "clinic.color",
  "pk": 18,
  "fields": {
    "name": "Brick Red",
    "hex": "#CB4154"
  }
},
{
  "model": "clinic.color",
  "pk": 19,
  "fields": {
    "name": "marr\u00f3n",
    "hex": "#B4674D"
  }
},
{
  "model": "clinic.color",
  "pk": 20,
  "fields": {
    "name": "Naranja quemada",
    "hex": "#FF7F49"
  }
},
{
  "model": "clinic.color",
  "pk": 21,
  "fields": {
    "name": "Siena tostado",
    "hex": "#EA7E5D"
  }
},
{
  "model": "clinic.color",
  "pk": 22,
  "fields": {
    "name": "Azul cadete",
    "hex": "#B0B7C6"
  }
},
{
  "model": "clinic.color",
  "pk": 23,
  "fields": {
    "name": "Canario",
    "hex": "#FFFF99"
  }
},
{
  "model": "clinic.color",
  "pk": 24,
  "fields": {
    "name": "Verde caribe",
    "hex": "#1CD3A2"
  }
},
{
  "model": "clinic.color",
  "pk": 25,
  "fields": {
    "name": "Clavel rosa",
    "hex": "#FFAACC"
  }
},
{
  "model": "clinic.color",
  "pk": 26,
  "fields": {
    "name": "Cereza",
    "hex": "#DD4492"
  }
},
{
  "model": "clinic.color",
  "pk": 27,
  "fields": {
    "name": "Azul claro",
    "hex": "#1DACD6"
  }
},
{
  "model": "clinic.color",
  "pk": 28,
  "fields": {
    "name": "casta\u00f1a",
    "hex": "#BC5D58"
  }
},
{
  "model": "clinic.color",
  "pk": 29,
  "fields": {
    "name": "Cobre",
    "hex": "#DD9475"
  }
},
{
  "model": "clinic.color",
  "pk": 30,
  "fields": {
    "name": "Florecimiento de ma\u00edz",
    "hex": "#9ACEEB"
  }
},
{
  "model": "clinic.color",
  "pk": 31,
  "fields": {
    "name": "Algod\u00f3n de az\u00facar",
    "hex": "#FFBCD9"
  }
},
{
  "model": "clinic.color",
  "pk": 32,
  "fields": {
    "name": "Diente de le\u00f3n",
    "hex": "#FDDB6D"
  }
},
{
  "model": "clinic.color",
  "pk": 33,
  "fields": {
    "name": "Mezclilla",
    "hex": "#2B6CC4"
  }
},
{
  "model": "clinic.color",
  "pk": 34,
  "fields": {
    "name": "Arena del desierto",
    "hex": "#EFCDB8"
  }
},
{
  "model": "clinic.color",
  "pk": 35,
  "fields": {
    "name": "Berenjena",
    "hex": "#6E5160"
  }
},
{
  "model": "clinic.color",
  "pk": 36,
  "fields": {
    "name": "Cal el\u00e9ctrica",
    "hex": "#CEFF1D"
  }
},
{
  "model": "clinic.color",
  "pk": 37,
  "fields": {
    "name": "Helecho",
    "hex": "#71BC78"
  }
},
{
  "model": "clinic.color",
  "pk": 38,
  "fields": {
    "name": "Bosque verde",
    "hex": "#6DAE81"
  }
},
{
  "model": "clinic.color",
  "pk": 39,
  "fields": {
    "name": "Fucsia",
    "hex": "#C364C5"
  }
},
{
  "model": "clinic.color",
  "pk": 40,
  "fields": {
    "name": "Fuzzy Wuzzy",
    "hex": "#CC6666"
  }
},
{
  "model": "clinic.color",
  "pk": 41,
  "fields": {
    "name": "Oro",
    "hex": "#E7C697"
  }
},
{
  "model": "clinic.color",
  "pk": 42,
  "fields": {
    "name": "Vara de oro",
    "hex": "#FCD975"
  }
},
{
  "model": "clinic.color",
  "pk": 43,
  "fields": {
    "name": "Manzana Granny Smith",
    "hex": "#A8E4A0"
  }
},
{
  "model": "clinic.color",
  "pk": 44,
  "fields": {
    "name": "gris",
    "hex": "#95918C"
  }
},
{
  "model": "clinic.color",
  "pk": 45,
  "fields": {
    "name": "Verde",
    "hex": "#1CAC78"
  }
},
{
  "model": "clinic.color",
  "pk": 46,
  "fields": {
    "name": "Verde azul",
    "hex": "#1164B4"
  }
},
{
  "model": "clinic.color",
  "pk": 47,
  "fields": {
    "name": "Verde amarillo",
    "hex": "#F0E891"
  }
},
{
  "model": "clinic.color",
  "pk": 48,
  "fields": {
    "name": "Magenta caliente",
    "hex": "#FF1DCE"
  }
},
{
  "model": "clinic.color",
  "pk": 49,
  "fields": {
    "name": "Gusano",
    "hex": "#B2EC5D"
  }
},
{
  "model": "clinic.color",
  "pk": 50,
  "fields": {
    "name": "\u00cdndigo",
    "hex": "#5D76CB"
  }
},
{
  "model": "clinic.color",
  "pk": 51,
  "fields": {
    "name": "Mermelada de cereza",
    "hex": "#CA3767"
  }
},
{
  "model": "clinic.color",
  "pk": 52,
  "fields": {
    "name": "Verde selva",
    "hex": "#3BB08F"
  }
},
{
  "model": "clinic.color",
  "pk": 53,
  "fields": {
    "name": "Lim\u00f3n l\u00e1ser",
    "hex": "#FEFE22"
  }
},
{
  "model": "clinic.color",
  "pk": 54,
  "fields": {
    "name": "Lavanda",
    "hex": "#FCB4D5"
  }
},
{
  "model": "clinic.color",
  "pk": 55,
  "fields": {
    "name": "Limon amarillo",
    "hex": "#FFF44F"
  }
},
{
  "model": "clinic.color",
  "pk": 56,
  "fields": {
    "name": "Macarrones con queso",
    "hex": "#FFBD88"
  }
},
{
  "model": "clinic.color",
  "pk": 57,
  "fields": {
    "name": "Magenta",
    "hex": "#F664AF"
  }
},
{
  "model": "clinic.color",
  "pk": 58,
  "fields": {
    "name": "Menta m\u00e1gica",
    "hex": "#AAF0D1"
  }
},
{
  "model": "clinic.color",
  "pk": 59,
  "fields": {
    "name": "Caoba",
    "hex": "#CD4A4C"
  }
},
{
  "model": "clinic.color",
  "pk": 60,
  "fields": {
    "name": "Ma\u00edz",
    "hex": "#EDD19C"
  }
},
{
  "model": "clinic.color",
  "pk": 61,
  "fields": {
    "name": "Manat\u00ed",
    "hex": "#979AAA"
  }
},
{
  "model": "clinic.color",
  "pk": 62,
  "fields": {
    "name": "Mango Tango",
    "hex": "#FF8243"
  }
},
{
  "model": "clinic.color",
  "pk": 63,
  "fields": {
    "name": "Granate",
    "hex": "#C8385A"
  }
},
{
  "model": "clinic.color",
  "pk": 64,
  "fields": {
    "name": "Maravilloso",
    "hex": "#EF98AA"
  }
},
{
  "model": "clinic.color",
  "pk": 65,
  "fields": {
    "name": "Mel\u00f3n",
    "hex": "#FDBCB4"
  }
},
{
  "model": "clinic.color",
  "pk": 66,
  "fields": {
    "name": "Azul medianoche",
    "hex": "#1A4876"
  }
},
{
  "model": "clinic.color",
  "pk": 67,
  "fields": {
    "name": "Prado de monta\u00f1a",
    "hex": "#30BA8F"
  }
},
{
  "model": "clinic.color",
  "pk": 68,
  "fields": {
    "name": "Mora",
    "hex": "#C54B8C"
  }
},
{
  "model": "clinic.color",
  "pk": 69,
  "fields": {
    "name": "Azul marino",
    "hex": "#1974D2"
  }
},
{
  "model": "clinic.color",
  "pk": 70,
  "fields": {
    "name": "Zanahoria Ne\u00f3n",
    "hex": "#FFA343"
  }
},
{
  "model": "clinic.color",
  "pk": 71,
  "fields": {
    "name": "Verde oliva",
    "hex": "#BAB86C"
  }
},
{
  "model": "clinic.color",
  "pk": 72,
  "fields": {
    "name": "naranja",
    "hex": "#FF7538"
  }
},
{
  "model": "clinic.color",
  "pk": 73,
  "fields": {
    "name": "Rojo naranja",
    "hex": "#FF2B2B"
  }
},
{
  "model": "clinic.color",
  "pk": 74,
  "fields": {
    "name": "Naranja amarillo",
    "hex": "#F8D568"
  }
},
{
  "model": "clinic.color",
  "pk": 75,
  "fields": {
    "name": "Orqu\u00eddea",
    "hex": "#E6A8D7"
  }
},
{
  "model": "clinic.color",
  "pk": 76,
  "fields": {
    "name": "Espacio exterior",
    "hex": "#414A4C"
  }
},
{
  "model": "clinic.color",
  "pk": 77,
  "fields": {
    "name": "Naranja indignante",
    "hex": "#FF6E4A"
  }
},
{
  "model": "clinic.color",
  "pk": 78,
  "fields": {
    "name": "Pacifico Azul",
    "hex": "#1CA9C9"
  }
},
{
  "model": "clinic.color",
  "pk": 79,
  "fields": {
    "name": "melocot\u00f3n",
    "hex": "#FFCFAB"
  }
},
{
  "model": "clinic.color",
  "pk": 80,
  "fields": {
    "name": "B\u00edgaro",
    "hex": "#C5D0E6"
  }
},
{
  "model": "clinic.color",
  "pk": 81,
  "fields": {
    "name": "Piggy Pink",
    "hex": "#FDDDE6"
  }
},
{
  "model": "clinic.color",
  "pk": 82,
  "fields": {
    "name": "Pino verde",
    "hex": "#158078"
  }
},
{
  "model": "clinic.color",
  "pk": 83,
  "fields": {
    "name": "Flamenco rosa",
    "hex": "#FC74FD"
  }
},
{
  "model": "clinic.color",
  "pk": 84,
  "fields": {
    "name": "Sorbete rosa",
    "hex": "#F78FA7"
  }
},
{
  "model": "clinic.color",
  "pk": 85,
  "fields": {
    "name": "ciruela",
    "hex": "#8E4585"
  }
},
{
  "model": "clinic.color",
  "pk": 86,
  "fields": {
    "name": "Coraz\u00f3n Purpura",
    "hex": "#7442C8"
  }
},
{
  "model": "clinic.color",
  "pk": 87,
  "fields": {
    "name": "Majestad de las Monta\u00f1as P\u00farpura",
    "hex": "#9D81BA"
  }
},
{
  "model": "clinic.color",
  "pk": 88,
  "fields": {
    "name": "Pizzazz p\u00farpura",
    "hex": "#FE4EDA"
  }
},
{
  "model": "clinic.color",
  "pk": 89,
  "fields": {
    "name": "Rojo radical",
    "hex": "#FF496C"
  }
},
{
  "model": "clinic.color",
  "pk": 90,
  "fields": {
    "name": "Siena natural",
    "hex": "#D68A59"
  }
},
{
  "model": "clinic.color",
  "pk": 91,
  "fields": {
    "name": "Sombra natural",
    "hex": "#714B23"
  }
},
{
  "model": "clinic.color",
  "pk": 92,
  "fields": {
    "name": "Razzle Dazzle Rose",
    "hex": "#FF48D0"
  }
},
{
  "model": "clinic.color",
  "pk": 93,
  "fields": {
    "name": "Razzmatazz",
    "hex": "#E3256B"
  }
},
{
  "model": "clinic.color",
  "pk": 94,
  "fields": {
    "name": "Red",
    "hex": "#EE204D"
  }
},
{
  "model": "clinic.color",
  "pk": 95,
  "fields": {
    "name": "Naranja roja",
    "hex": "#FF5349"
  }
},
{
  "model": "clinic.color",
  "pk": 96,
  "fields": {
    "name": "Rojo viol\u00e1ceo",
    "hex": "#C0448F"
  }
},
{
  "model": "clinic.color",
  "pk": 97,
  "fields": {
    "name": "Azul huevo de Robin",
    "hex": "#1FCECB"
  }
},
{
  "model": "clinic.color",
  "pk": 98,
  "fields": {
    "name": "morado real",
    "hex": "#7851A9"
  }
},
{
  "model": "clinic.color",
  "pk": 99,
  "fields": {
    "name": "Salm\u00f3n",
    "hex": "#FF9BAA"
  }
},
{
  "model": "clinic.color",
  "pk": 100,
  "fields": {
    "name": "Escarlata",
    "hex": "#FC2847"
  }
},
{
  "model": "clinic.color",
  "pk": 101,
  "fields": {
    "name": "Gritando verde",
    "hex": "#76FF7A"
  }
},
{
  "model": "clinic.color",
  "pk": 102,
  "fields": {
    "name": "Mar verde",
    "hex": "#9FE2BF"
  }
},
{
  "model": "clinic.color",
  "pk": 103,
  "fields": {
    "name": "Sepia",
    "hex": "#A5694F"
  }
},
{
  "model": "clinic.color",
  "pk": 104,
  "fields": {
    "name": "Sombra",
    "hex": "#8A795D"
  }
},
{
  "model": "clinic.color",
  "pk": 105,
  "fields": {
    "name": "Tr\u00e9bol",
    "hex": "#45CEA2"
  }
},
{
  "model": "clinic.color",
  "pk": 106,
  "fields": {
    "name": "Rosa impactante",
    "hex": "#FB7EFD"
  }
},
{
  "model": "clinic.color",
  "pk": 107,
  "fields": {
    "name": "Plata",
    "hex": "#CDC5C2"
  }
},
{
  "model": "clinic.color",
  "pk": 108,
  "fields": {
    "name": "Cielo azul",
    "hex": "#80DAEB"
  }
},
{
  "model": "clinic.color",
  "pk": 109,
  "fields": {
    "name": "Primavera verde",
    "hex": "#ECEABE"
  }
},
{
  "model": "clinic.color",
  "pk": 110,
  "fields": {
    "name": "Sunlow",
    "hex": "#FFCF48"
  }
},
{
  "model": "clinic.color",
  "pk": 111,
  "fields": {
    "name": "Puesta de sol naranja",
    "hex": "#FD5E53"
  }
},
{
  "model": "clinic.color",
  "pk": 112,
  "fields": {
    "name": "Tan",
    "hex": "#FAA76C"
  }
},
{
  "model": "clinic.color",
  "pk": 113,
  "fields": {
    "name": "Azul verdoso",
    "hex": "#18A7B5"
  }
},
{
  "model": "clinic.color",
  "pk": 114,
  "fields": {
    "name": "Cardo",
    "hex": "#EBC7DF"
  }
},
{
  "model": "clinic.color",
  "pk": 115,
  "fields": {
    "name": "Tickle Me Pink",
    "hex": "#FC89AC"
  }
},
{
  "model": "clinic.color",
  "pk": 116,
  "fields": {
    "name": "Lobo de madera",
    "hex": "#DBD7D2"
  }
},
{
  "model": "clinic.color",
  "pk": 117,
  "fields": {
    "name": "Bosque tropical",
    "hex": "#17806D"
  }
},
{
  "model": "clinic.color",
  "pk": 118,
  "fields": {
    "name": "Tumbleweed",
    "hex": "#DEAA88"
  }
},
{
  "model": "clinic.color",
  "pk": 119,
  "fields": {
    "name": "Azul turquesa",
    "hex": "#77DDE7"
  }
},
{
  "model": "clinic.color",
  "pk": 120,
  "fields": {
    "name": "Amarillo no meloso",
    "hex": "#FFFF66"
  }
},
{
  "model": "clinic.color",
  "pk": 121,
  "fields": {
    "name": "Morado violeta)",
    "hex": "#926EAE"
  }
},
{
  "model": "clinic.color",
  "pk": 122,
  "fields": {
    "name": "Azul violeta",
    "hex": "#324AB2"
  }
},
{
  "model": "clinic.color",
  "pk": 123,
  "fields": {
    "name": "Rojo violeta",
    "hex": "#F75394"
  }
},
{
  "model": "clinic.color",
  "pk": 124,
  "fields": {
    "name": "Mandarina viva",
    "hex": "#FFA089"
  }
},
{
  "model": "clinic.color",
  "pk": 125,
  "fields": {
    "name": "Violeta vivo",
    "hex": "#8F509D"
  }
},
{
  "model": "clinic.color",
  "pk": 126,
  "fields": {
    "name": "Blanco",
    "hex": "#FFFFFF"
  }
},
{
  "model": "clinic.color",
  "pk": 127,
  "fields": {
    "name": "All\u00e1 azul salvaje",
    "hex": "#A2ADD0"
  }
},
{
  "model": "clinic.color",
  "pk": 128,
  "fields": {
    "name": "Fresa salvaje",
    "hex": "#FF43A4"
  }
},
{
  "model": "clinic.color",
  "pk": 129,
  "fields": {
    "name": "Sand\u00eda salvaje",
    "hex": "#FC6C85"
  }
},
{
  "model": "clinic.color",
  "pk": 130,
  "fields": {
    "name": "Glicina",
    "hex": "#CDA4DE"
  }
},
{
  "model": "clinic.color",
  "pk": 131,
  "fields": {
    "name": "Amarillo",
    "hex": "#FCE883"
  }
},
{
  "model": "clinic.color",
  "pk": 132,
  "fields": {
    "name": "Amarillo verde",
    "hex": "#C5E384"
  }
},
{
  "model": "clinic.color",
  "pk": 133,
  "fields": {
    "name": "Amarillo naranja",
    "hex": "#FFAE42"
  }
},
{
  "model": "clinic.typepet",
  "pk": 1,
  "fields": {
    "name": "Gato"
  }
},
{
  "model": "clinic.typepet",
  "pk": 2,
  "fields": {
    "name": "Perro"
  }
},
{
  "model": "clinic.breedpet",
  "pk": 1,
  "fields": {
    "type": 1,
    "name": "Angora"
  }
},
{
  "model": "clinic.breedpet",
  "pk": 2,
  "fields": {
    "type": 2,
    "name": "Poodle"
  }
},
{
  "model": "clinic.mascots",
  "pk": 1,
  "fields": {
    "date_joined": "2020-09-23",
    "name": "MIZU",
    "client": 2,
    "color": 133,
    "image": "",
    "breed": 1,
    "gender": "hembra",
    "birthdate": "1999-12-17",
    "observation": ""
  }
},
{
  "model": "clinic.mascots",
  "pk": 5,
  "fields": {
    "date_joined": "2020-10-27",
    "name": "Manolo",
    "client": 2,
    "color": 131,
    "image": "",
    "breed": 1,
    "gender": "macho",
    "birthdate": "2020-10-27",
    "observation": null
  }
},
{
  "model": "clinic.mascots",
  "pk": 6,
  "fields": {
    "date_joined": "2020-10-27",
    "name": "Tortule",
    "client": 2,
    "color": 133,
    "image": "",
    "breed": 1,
    "gender": "macho",
    "birthdate": "2020-10-27",
    "observation": null
  }
},
{
  "model": "clinic.mascots",
  "pk": 7,
  "fields": {
    "date_joined": "2020-10-27",
    "name": "YOYI",
    "client": 2,
    "color": 131,
    "image": "",
    "breed": 1,
    "gender": "macho",
    "birthdate": "2020-10-27",
    "observation": "a"
  }
},
{
  "model": "clinic.mascots",
  "pk": 8,
  "fields": {
    "date_joined": "2020-10-27",
    "name": "ODIIS",
    "client": 2,
    "color": 133,
    "image": "mascots/2020/10/27/iconfinder_icon_animal_cachorro_3316536.png",
    "breed": 1,
    "gender": "macho",
    "birthdate": "2020-10-27",
    "observation": "SSS"
  }
},
{
  "model": "clinic.mascots",
  "pk": 9,
  "fields": {
    "date_joined": "2020-10-27",
    "name": "MANOLO",
    "client": 2,
    "color": 133,
    "image": "",
    "breed": 1,
    "gender": "macho",
    "birthdate": "2020-10-27",
    "observation": "asas"
  }
},
{
  "model": "clinic.mascots",
  "pk": 10,
  "fields": {
    "date_joined": "2020-12-18",
    "name": "YOGGI",
    "client": 3,
    "color": 10,
    "image": "",
    "breed": 1,
    "gender": "macho",
    "birthdate": "2019-12-18",
    "observation": ""
  }
},
{
  "model": "clinic.mascots",
  "pk": 11,
  "fields": {
    "date_joined": "2020-12-18",
    "name": "REX",
    "client": 3,
    "color": 130,
    "image": "",
    "breed": 1,
    "gender": "macho",
    "birthdate": "2020-12-18",
    "observation": null
  }
},
{
  "model": "clinic.medicalparameters",
  "pk": 1,
  "fields": {
    "name": "Respiraci\u00f3n"
  }
},
{
  "model": "clinic.medicalparameters",
  "pk": 2,
  "fields": {
    "name": "Presi\u00f3n arterial"
  }
},
{
  "model": "clinic.medicalparameters",
  "pk": 3,
  "fields": {
    "name": "Pulso"
  }
},
{
  "model": "clinic.medicalparameters",
  "pk": 4,
  "fields": {
    "name": "Temperatura"
  }
},
{
  "model": "clinic.medicalparameters",
  "pk": 5,
  "fields": {
    "name": "Peso"
  }
},
{
  "model": "clinic.sale",
  "pk": 1,
  "fields": {
    "employee": 1,
    "mascot": 9,
    "type": "cita_medica",
    "date_joined": "2020-12-18",
    "hour": "08:30:00",
    "observation": "",
    "symptoms": "Estos son los s\u00edntomas que tiene",
    "diagnosis": "sdsds",
    "subtotal": "306.00",
    "iva": "0.12",
    "total_iva": "36.72",
    "total": "342.72",
    "status": "finalizado"
  }
},
{
  "model": "clinic.sale",
  "pk": 2,
  "fields": {
    "employee": 1,
    "mascot": 9,
    "type": "venta",
    "date_joined": "2020-12-17",
    "hour": "18:51:33.491",
    "observation": "asasa",
    "symptoms": null,
    "diagnosis": null,
    "subtotal": "48.00",
    "iva": "0.12",
    "total_iva": "5.76",
    "total": "53.76",
    "status": "finalizado"
  }
},
{
  "model": "clinic.sale",
  "pk": 3,
  "fields": {
    "employee": 1,
    "mascot": 9,
    "type": "cita_medica",
    "date_joined": "2020-12-17",
    "hour": "19:03:28.172",
    "observation": "asas",
    "symptoms": "asas",
    "diagnosis": "asasa",
    "subtotal": "51.00",
    "iva": "0.12",
    "total_iva": "6.12",
    "total": "57.12",
    "status": "finalizado"
  }
},
{
  "model": "clinic.sale",
  "pk": 4,
  "fields": {
    "employee": 1,
    "mascot": 11,
    "type": "venta",
    "date_joined": "2020-12-18",
    "hour": "14:12:53.848",
    "observation": "ASDSDS",
    "symptoms": null,
    "diagnosis": null,
    "subtotal": "48.00",
    "iva": "0.12",
    "total_iva": "5.76",
    "total": "53.76",
    "status": "finalizado"
  }
},
{
  "model": "clinic.historialmedical",
  "pk": 1,
  "fields": {
    "sale": 1,
    "medical_parameters": 5,
    "valor": "0.00",
    "desc": ""
  }
},
{
  "model": "clinic.historialmedical",
  "pk": 2,
  "fields": {
    "sale": 1,
    "medical_parameters": 2,
    "valor": "0.00",
    "desc": ""
  }
},
{
  "model": "clinic.historialmedical",
  "pk": 3,
  "fields": {
    "sale": 1,
    "medical_parameters": 3,
    "valor": "0.00",
    "desc": ""
  }
},
{
  "model": "clinic.historialmedical",
  "pk": 4,
  "fields": {
    "sale": 1,
    "medical_parameters": 1,
    "valor": "0.00",
    "desc": ""
  }
},
{
  "model": "clinic.historialmedical",
  "pk": 5,
  "fields": {
    "sale": 1,
    "medical_parameters": 4,
    "valor": "0.00",
    "desc": ""
  }
},
{
  "model": "clinic.historialmedical",
  "pk": 6,
  "fields": {
    "sale": 3,
    "medical_parameters": 5,
    "valor": "10",
    "desc": ""
  }
},
{
  "model": "clinic.historialmedical",
  "pk": 7,
  "fields": {
    "sale": 3,
    "medical_parameters": 2,
    "valor": "20",
    "desc": ""
  }
},
{
  "model": "clinic.historialmedical",
  "pk": 8,
  "fields": {
    "sale": 3,
    "medical_parameters": 3,
    "valor": "40",
    "desc": ""
  }
},
{
  "model": "clinic.historialmedical",
  "pk": 9,
  "fields": {
    "sale": 3,
    "medical_parameters": 1,
    "valor": "50",
    "desc": ""
  }
},
{
  "model": "clinic.historialmedical",
  "pk": 10,
  "fields": {
    "sale": 3,
    "medical_parameters": 4,
    "valor": "10",
    "desc": ""
  }
},
{
  "model": "clinic.saleproducts",
  "pk": 1,
  "fields": {
    "sale": 1,
    "product": 104,
    "cant": 2,
    "price": "48.00",
    "subtotal": "96.00"
  }
},
{
  "model": "clinic.saleproducts",
  "pk": 2,
  "fields": {
    "sale": 1,
    "product": 84,
    "cant": 3,
    "price": "70.00",
    "subtotal": "210.00"
  }
},
{
  "model": "clinic.saleproducts",
  "pk": 3,
  "fields": {
    "sale": 2,
    "product": 104,
    "cant": 1,
    "price": "48.00",
    "subtotal": "48.00"
  }
},
{
  "model": "clinic.saleproducts",
  "pk": 4,
  "fields": {
    "sale": 3,
    "product": 104,
    "cant": 1,
    "price": "48.00",
    "subtotal": "48.00"
  }
},
{
  "model": "clinic.saleproducts",
  "pk": 5,
  "fields": {
    "sale": 3,
    "product": 106,
    "cant": 1,
    "price": "3.00",
    "subtotal": "3.00"
  }
},
{
  "model": "clinic.saleproducts",
  "pk": 6,
  "fields": {
    "sale": 4,
    "product": 104,
    "cant": 1,
    "price": "48.00",
    "subtotal": "48.00"
  }
},
{
  "model": "homepage.mainpage",
  "pk": 1,
  "fields": {
    "name": "Veterinaria Patitas Ajenas",
    "ruc": "0928363993001",
    "proprietor": "William Jair D\u00e1vila Varges",
    "desc": "Te ofrecemos el mejor servicio y las m\u00e1s avanzadas t\u00e9cnicas m\u00e9dicas y quir\u00fargicas para tu mascota.",
    "with_us": "Ofrecer bienestar a cada una de nuestras mascotas, que sus familias entiendan los deberes y los derechos que tienen las mascotas desde el instante que entran a formar parte de sus vidas. Nuestro grupo de trabajo comparte valores y principios \u00e9ticos de respeto, responsabilidad y compromiso, super\u00e1ndolas expectativas de nuestros clientes y entregando calidad y satisfacci\u00f3n en nuestros servicios.",
    "mission": "Ofrecer bienestar a cada una de nuestras mascotas, que sus familias entiendan los deberes y los derechos que tienen las mascotas desde el instante que entran a formar parte de sus vidas. Nuestro grupo de trabajo comparte valores y principios \u00e9ticos de respeto, responsabilidad y compromiso, super\u00e1ndolas expectativas de nuestros clientes y entregando calidad y satisfacci\u00f3n en nuestros servicios.",
    "vision": "Ser una empresa s\u00f3lida, l\u00edder en prestaci\u00f3n de servicios m\u00e9dicos veterinarios de la mejor calidad y profesionalismo, con \u00e9nfasis en animales de compa\u00f1\u00eda. Nuestro compromiso social es mejorar la calidad de vida de las familias a trav\u00e9s del cuidado de la salud de nuestros pacientes contando con excelente tecnolog\u00eda, un equipo m\u00e9dico altamente calificado con educaci\u00f3n y capacidad continua.",
    "about_us": "Somos una empresa dedicada al cuidado de las mascotas, que lleva en el mercado desde el a\u00f1o 2006, trabajando en pro del bienestar de cada mascota.",
    "icon_image": "mainpage/2020/09/09/Recurso-2.png",
    "phone": "2977557",
    "mobile": "0979014551",
    "email": "williamjair94@hotmail.com",
    "address": "Av. De la Prensa N70-174 y Gustavo Lemos",
    "horary": "Lunes a Viernes de 10:30 AM - 17:00 PM",
    "coordinates": "-2.1327665,-79.5912141",
    "about_youtube": "https://www.youtube.com/watch?v=jDDaplaOz7Q",
    "iva": "12.00"
  }
},
{
  "model": "homepage.services",
  "pk": 1,
  "fields": {
    "name": "Medicina preventiva",
    "desc": "Contamos con excelentes programas de medicina preventiva como es la aplicaci\u00f3n de vacunas para perros y gatos.",
    "image": "services/2020/09/09/iconfinder_medical-healthcare-hospital-48_4082065.png",
    "state": true
  }
},
{
  "model": "homepage.services",
  "pk": 2,
  "fields": {
    "name": "Guarder\u00eda Canina y Felina",
    "desc": "Ofrecemos una asistencia completa y de calidad a tu mascota. Nuestro principal objetivo es mantener la salud y el bienestar de nuestros animales y ayudarlos a restablecerse cuando est\u00e1n enfermos.",
    "image": "services/2020/09/09/iconfinder_medical-healthcare-hospital-32_4082081.png",
    "state": true
  }
},
{
  "model": "homepage.services",
  "pk": 3,
  "fields": {
    "name": "Peluquer\u00eda",
    "desc": "Nuestro servicio de peluquer\u00eda canina y felina ofrece una amplia variedad de cortes de pelo y ba\u00f1os, tanto est\u00e9ticos como terap\u00e9uticos.",
    "image": "services/2020/09/09/iconfinder_medical-healthcare-hospital-21_4082092.png",
    "state": true
  }
},
{
  "model": "homepage.services",
  "pk": 4,
  "fields": {
    "name": "Medicina Interna",
    "desc": "Un buen diagn\u00f3stico diferencial y la elecci\u00f3n de las pruebas necesarias, simplifica el proceso y limita el gasto, permitiendo la pronta recuperaci\u00f3n de nuestros animales.",
    "image": "services/2020/09/09/iconfinder_medical-healthcare-hospital-02_4082097.png",
    "state": true
  }
},
{
  "model": "homepage.services",
  "pk": 5,
  "fields": {
    "name": "Obstetricia y Reproducci\u00f3n",
    "desc": "El servicio de obstetricia y reproducci\u00f3n pone a disposici\u00f3n del cliente medidas de prevenci\u00f3n y tratamiento, tanto m\u00e9dico como quir\u00fargico, de estas enfermedades.",
    "image": "services/2020/09/09/iconfinder_medical-healthcare-hospital-01_4082096.png",
    "state": true
  }
},
{
  "model": "homepage.services",
  "pk": 6,
  "fields": {
    "name": "Dermatolog\u00eda",
    "desc": "Entendemos que un buen diagn\u00f3stico es primordial y para ello realizamos citolog\u00edas, tricogramas, pruebas de alergia y cualquier otro tipo de pruebas para detectar el problema.",
    "image": "services/2020/09/09/iconfinder_medical-healthcare-hospital-18_4082095_1.png",
    "state": true
  }
},
{
  "model": "homepage.departments",
  "pk": 1,
  "fields": {
    "name": "Quir\u00f3fano",
    "title": "Quir\u00f3fano",
    "desc": "Realizamos la cirug\u00eda necesaria con la finalidad de asegurarle salud y bienestar a su mascosta.",
    "image": "departments/2020/09/09/iconfinder_medical-healthcare-hospital-23_4082090.png",
    "state": true
  }
},
{
  "model": "homepage.departments",
  "pk": 2,
  "fields": {
    "name": "Hospital",
    "title": "Hospital",
    "desc": "Garantizamos cuidados especiales y personalizados para una atenci\u00f3n permanente y tranquila.",
    "image": "departments/2020/09/09/iconfinder_medical-healthcare-hospital-48_4082065.png",
    "state": true
  }
},
{
  "model": "homepage.departments",
  "pk": 3,
  "fields": {
    "name": "Laboratorio",
    "title": "Laboratorio",
    "desc": "Contamos con los equipos tecnol\u00f3gicos necesarios para tomarle muestras que permitan su respectivo an\u00e1lisis.",
    "image": "departments/2020/09/09/iconfinder_medical-healthcare-hospital-49_4082064.png",
    "state": true
  }
},
{
  "model": "homepage.departments",
  "pk": 4,
  "fields": {
    "name": "Peluquer\u00eda",
    "title": "Peluquer\u00eda",
    "desc": "Tenemos el mejor servicio de peluquer\u00eda destinada a para procurarle cuidados y est\u00e9tica a su mascosta.",
    "image": "departments/2020/09/09/iconfinder_medical-healthcare-hospital-07_4082102.png",
    "state": true
  }
},
{
  "model": "homepage.freqquestions",
  "pk": 1,
  "fields": {
    "question": "\u00bfCuando es recomendable la visita al veterinario?",
    "answer": "Est\u00e1 muy claro que cuando observamos que nuestra mascota esta enferma o le ocurre algo nos planteamos la visita al veterinario, pero a veces consideramos que lo que le ocurre se le pasar\u00e1 y pueden pasar varios d\u00edas y el problema se puede complicar,  por tanto es importante considerar que la informaci\u00f3n que los profesionales nos brindan en las situaciones de salud a veces no se deben hacer esperar.",
    "state": true
  }
},
{
  "model": "homepage.freqquestions",
  "pk": 2,
  "fields": {
    "question": "\u00bfQu\u00e9 producto antiparasitario externo es el mejor?",
    "answer": "No existe un m\u00e9todo \u00fanico para evitar pulgas, garrapatas, mosquitos y otro par\u00e1sitos. Nuestra recomendaci\u00f3n es utilizar el producto que mejor se adapte a la situaci\u00f3n o necesidad particular de su mascota. Dependiendo del lugar donde viva (en el exterior o el interior), si convive con otros animales y los h\u00e1bitos del animal influyen considerablemente en la elecci\u00f3n.\n\nEn el mercado hay una extensa gama de estos productos, muy eficaces y seguros. Siempre se recomienda el uso de uno o la combinaci\u00f3n de varios para que la protecci\u00f3n sea m\u00e1s efectiva.",
    "state": true
  }
},
{
  "model": "homepage.freqquestions",
  "pk": 3,
  "fields": {
    "question": "\u00bfC\u00f3mo debo alimentar a mi perro o gato?",
    "answer": "Podemos encontrar multitud de alimentos de diferentes calidades y precios en formatos muy variados y con f\u00f3rmulas tanto en pienso como en h\u00famedos, que se adaptan a las etapas de crecimiento, mantenimiento de adultos, animales senior y dietas especiales para distintas condiciones o enfermedades. Debemos asesorarnos con profesionales que recomienden e informen debidamente.\n\nLa alimentaci\u00f3n de tipo casero esta cada vez m\u00e1s en retroceso porque implica trabajo y esfuerzo y tiende a provocar d\u00e9ficits nutricionales. Adem\u00e1s, alimentar con restos y despojos esta totalmente desaconsejado por los riesgos que supone para salud digestiva y general de nuestra mascota.",
    "state": true
  }
},
{
  "model": "homepage.freqquestions",
  "pk": 4,
  "fields": {
    "question": "\u00bfPor qu\u00e9 es recomendable la esterilizaci\u00f3n?",
    "answer": "Much\u00edsimos propietarios que se acercan a la cl\u00ednica nos preguntan por la esterilizaci\u00f3n y su procedimiento muy frecuentemente. Son muchas las ventajas  y algunos los inconvenientes.",
    "state": true
  }
},
{
  "model": "homepage.freqquestions",
  "pk": 5,
  "fields": {
    "question": "\u00bfEs necesario vacunar a mi perro o gato?",
    "answer": "No solo es necesario y recomendable vacunar a nuestras mascotas, tambi\u00e9n es obligatorio por ley vacunar de la rabia. Pero sobre todo es fundamental con el objetivo de asegurar la prevenci\u00f3n de enfermedades graves y a veces mortales que puedan padecer a lo largo de sus vidas.\n\nLos programas de vacunaci\u00f3n son variados pero hay que instaurarlos de forma individualizada de acuerdo a la edad, estados sanitarios, situaciones ambientales, factores de riesgo, enfermedades end\u00e9micas etc\u2026 De esta manera conseguiremos una inmunidad adecuada en cada etapa de vida del animal. El comienzo de la vacunaci\u00f3n est\u00e1 entre las seis semanas y los seis meses. Posteriormente es recomendable revacunar peri\u00f3dicamente de forma annual, bianual etc.",
    "state": true
  }
},
{
  "model": "homepage.freqquestions",
  "pk": 6,
  "fields": {
    "question": "\u00bfEs normal que mi mascota se rasque tanto?",
    "answer": "Nuestra mascotas mudan su pelo dos veces al a\u00f1o, en primavera y oto\u00f1o normalmente. Es recomendable el cepillado con la mayor frecuencia posible en la \u00e9poca de cambio, con los utensilios adecuados dependiendo de si tiene capas largas o cortas. La salud y el aspecto del pelo esta \u00edntimamente relacionado con la calidad de la alimentaci\u00f3n que le proporcionamos a nuestras mascota.",
    "state": true
  }
},
{
  "model": "homepage.freqquestions",
  "pk": 7,
  "fields": {
    "question": "\u00bfCada cu\u00e1nto tiempo es recomendable ba\u00f1ar a mi perro?",
    "answer": "Es importante no ba\u00f1ar a tu mascota m\u00e1s de una vez al mes en situaciones normales. Bien es verdad, que hay situaciones especiales en la que la frecuencia pueda o deba ser mayor. Para ello, los productos de higiene deben ser adecuados puesto que hay algunos que producen determinadas alergias al animal, por lo que debemos vigilarlo si el ba\u00f1o se lo damos en casa.",
    "state": true
  }
},
{
  "model": "homepage.testimonials",
  "pk": 1,
  "fields": {
    "names": "\u00c1lvaro Oscar Perez D\u00e1vila",
    "job": "Docente Universitario",
    "desc": "Son parte de mi familia que siempre han cuidado de mis seres m\u00e1s queridos con el mismo inter\u00e9s y cari\u00f1o que le pondr\u00edan a cualquiera de sus propios perros. Sin duda alguna profesionales en los que confiar con los ojos cerrados.",
    "image": "testimonials/2020/09/09/iconfinder_3_avatar_2754579.png",
    "state": true
  }
},
{
  "model": "homepage.testimonials",
  "pk": 2,
  "fields": {
    "names": "Kevin Paul Locke Araguillin",
    "job": "Bombero",
    "desc": "Quiz\u00e1 lo que m\u00e1s me gusta de ellos es la cercan\u00eda que tienen, el salir siempre con la sensaci\u00f3n de que mis perros est\u00e1n en buenas manos. Me gusta como trabajan en equipo y como se unen para diagnosticar y pautar el tratamiento. He tenido buen\u00edsima experiencia con ello en alguna intervenci\u00f3n y me ha gustado que son veterinarios muy relacionados con otros profesionales del gremio, lo cual hace que su servicio al cliente sea de una profesionalidad m\u00e1xima.",
    "image": "testimonials/2020/09/09/iconfinder_12_avatar_2754577.png",
    "state": true
  }
},
{
  "model": "homepage.testimonials",
  "pk": 3,
  "fields": {
    "names": "Alexis Rafael Perez Tomala",
    "job": "Contador",
    "desc": "Estamos muy agradecidos a los m\u00e9dicos y el personal de la veterinaria para el amor y cuidado a nuestro perro recientemente recibi\u00f3. Ellos siempre son profesionales y que sienten que van \"m\u00e1s all\u00e1\" de su cuidado, compasi\u00f3n, profesionalismo, y amistad. Nuestro perro recibe la mejor en cada visita. Gracias!\u201d",
    "image": "testimonials/2020/09/09/iconfinder_7_avatar_2754582.png",
    "state": true
  }
},
{
  "model": "homepage.gallery",
  "pk": 2,
  "fields": {
    "date_joined": "2020-09-09",
    "name": "Imagen 1",
    "desc": "Imagen 1",
    "image": "gallery/2020/09/09/gallery-1.jpg",
    "state": true
  }
},
{
  "model": "homepage.gallery",
  "pk": 3,
  "fields": {
    "date_joined": "2020-09-09",
    "name": "Imagen 2",
    "desc": "Imagen 2",
    "image": "gallery/2020/09/09/gallery-2.jpg",
    "state": true
  }
},
{
  "model": "homepage.gallery",
  "pk": 4,
  "fields": {
    "date_joined": "2020-09-09",
    "name": "Imagen 3",
    "desc": "Imagen 3",
    "image": "gallery/2020/09/09/gallery-3.jpg",
    "state": true
  }
},
{
  "model": "homepage.gallery",
  "pk": 5,
  "fields": {
    "date_joined": "2020-09-09",
    "name": "Imagen 4",
    "desc": "Imagen 4",
    "image": "gallery/2020/09/09/gallery-4.jpg",
    "state": true
  }
},
{
  "model": "homepage.gallery",
  "pk": 6,
  "fields": {
    "date_joined": "2020-09-09",
    "name": "Imagen 5",
    "desc": "Imagen 5",
    "image": "gallery/2020/09/09/gallery-5.jpg",
    "state": true
  }
},
{
  "model": "homepage.gallery",
  "pk": 7,
  "fields": {
    "date_joined": "2020-09-09",
    "name": "Imagen 6",
    "desc": "Imagen 6",
    "image": "gallery/2020/09/09/gallery-6.jpg",
    "state": true
  }
},
{
  "model": "homepage.gallery",
  "pk": 8,
  "fields": {
    "date_joined": "2020-09-09",
    "name": "Imagen 7",
    "desc": "Imagen 7",
    "image": "gallery/2020/09/09/gallery-7.jpg",
    "state": true
  }
},
{
  "model": "homepage.gallery",
  "pk": 9,
  "fields": {
    "date_joined": "2020-09-09",
    "name": "Imagen 8",
    "desc": "Imagen 8",
    "image": "gallery/2020/09/09/gallery-8.jpg",
    "state": true
  }
},
{
  "model": "homepage.socialnetworks",
  "pk": 1,
  "fields": {
    "css": "twitter",
    "icon": "fab fa-twitter",
    "url": "https://twitter.com/",
    "state": true
  }
},
{
  "model": "homepage.socialnetworks",
  "pk": 2,
  "fields": {
    "css": "facebook",
    "icon": "fab fa-facebook-f",
    "url": "https://facebook.com/",
    "state": true
  }
},
{
  "model": "homepage.socialnetworks",
  "pk": 3,
  "fields": {
    "css": "instagram",
    "icon": "fab fa-instagram",
    "url": "https://instagram.com/",
    "state": true
  }
},
{
  "model": "homepage.socialnetworks",
  "pk": 4,
  "fields": {
    "css": "skype",
    "icon": "fab fa-skype",
    "url": "https://skype.com/",
    "state": true
  }
},
{
  "model": "homepage.socialnetworks",
  "pk": 5,
  "fields": {
    "css": "linkedin",
    "icon": "fab fa-linkedin-in",
    "url": "https://linkedin.com/",
    "state": true
  }
},
{
  "model": "homepage.statistics",
  "pk": 1,
  "fields": {
    "name": "Doctores",
    "image": "services/2020/09/09/iconfinder_30-Doctor_5929214.png",
    "cant": 5,
    "state": true
  }
},
{
  "model": "homepage.statistics",
  "pk": 2,
  "fields": {
    "name": "Departamentos",
    "image": "services/2020/09/09/iconfinder_hospital-building-nursing-healthcare-medical_5728195.png",
    "cant": 4,
    "state": true
  }
},
{
  "model": "homepage.statistics",
  "pk": 3,
  "fields": {
    "name": "Hora de trabajo",
    "image": "services/2020/09/09/iconfinder_Finance_financial_planning_1889194.png",
    "cant": 4000,
    "state": true
  }
},
{
  "model": "homepage.statistics",
  "pk": 4,
  "fields": {
    "name": "Reconocimientos",
    "image": "services/2020/09/09/iconfinder_488_certificate_achievement_degrees_award_4212933.png",
    "cant": 2,
    "state": true
  }
},
{
  "model": "homepage.team",
  "pk": 1,
  "fields": {
    "names": "Ignacio Luis Chavez Lazo",
    "phrase": "El mejor medico del mundo es el veterinario . El no puede preguntarles a sus pacientes que les pasa, simplemente lo tiene que saber.",
    "job": "Medico Veterinario y Zootecnia",
    "image": "team/2020/09/09/doctors-3.jpg",
    "desc": "El m\u00e9dico veterinario, como profesional de la salud, adquiere cada vez m\u00e1s importancia a nivel mundial como un protector de la salud humana ante la avalancha de las m\u00e1s de 20 enfermedades trasmitidas de los animales al hombre.",
    "state": true
  }
},
{
  "model": "homepage.teamsocialnet",
  "pk": 1,
  "fields": {
    "team": 1,
    "name": "twitter",
    "icon": "fab fa-twitter",
    "url": "https://twitter.com/"
  }
},
{
  "model": "homepage.teamsocialnet",
  "pk": 2,
  "fields": {
    "team": 1,
    "name": "facebook",
    "icon": "fab fa-facebook-f",
    "url": "https://facebook.com/"
  }
},
{
  "model": "homepage.teamsocialnet",
  "pk": 3,
  "fields": {
    "team": 1,
    "name": "instagram",
    "icon": "fab fa-instagram",
    "url": "https://instagram.com/"
  }
},
{
  "model": "homepage.teamsocialnet",
  "pk": 4,
  "fields": {
    "team": 1,
    "name": "skype",
    "icon": "fab fa-skype",
    "url": "https://skype.com/"
  }
},
{
  "model": "homepage.teamsocialnet",
  "pk": 5,
  "fields": {
    "team": 1,
    "name": "linkedin",
    "icon": "fab fa-linkedin-in",
    "url": "https://linkedin.com/"
  }
},
{
  "model": "homepage.qualities",
  "pk": 1,
  "fields": {
    "name": "Cuidado integral de la mascota",
    "desc": "La atenci\u00f3n de confianza que tus animales merecen.",
    "image": "qualities/2020/09/09/iconfinder__document_paper_checklist_list_virus_disease_5928523.png",
    "state": true
  }
},
{
  "model": "homepage.qualities",
  "pk": 2,
  "fields": {
    "name": "Equipo especializado y multidisciplinar",
    "desc": "La profesionalidad, formaci\u00f3n actualizada y mejor infraestructura a tu servicio.",
    "image": "qualities/2020/09/09/_check_scan_mna_virus_disease_safety-512.png",
    "state": true
  }
},
{
  "model": "homepage.qualities",
  "pk": 3,
  "fields": {
    "name": "La mejor atenci\u00f3n al alcance de tu mano",
    "desc": "Asistencia de calidad, sin renunciar al cari\u00f1o y la cercan\u00eda.",
    "image": "qualities/2020/09/09/_protection_safety_hand_clean_hygiene-512.png",
    "state": true
  }
},
{
  "model": "homepage.news",
  "pk": 1,
  "fields": {
    "date_joined": "2020-10-04",
    "title": "CONOZCA QU\u00c9 HAY DETR\u00c1S DE LAS BOLAS DE PELO QUE SUELEN EXPULSAR EN OCASIONES LOS FELINOS",
    "desc": "Un sistema natural de limpieza en los gatos es que deben lamer su pelo por varios minutos. Sin embargo esto puede llegar a ocasionar problemas de salud, pues es dif\u00edcil controlar la ingesta espont\u00e1nea de pelo por parte de su mascota.",
    "image": "news/2020/10/04/gato.jpg",
    "url": "https://www.agronegocios.co/mascotas/conozca-que-hay-detras-de-las-bolas-de-pelo-que-suelen-expulsar-en-ocasiones-los-felinos-3043287",
    "state": true
  }
},
{
  "model": "homepage.news",
  "pk": 2,
  "fields": {
    "date_joined": "2020-10-04",
    "title": "ASESOR\u00cdA VETERINARIA POR VIDEOLLAMADA, UNA ALTERNATIVA PARA EVITAR SALIR DE LAS CASAS",
    "desc": "Las actividades relacionadas con servicios de emergencia, incluidas las emergencias veterinarias, est\u00e1n incluidas entre las excepciones al aislamiento preventivo decretado por el Gobierno Nacional debido al Covid-19. Sin embargo, para evitar salidas innecesarias, como la visita al veterinario, algunas cl\u00ednicas han habilitado consultas 24/7 a trav\u00e9s de videollamadas, para garantizar el bienestar de las mascotas protegiendo la salud de todos.",
    "image": "news/2020/10/04/102438524_xl1.jpg",
    "url": "https://www.agronegocios.co/mascotas/asesoria-veterinaria-por-videollamada-una-alternativa-para-evitar-salir-de-las-casas-2982408#",
    "state": true
  }
},
{
  "model": "homepage.news",
  "pk": 3,
  "fields": {
    "date_joined": "2020-10-04",
    "title": "LAS RECOMENDACIONES PARA CUIDAR LA SALUD DE LAS MASCOTAS EN ESTAS VACACIONES",
    "desc": "No es raro que en las jornadas de vacaciones los mascotas viajen con sus due\u00f1os, ahora bien, estos viajes y principalmente cuando hay cambios de clima, pueden afectar la salud de los animales por lo que es importante tener ciertas precauciones al salir de casa. En los climas fr\u00edos las mascotas no sufren tanto como en los c\u00e1lidos, es por eso se pueden presentar casos de quemaduras, deshidrataci\u00f3n e incluso descompensaci\u00f3n del animal.",
    "image": "news/2020/10/04/36405424_xl-2.jpg",
    "url": "https://www.agronegocios.co/mascotas/las-recomendaciones-para-cuidar-la-salud-de-las-mascotas-en-estas-vacaciones-2938549",
    "state": true
  }
},
{
  "model": "homepage.news",
  "pk": 4,
  "fields": {
    "date_joined": "2020-10-04",
    "title": "LAS VISITAS AL VETERINARIO QUE DEBE HACER UN PERRO O GATO AL A\u00d1O PARA CONTROLES VETERINARIOS",
    "desc": "Las mascotas deben ir al veterinario m\u00ednimo dos veces al a\u00f1o para tener controles peri\u00f3dicos y as\u00ed identificar enfermedades que puedan ser m\u00e1s graves y afectar la vida del animal, dado que es posible detectar patolog\u00edas en estados tempranos a las cuales se le podr\u00eda dar tratamientos de manea oportuna con buenas proyecciones de mejora para la mascota.",
    "image": "news/2020/10/04/233577418-1.jpg",
    "url": "https://www.agronegocios.co/mascotas/las-visitas-al-veterinario-que-debe-hacer-un-perro-o-gato-al-ano-para-controles-2923931",
    "state": true
  }
},
{
  "model": "homepage.videos",
  "pk": 1,
  "fields": {
    "date_joined": "2020-09-09",
    "title": "\u00bfC\u00f3mo CUIDAR CACHORROS? \ud83d\udc36 \u00a1Gu\u00eda Completa!",
    "url": "https://www.youtube.com/embed/9dDemBxxulo",
    "state": true
  }
},
{
  "model": "homepage.videos",
  "pk": 2,
  "fields": {
    "date_joined": "2020-09-09",
    "title": "Educando un CACHORRO DESDE CERO",
    "url": "https://www.youtube.com/embed/xluNhJ09YFA",
    "state": true
  }
},
{
  "model": "homepage.videos",
  "pk": 3,
  "fields": {
    "date_joined": "2020-09-09",
    "title": "PARVOVIRUS EN PERROS - S\u00edntomas y tratamiento",
    "url": "https://www.youtube.com/embed/F91jW_Pxg80",
    "state": true
  }
},
{
  "model": "homepage.videos",
  "pk": 4,
  "fields": {
    "date_joined": "2020-09-09",
    "title": "C\u00f3mo suministrar LAS VITAMINAS a mi perro . Familia Canina",
    "url": "https://www.youtube.com/embed/FPTzJ-ohxzc",
    "state": true
  }
},
{
  "model": "auth.permission",
  "pk": 1,
  "fields": {
    "name": "Can add log entry",
    "content_type": 1,
    "codename": "add_logentry"
  }
},
{
  "model": "auth.permission",
  "pk": 2,
  "fields": {
    "name": "Can change log entry",
    "content_type": 1,
    "codename": "change_logentry"
  }
},
{
  "model": "auth.permission",
  "pk": 3,
  "fields": {
    "name": "Can delete log entry",
    "content_type": 1,
    "codename": "delete_logentry"
  }
},
{
  "model": "auth.permission",
  "pk": 4,
  "fields": {
    "name": "Can view log entry",
    "content_type": 1,
    "codename": "view_logentry"
  }
},
{
  "model": "auth.permission",
  "pk": 5,
  "fields": {
    "name": "Can add permission",
    "content_type": 2,
    "codename": "add_permission"
  }
},
{
  "model": "auth.permission",
  "pk": 6,
  "fields": {
    "name": "Can change permission",
    "content_type": 2,
    "codename": "change_permission"
  }
},
{
  "model": "auth.permission",
  "pk": 7,
  "fields": {
    "name": "Can delete permission",
    "content_type": 2,
    "codename": "delete_permission"
  }
},
{
  "model": "auth.permission",
  "pk": 8,
  "fields": {
    "name": "Can view permission",
    "content_type": 2,
    "codename": "view_permission"
  }
},
{
  "model": "auth.permission",
  "pk": 9,
  "fields": {
    "name": "Can add group",
    "content_type": 3,
    "codename": "add_group"
  }
},
{
  "model": "auth.permission",
  "pk": 10,
  "fields": {
    "name": "Can change group",
    "content_type": 3,
    "codename": "change_group"
  }
},
{
  "model": "auth.permission",
  "pk": 11,
  "fields": {
    "name": "Can delete group",
    "content_type": 3,
    "codename": "delete_group"
  }
},
{
  "model": "auth.permission",
  "pk": 12,
  "fields": {
    "name": "Can view group",
    "content_type": 3,
    "codename": "view_group"
  }
},
{
  "model": "auth.permission",
  "pk": 13,
  "fields": {
    "name": "Can add content type",
    "content_type": 4,
    "codename": "add_contenttype"
  }
},
{
  "model": "auth.permission",
  "pk": 14,
  "fields": {
    "name": "Can change content type",
    "content_type": 4,
    "codename": "change_contenttype"
  }
},
{
  "model": "auth.permission",
  "pk": 15,
  "fields": {
    "name": "Can delete content type",
    "content_type": 4,
    "codename": "delete_contenttype"
  }
},
{
  "model": "auth.permission",
  "pk": 16,
  "fields": {
    "name": "Can view content type",
    "content_type": 4,
    "codename": "view_contenttype"
  }
},
{
  "model": "auth.permission",
  "pk": 17,
  "fields": {
    "name": "Can add session",
    "content_type": 5,
    "codename": "add_session"
  }
},
{
  "model": "auth.permission",
  "pk": 18,
  "fields": {
    "name": "Can change session",
    "content_type": 5,
    "codename": "change_session"
  }
},
{
  "model": "auth.permission",
  "pk": 19,
  "fields": {
    "name": "Can delete session",
    "content_type": 5,
    "codename": "delete_session"
  }
},
{
  "model": "auth.permission",
  "pk": 20,
  "fields": {
    "name": "Can view session",
    "content_type": 5,
    "codename": "view_session"
  }
},
{
  "model": "auth.permission",
  "pk": 21,
  "fields": {
    "name": "Can view Acceso del usuario",
    "content_type": 6,
    "codename": "view_accessusers"
  }
},
{
  "model": "auth.permission",
  "pk": 22,
  "fields": {
    "name": "Can delete Acceso del usuario",
    "content_type": 6,
    "codename": "delete_accessusers"
  }
},
{
  "model": "auth.permission",
  "pk": 23,
  "fields": {
    "name": "Can view Dashboard",
    "content_type": 7,
    "codename": "view_dashboard"
  }
},
{
  "model": "auth.permission",
  "pk": 24,
  "fields": {
    "name": "Can view Respaldos de BD",
    "content_type": 8,
    "codename": "view_databasebackups"
  }
},
{
  "model": "auth.permission",
  "pk": 25,
  "fields": {
    "name": "Can add Respaldos de BD",
    "content_type": 8,
    "codename": "add_databasebackups"
  }
},
{
  "model": "auth.permission",
  "pk": 26,
  "fields": {
    "name": "Can delete Respaldos de BD",
    "content_type": 8,
    "codename": "delete_databasebackups"
  }
},
{
  "model": "auth.permission",
  "pk": 27,
  "fields": {
    "name": "Can add Tipo de M\u00f3dulo",
    "content_type": 9,
    "codename": "add_moduletype"
  }
},
{
  "model": "auth.permission",
  "pk": 28,
  "fields": {
    "name": "Can change Tipo de M\u00f3dulo",
    "content_type": 9,
    "codename": "change_moduletype"
  }
},
{
  "model": "auth.permission",
  "pk": 29,
  "fields": {
    "name": "Can delete Tipo de M\u00f3dulo",
    "content_type": 9,
    "codename": "delete_moduletype"
  }
},
{
  "model": "auth.permission",
  "pk": 30,
  "fields": {
    "name": "Can view Tipo de M\u00f3dulo",
    "content_type": 9,
    "codename": "view_moduletype"
  }
},
{
  "model": "auth.permission",
  "pk": 31,
  "fields": {
    "name": "Can add M\u00f3dulo",
    "content_type": 10,
    "codename": "add_module"
  }
},
{
  "model": "auth.permission",
  "pk": 32,
  "fields": {
    "name": "Can change M\u00f3dulo",
    "content_type": 10,
    "codename": "change_module"
  }
},
{
  "model": "auth.permission",
  "pk": 33,
  "fields": {
    "name": "Can delete M\u00f3dulo",
    "content_type": 10,
    "codename": "delete_module"
  }
},
{
  "model": "auth.permission",
  "pk": 34,
  "fields": {
    "name": "Can view M\u00f3dulo",
    "content_type": 10,
    "codename": "view_module"
  }
},
{
  "model": "auth.permission",
  "pk": 35,
  "fields": {
    "name": "Can add user",
    "content_type": 13,
    "codename": "add_user"
  }
},
{
  "model": "auth.permission",
  "pk": 36,
  "fields": {
    "name": "Can change user",
    "content_type": 13,
    "codename": "change_user"
  }
},
{
  "model": "auth.permission",
  "pk": 37,
  "fields": {
    "name": "Can delete user",
    "content_type": 13,
    "codename": "delete_user"
  }
},
{
  "model": "auth.permission",
  "pk": 38,
  "fields": {
    "name": "Can view user",
    "content_type": 13,
    "codename": "view_user"
  }
},
{
  "model": "auth.permission",
  "pk": 39,
  "fields": {
    "name": "Can add Raza de Mascota",
    "content_type": 14,
    "codename": "add_breedpet"
  }
},
{
  "model": "auth.permission",
  "pk": 40,
  "fields": {
    "name": "Can change Raza de Mascota",
    "content_type": 14,
    "codename": "change_breedpet"
  }
},
{
  "model": "auth.permission",
  "pk": 41,
  "fields": {
    "name": "Can delete Raza de Mascota",
    "content_type": 14,
    "codename": "delete_breedpet"
  }
},
{
  "model": "auth.permission",
  "pk": 42,
  "fields": {
    "name": "Can view Raza de Mascota",
    "content_type": 14,
    "codename": "view_breedpet"
  }
},
{
  "model": "auth.permission",
  "pk": 43,
  "fields": {
    "name": "Can add Cant\u00f3n",
    "content_type": 15,
    "codename": "add_canton"
  }
},
{
  "model": "auth.permission",
  "pk": 44,
  "fields": {
    "name": "Can change Cant\u00f3n",
    "content_type": 15,
    "codename": "change_canton"
  }
},
{
  "model": "auth.permission",
  "pk": 45,
  "fields": {
    "name": "Can delete Cant\u00f3n",
    "content_type": 15,
    "codename": "delete_canton"
  }
},
{
  "model": "auth.permission",
  "pk": 46,
  "fields": {
    "name": "Can view Cant\u00f3n",
    "content_type": 15,
    "codename": "view_canton"
  }
},
{
  "model": "auth.permission",
  "pk": 47,
  "fields": {
    "name": "Can add Cliente",
    "content_type": 16,
    "codename": "add_client"
  }
},
{
  "model": "auth.permission",
  "pk": 48,
  "fields": {
    "name": "Can change Cliente",
    "content_type": 16,
    "codename": "change_client"
  }
},
{
  "model": "auth.permission",
  "pk": 49,
  "fields": {
    "name": "Can delete Cliente",
    "content_type": 16,
    "codename": "delete_client"
  }
},
{
  "model": "auth.permission",
  "pk": 50,
  "fields": {
    "name": "Can view Cliente",
    "content_type": 16,
    "codename": "view_client"
  }
},
{
  "model": "auth.permission",
  "pk": 51,
  "fields": {
    "name": "Can add Color",
    "content_type": 17,
    "codename": "add_color"
  }
},
{
  "model": "auth.permission",
  "pk": 52,
  "fields": {
    "name": "Can change Color",
    "content_type": 17,
    "codename": "change_color"
  }
},
{
  "model": "auth.permission",
  "pk": 53,
  "fields": {
    "name": "Can delete Color",
    "content_type": 17,
    "codename": "delete_color"
  }
},
{
  "model": "auth.permission",
  "pk": 54,
  "fields": {
    "name": "Can view Color",
    "content_type": 17,
    "codename": "view_color"
  }
},
{
  "model": "auth.permission",
  "pk": 55,
  "fields": {
    "name": "Can add Pa\u00eds",
    "content_type": 18,
    "codename": "add_country"
  }
},
{
  "model": "auth.permission",
  "pk": 56,
  "fields": {
    "name": "Can change Pa\u00eds",
    "content_type": 18,
    "codename": "change_country"
  }
},
{
  "model": "auth.permission",
  "pk": 57,
  "fields": {
    "name": "Can delete Pa\u00eds",
    "content_type": 18,
    "codename": "delete_country"
  }
},
{
  "model": "auth.permission",
  "pk": 58,
  "fields": {
    "name": "Can view Pa\u00eds",
    "content_type": 18,
    "codename": "view_country"
  }
},
{
  "model": "auth.permission",
  "pk": 59,
  "fields": {
    "name": "Can add Empleado",
    "content_type": 19,
    "codename": "add_employee"
  }
},
{
  "model": "auth.permission",
  "pk": 60,
  "fields": {
    "name": "Can change Empleado",
    "content_type": 19,
    "codename": "change_employee"
  }
},
{
  "model": "auth.permission",
  "pk": 61,
  "fields": {
    "name": "Can delete Empleado",
    "content_type": 19,
    "codename": "delete_employee"
  }
},
{
  "model": "auth.permission",
  "pk": 62,
  "fields": {
    "name": "Can view Empleado",
    "content_type": 19,
    "codename": "view_employee"
  }
},
{
  "model": "auth.permission",
  "pk": 63,
  "fields": {
    "name": "Can view Mascotas | Admin",
    "content_type": 20,
    "codename": "view_mascots_admin"
  }
},
{
  "model": "auth.permission",
  "pk": 64,
  "fields": {
    "name": "Can add Mascotas | Admin",
    "content_type": 20,
    "codename": "add_mascots_admin"
  }
},
{
  "model": "auth.permission",
  "pk": 65,
  "fields": {
    "name": "Can change Mascotas | Admin",
    "content_type": 20,
    "codename": "change_mascots_admin"
  }
},
{
  "model": "auth.permission",
  "pk": 66,
  "fields": {
    "name": "Can delete Mascotas | Admin",
    "content_type": 20,
    "codename": "delete_mascots_admin"
  }
},
{
  "model": "auth.permission",
  "pk": 67,
  "fields": {
    "name": "Can view Mascotas | Client",
    "content_type": 20,
    "codename": "view_mascots_client"
  }
},
{
  "model": "auth.permission",
  "pk": 68,
  "fields": {
    "name": "Can add Mascotas | Client",
    "content_type": 20,
    "codename": "add_mascots_client"
  }
},
{
  "model": "auth.permission",
  "pk": 69,
  "fields": {
    "name": "Can change Mascotas | Client",
    "content_type": 20,
    "codename": "change_mascots_client"
  }
},
{
  "model": "auth.permission",
  "pk": 70,
  "fields": {
    "name": "Can delete Mascotas | Client",
    "content_type": 20,
    "codename": "delete_mascots_client"
  }
},
{
  "model": "auth.permission",
  "pk": 71,
  "fields": {
    "name": "Can add Par\u00e1metro M\u00e9dico",
    "content_type": 21,
    "codename": "add_medicalparameters"
  }
},
{
  "model": "auth.permission",
  "pk": 72,
  "fields": {
    "name": "Can change Par\u00e1metro M\u00e9dico",
    "content_type": 21,
    "codename": "change_medicalparameters"
  }
},
{
  "model": "auth.permission",
  "pk": 73,
  "fields": {
    "name": "Can delete Par\u00e1metro M\u00e9dico",
    "content_type": 21,
    "codename": "delete_medicalparameters"
  }
},
{
  "model": "auth.permission",
  "pk": 74,
  "fields": {
    "name": "Can view Par\u00e1metro M\u00e9dico",
    "content_type": 21,
    "codename": "view_medicalparameters"
  }
},
{
  "model": "auth.permission",
  "pk": 75,
  "fields": {
    "name": "Can add Producto",
    "content_type": 22,
    "codename": "add_product"
  }
},
{
  "model": "auth.permission",
  "pk": 76,
  "fields": {
    "name": "Can change Producto",
    "content_type": 22,
    "codename": "change_product"
  }
},
{
  "model": "auth.permission",
  "pk": 77,
  "fields": {
    "name": "Can delete Producto",
    "content_type": 22,
    "codename": "delete_product"
  }
},
{
  "model": "auth.permission",
  "pk": 78,
  "fields": {
    "name": "Can view Producto",
    "content_type": 22,
    "codename": "view_product"
  }
},
{
  "model": "auth.permission",
  "pk": 79,
  "fields": {
    "name": "Can add Tipo de Producto",
    "content_type": 23,
    "codename": "add_producttype"
  }
},
{
  "model": "auth.permission",
  "pk": 80,
  "fields": {
    "name": "Can change Tipo de Producto",
    "content_type": 23,
    "codename": "change_producttype"
  }
},
{
  "model": "auth.permission",
  "pk": 81,
  "fields": {
    "name": "Can delete Tipo de Producto",
    "content_type": 23,
    "codename": "delete_producttype"
  }
},
{
  "model": "auth.permission",
  "pk": 82,
  "fields": {
    "name": "Can view Tipo de Producto",
    "content_type": 23,
    "codename": "view_producttype"
  }
},
{
  "model": "auth.permission",
  "pk": 83,
  "fields": {
    "name": "Can add Profesi\u00f3n",
    "content_type": 24,
    "codename": "add_profession"
  }
},
{
  "model": "auth.permission",
  "pk": 84,
  "fields": {
    "name": "Can change Profesi\u00f3n",
    "content_type": 24,
    "codename": "change_profession"
  }
},
{
  "model": "auth.permission",
  "pk": 85,
  "fields": {
    "name": "Can delete Profesi\u00f3n",
    "content_type": 24,
    "codename": "delete_profession"
  }
},
{
  "model": "auth.permission",
  "pk": 86,
  "fields": {
    "name": "Can view Profesi\u00f3n",
    "content_type": 24,
    "codename": "view_profession"
  }
},
{
  "model": "auth.permission",
  "pk": 87,
  "fields": {
    "name": "Can add Proveedor",
    "content_type": 25,
    "codename": "add_provider"
  }
},
{
  "model": "auth.permission",
  "pk": 88,
  "fields": {
    "name": "Can change Proveedor",
    "content_type": 25,
    "codename": "change_provider"
  }
},
{
  "model": "auth.permission",
  "pk": 89,
  "fields": {
    "name": "Can delete Proveedor",
    "content_type": 25,
    "codename": "delete_provider"
  }
},
{
  "model": "auth.permission",
  "pk": 90,
  "fields": {
    "name": "Can view Proveedor",
    "content_type": 25,
    "codename": "view_provider"
  }
},
{
  "model": "auth.permission",
  "pk": 91,
  "fields": {
    "name": "Can view Compras",
    "content_type": 26,
    "codename": "view_purchase"
  }
},
{
  "model": "auth.permission",
  "pk": 92,
  "fields": {
    "name": "Can add Compras",
    "content_type": 26,
    "codename": "add_purchase"
  }
},
{
  "model": "auth.permission",
  "pk": 93,
  "fields": {
    "name": "Can delete Compras",
    "content_type": 26,
    "codename": "delete_purchase"
  }
},
{
  "model": "auth.permission",
  "pk": 94,
  "fields": {
    "name": "Can view Ventas | Admin",
    "content_type": 27,
    "codename": "view_sale_admin"
  }
},
{
  "model": "auth.permission",
  "pk": 95,
  "fields": {
    "name": "Can delete Ventas | Admin",
    "content_type": 27,
    "codename": "delete_sale_admin"
  }
},
{
  "model": "auth.permission",
  "pk": 96,
  "fields": {
    "name": "Can view Ventas | Client",
    "content_type": 27,
    "codename": "view_sale_client"
  }
},
{
  "model": "auth.permission",
  "pk": 97,
  "fields": {
    "name": "Can add Ventas | Client",
    "content_type": 27,
    "codename": "add_sale_client"
  }
},
{
  "model": "auth.permission",
  "pk": 98,
  "fields": {
    "name": "Can view Ventas | Employee",
    "content_type": 27,
    "codename": "view_sale_employee"
  }
},
{
  "model": "auth.permission",
  "pk": 99,
  "fields": {
    "name": "Can add Ventas | Employee",
    "content_type": 27,
    "codename": "add_sale_employee"
  }
},
{
  "model": "auth.permission",
  "pk": 100,
  "fields": {
    "name": "Can delete Ventas | Employee",
    "content_type": 27,
    "codename": "delete_sale_employee"
  }
},
{
  "model": "auth.permission",
  "pk": 101,
  "fields": {
    "name": "Can attend Ventas | Employee",
    "content_type": 27,
    "codename": "attend_mascots_employee"
  }
},
{
  "model": "auth.permission",
  "pk": 102,
  "fields": {
    "name": "Can add Tipo de Mascota",
    "content_type": 28,
    "codename": "add_typepet"
  }
},
{
  "model": "auth.permission",
  "pk": 103,
  "fields": {
    "name": "Can change Tipo de Mascota",
    "content_type": 28,
    "codename": "change_typepet"
  }
},
{
  "model": "auth.permission",
  "pk": 104,
  "fields": {
    "name": "Can delete Tipo de Mascota",
    "content_type": 28,
    "codename": "delete_typepet"
  }
},
{
  "model": "auth.permission",
  "pk": 105,
  "fields": {
    "name": "Can view Tipo de Mascota",
    "content_type": 28,
    "codename": "view_typepet"
  }
},
{
  "model": "auth.permission",
  "pk": 106,
  "fields": {
    "name": "Can add Provincia",
    "content_type": 31,
    "codename": "add_province"
  }
},
{
  "model": "auth.permission",
  "pk": 107,
  "fields": {
    "name": "Can change Provincia",
    "content_type": 31,
    "codename": "change_province"
  }
},
{
  "model": "auth.permission",
  "pk": 108,
  "fields": {
    "name": "Can delete Provincia",
    "content_type": 31,
    "codename": "delete_province"
  }
},
{
  "model": "auth.permission",
  "pk": 109,
  "fields": {
    "name": "Can view Provincia",
    "content_type": 31,
    "codename": "view_province"
  }
},
{
  "model": "auth.permission",
  "pk": 110,
  "fields": {
    "name": "Can add Parroquia",
    "content_type": 32,
    "codename": "add_parish"
  }
},
{
  "model": "auth.permission",
  "pk": 111,
  "fields": {
    "name": "Can change Parroquia",
    "content_type": 32,
    "codename": "change_parish"
  }
},
{
  "model": "auth.permission",
  "pk": 112,
  "fields": {
    "name": "Can delete Parroquia",
    "content_type": 32,
    "codename": "delete_parish"
  }
},
{
  "model": "auth.permission",
  "pk": 113,
  "fields": {
    "name": "Can view Parroquia",
    "content_type": 32,
    "codename": "view_parish"
  }
},
{
  "model": "auth.permission",
  "pk": 114,
  "fields": {
    "name": "Can view Comentarios",
    "content_type": 34,
    "codename": "view_comments"
  }
},
{
  "model": "auth.permission",
  "pk": 115,
  "fields": {
    "name": "Can delete Comentarios",
    "content_type": 34,
    "codename": "delete_comments"
  }
},
{
  "model": "auth.permission",
  "pk": 116,
  "fields": {
    "name": "Can add Departmento",
    "content_type": 35,
    "codename": "add_departments"
  }
},
{
  "model": "auth.permission",
  "pk": 117,
  "fields": {
    "name": "Can change Departmento",
    "content_type": 35,
    "codename": "change_departments"
  }
},
{
  "model": "auth.permission",
  "pk": 118,
  "fields": {
    "name": "Can delete Departmento",
    "content_type": 35,
    "codename": "delete_departments"
  }
},
{
  "model": "auth.permission",
  "pk": 119,
  "fields": {
    "name": "Can view Departmento",
    "content_type": 35,
    "codename": "view_departments"
  }
},
{
  "model": "auth.permission",
  "pk": 120,
  "fields": {
    "name": "Can add Preguntas Frecuente",
    "content_type": 36,
    "codename": "add_freqquestions"
  }
},
{
  "model": "auth.permission",
  "pk": 121,
  "fields": {
    "name": "Can change Preguntas Frecuente",
    "content_type": 36,
    "codename": "change_freqquestions"
  }
},
{
  "model": "auth.permission",
  "pk": 122,
  "fields": {
    "name": "Can delete Preguntas Frecuente",
    "content_type": 36,
    "codename": "delete_freqquestions"
  }
},
{
  "model": "auth.permission",
  "pk": 123,
  "fields": {
    "name": "Can view Preguntas Frecuente",
    "content_type": 36,
    "codename": "view_freqquestions"
  }
},
{
  "model": "auth.permission",
  "pk": 124,
  "fields": {
    "name": "Can add Galer\u00eda",
    "content_type": 37,
    "codename": "add_gallery"
  }
},
{
  "model": "auth.permission",
  "pk": 125,
  "fields": {
    "name": "Can change Galer\u00eda",
    "content_type": 37,
    "codename": "change_gallery"
  }
},
{
  "model": "auth.permission",
  "pk": 126,
  "fields": {
    "name": "Can delete Galer\u00eda",
    "content_type": 37,
    "codename": "delete_gallery"
  }
},
{
  "model": "auth.permission",
  "pk": 127,
  "fields": {
    "name": "Can view Galer\u00eda",
    "content_type": 37,
    "codename": "view_gallery"
  }
},
{
  "model": "auth.permission",
  "pk": 128,
  "fields": {
    "name": "Can view P\u00e1gina Principal",
    "content_type": 38,
    "codename": "view_mainpage"
  }
},
{
  "model": "auth.permission",
  "pk": 129,
  "fields": {
    "name": "Can add Noticia",
    "content_type": 39,
    "codename": "add_news"
  }
},
{
  "model": "auth.permission",
  "pk": 130,
  "fields": {
    "name": "Can change Noticia",
    "content_type": 39,
    "codename": "change_news"
  }
},
{
  "model": "auth.permission",
  "pk": 131,
  "fields": {
    "name": "Can delete Noticia",
    "content_type": 39,
    "codename": "delete_news"
  }
},
{
  "model": "auth.permission",
  "pk": 132,
  "fields": {
    "name": "Can view Noticia",
    "content_type": 39,
    "codename": "view_news"
  }
},
{
  "model": "auth.permission",
  "pk": 133,
  "fields": {
    "name": "Can add Cualidad",
    "content_type": 40,
    "codename": "add_qualities"
  }
},
{
  "model": "auth.permission",
  "pk": 134,
  "fields": {
    "name": "Can change Cualidad",
    "content_type": 40,
    "codename": "change_qualities"
  }
},
{
  "model": "auth.permission",
  "pk": 135,
  "fields": {
    "name": "Can delete Cualidad",
    "content_type": 40,
    "codename": "delete_qualities"
  }
},
{
  "model": "auth.permission",
  "pk": 136,
  "fields": {
    "name": "Can view Cualidad",
    "content_type": 40,
    "codename": "view_qualities"
  }
},
{
  "model": "auth.permission",
  "pk": 137,
  "fields": {
    "name": "Can add Servicio",
    "content_type": 41,
    "codename": "add_services"
  }
},
{
  "model": "auth.permission",
  "pk": 138,
  "fields": {
    "name": "Can change Servicio",
    "content_type": 41,
    "codename": "change_services"
  }
},
{
  "model": "auth.permission",
  "pk": 139,
  "fields": {
    "name": "Can delete Servicio",
    "content_type": 41,
    "codename": "delete_services"
  }
},
{
  "model": "auth.permission",
  "pk": 140,
  "fields": {
    "name": "Can view Servicio",
    "content_type": 41,
    "codename": "view_services"
  }
},
{
  "model": "auth.permission",
  "pk": 141,
  "fields": {
    "name": "Can add Red Social",
    "content_type": 42,
    "codename": "add_socialnetworks"
  }
},
{
  "model": "auth.permission",
  "pk": 142,
  "fields": {
    "name": "Can change Red Social",
    "content_type": 42,
    "codename": "change_socialnetworks"
  }
},
{
  "model": "auth.permission",
  "pk": 143,
  "fields": {
    "name": "Can delete Red Social",
    "content_type": 42,
    "codename": "delete_socialnetworks"
  }
},
{
  "model": "auth.permission",
  "pk": 144,
  "fields": {
    "name": "Can view Red Social",
    "content_type": 42,
    "codename": "view_socialnetworks"
  }
},
{
  "model": "auth.permission",
  "pk": 145,
  "fields": {
    "name": "Can add Estad\u00edstica",
    "content_type": 43,
    "codename": "add_statistics"
  }
},
{
  "model": "auth.permission",
  "pk": 146,
  "fields": {
    "name": "Can change Estad\u00edstica",
    "content_type": 43,
    "codename": "change_statistics"
  }
},
{
  "model": "auth.permission",
  "pk": 147,
  "fields": {
    "name": "Can delete Estad\u00edstica",
    "content_type": 43,
    "codename": "delete_statistics"
  }
},
{
  "model": "auth.permission",
  "pk": 148,
  "fields": {
    "name": "Can view Estad\u00edstica",
    "content_type": 43,
    "codename": "view_statistics"
  }
},
{
  "model": "auth.permission",
  "pk": 149,
  "fields": {
    "name": "Can add Equipo de Trabajo",
    "content_type": 44,
    "codename": "add_team"
  }
},
{
  "model": "auth.permission",
  "pk": 150,
  "fields": {
    "name": "Can change Equipo de Trabajo",
    "content_type": 44,
    "codename": "change_team"
  }
},
{
  "model": "auth.permission",
  "pk": 151,
  "fields": {
    "name": "Can delete Equipo de Trabajo",
    "content_type": 44,
    "codename": "delete_team"
  }
},
{
  "model": "auth.permission",
  "pk": 152,
  "fields": {
    "name": "Can view Equipo de Trabajo",
    "content_type": 44,
    "codename": "view_team"
  }
},
{
  "model": "auth.permission",
  "pk": 153,
  "fields": {
    "name": "Can add Testimonios",
    "content_type": 45,
    "codename": "add_testimonials"
  }
},
{
  "model": "auth.permission",
  "pk": 154,
  "fields": {
    "name": "Can change Testimonios",
    "content_type": 45,
    "codename": "change_testimonials"
  }
},
{
  "model": "auth.permission",
  "pk": 155,
  "fields": {
    "name": "Can delete Testimonios",
    "content_type": 45,
    "codename": "delete_testimonials"
  }
},
{
  "model": "auth.permission",
  "pk": 156,
  "fields": {
    "name": "Can view Testimonios",
    "content_type": 45,
    "codename": "view_testimonials"
  }
},
{
  "model": "auth.permission",
  "pk": 157,
  "fields": {
    "name": "Can add Video",
    "content_type": 46,
    "codename": "add_videos"
  }
},
{
  "model": "auth.permission",
  "pk": 158,
  "fields": {
    "name": "Can change Video",
    "content_type": 46,
    "codename": "change_videos"
  }
},
{
  "model": "auth.permission",
  "pk": 159,
  "fields": {
    "name": "Can delete Video",
    "content_type": 46,
    "codename": "delete_videos"
  }
},
{
  "model": "auth.permission",
  "pk": 160,
  "fields": {
    "name": "Can view Video",
    "content_type": 46,
    "codename": "view_videos"
  }
},
{
  "model": "auth.group",
  "pk": 1,
  "fields": {
    "name": "Administrador",
    "permissions": [
      9,
      10,
      11,
      12,
      39,
      40,
      41,
      42,
      43,
      44,
      45,
      46,
      47,
      48,
      49,
      50,
      51,
      52,
      53,
      54,
      55,
      56,
      57,
      58,
      59,
      60,
      61,
      62,
      64,
      65,
      66,
      63,
      71,
      72,
      73,
      74,
      110,
      111,
      112,
      113,
      75,
      76,
      77,
      78,
      79,
      80,
      81,
      82,
      83,
      84,
      85,
      86,
      87,
      88,
      89,
      90,
      106,
      107,
      108,
      109,
      92,
      93,
      91,
      95,
      94,
      102,
      103,
      104,
      105,
      115,
      114,
      116,
      117,
      118,
      119,
      120,
      121,
      122,
      123,
      124,
      125,
      126,
      127,
      128,
      129,
      130,
      131,
      132,
      133,
      134,
      135,
      136,
      137,
      138,
      139,
      140,
      141,
      142,
      143,
      144,
      145,
      146,
      147,
      148,
      149,
      150,
      151,
      152,
      153,
      154,
      155,
      156,
      157,
      158,
      159,
      160,
      22,
      21,
      25,
      26,
      24,
      31,
      32,
      33,
      34,
      27,
      28,
      29,
      30,
      35,
      36,
      37,
      38
    ]
  }
},
{
  "model": "auth.group",
  "pk": 2,
  "fields": {
    "name": "Cliente",
    "permissions": [
      68,
      69,
      70,
      67,
      97,
      96
    ]
  }
},
{
  "model": "auth.group",
  "pk": 3,
  "fields": {
    "name": "Empleado",
    "permissions": [
      99,
      101,
      100,
      98
    ]
  }
},
{
  "model": "security.module",
  "pk": 1,
  "fields": {
    "url": "/user/update/password/",
    "name": "Cambiar password",
    "moduletype": null,
    "description": "Permite cambiar tu password de tu cuenta",
    "icon": "fas fa-key",
    "image": "",
    "is_vertical": false,
    "is_active": true,
    "is_visible": true,
    "permits": []
  }
},
{
  "model": "security.module",
  "pk": 2,
  "fields": {
    "url": "/user/update/profile/",
    "name": "Editar perfil",
    "moduletype": null,
    "description": "Permite cambiar la informaci\u00f3n de tu cuenta",
    "icon": "fas fa-user",
    "image": "",
    "is_vertical": false,
    "is_active": true,
    "is_visible": true,
    "permits": []
  }
},
{
  "model": "security.module",
  "pk": 3,
  "fields": {
    "url": "/clinic/client/update/profile/",
    "name": "Editar perfil",
    "moduletype": null,
    "description": "Permite cambiar la informaci\u00f3n de tu cuenta",
    "icon": "fas fa-user",
    "image": "",
    "is_vertical": false,
    "is_active": true,
    "is_visible": true,
    "permits": []
  }
},
{
  "model": "security.module",
  "pk": 4,
  "fields": {
    "url": "/clinic/employee/update/profile/",
    "name": "Editar perfil",
    "moduletype": null,
    "description": "Permite cambiar la informaci\u00f3n de tu cuenta",
    "icon": "fas fa-user",
    "image": "",
    "is_vertical": false,
    "is_active": true,
    "is_visible": true,
    "permits": []
  }
},
{
  "model": "security.module",
  "pk": 5,
  "fields": {
    "url": "/clinic/mascots/client/",
    "name": "Mascotas",
    "moduletype": null,
    "description": "Permite administrar las mascotas del sistema",
    "icon": "fas fa-bone",
    "image": "",
    "is_vertical": false,
    "is_active": true,
    "is_visible": true,
    "permits": [
      68,
      69,
      70,
      67
    ]
  }
},
{
  "model": "security.module",
  "pk": 6,
  "fields": {
    "url": "/clinic/historial/medical/client/",
    "name": "Historial M\u00e9dico",
    "moduletype": null,
    "description": "Permite administrar los historiales medicos de las mascotas",
    "icon": "fas fa-first-aid",
    "image": "",
    "is_vertical": false,
    "is_active": true,
    "is_visible": true,
    "permits": []
  }
},
{
  "model": "security.module",
  "pk": 7,
  "fields": {
    "url": "/clinic/sale/client/",
    "name": "Ventas",
    "moduletype": null,
    "description": "Permite administrar las ventas de la veterinaria",
    "icon": "fas fa-shopping-cart",
    "image": "",
    "is_vertical": false,
    "is_active": true,
    "is_visible": true,
    "permits": [
      97,
      96
    ]
  }
},
{
  "model": "security.module",
  "pk": 8,
  "fields": {
    "url": "/security/module/type/",
    "name": "Tipos de M\u00f3dulos",
    "moduletype": 1,
    "description": "Permite administrar los tipos de m\u00f3dulos del sistema",
    "icon": "fas fa-door-open",
    "image": "",
    "is_vertical": true,
    "is_active": true,
    "is_visible": true,
    "permits": [
      27,
      28,
      29,
      30
    ]
  }
},
{
  "model": "security.module",
  "pk": 9,
  "fields": {
    "url": "/security/module/",
    "name": "M\u00f3dulos",
    "moduletype": 1,
    "description": "Permite administrar los m\u00f3dulos del sistema",
    "icon": "fas fa-th-large",
    "image": "",
    "is_vertical": true,
    "is_active": true,
    "is_visible": true,
    "permits": [
      31,
      32,
      33,
      34
    ]
  }
},
{
  "model": "security.module",
  "pk": 10,
  "fields": {
    "url": "/security/group/",
    "name": "Grupos",
    "moduletype": 1,
    "description": "Permite administrar los grupos de usuarios del sistema",
    "icon": "fas fa-users",
    "image": "",
    "is_vertical": true,
    "is_active": true,
    "is_visible": true,
    "permits": [
      9,
      10,
      11,
      12
    ]
  }
},
{
  "model": "security.module",
  "pk": 11,
  "fields": {
    "url": "/security/database/backups/",
    "name": "Respaldos",
    "moduletype": 1,
    "description": "Permite administrar los respaldos de base de datos",
    "icon": "fas fa-database",
    "image": "",
    "is_vertical": true,
    "is_active": true,
    "is_visible": true,
    "permits": [
      25,
      26,
      24
    ]
  }
},
{
  "model": "security.module",
  "pk": 12,
  "fields": {
    "url": "/security/dashboard/update/",
    "name": "Conf. Dashboard",
    "moduletype": 1,
    "description": "Permite configurar los datos de la plantilla",
    "icon": "fas fa-tools",
    "image": "",
    "is_vertical": true,
    "is_active": true,
    "is_visible": true,
    "permits": []
  }
},
{
  "model": "security.module",
  "pk": 13,
  "fields": {
    "url": "/security/access/users/",
    "name": "Accesos",
    "moduletype": 1,
    "description": "Permite administrar los accesos de los usuarios",
    "icon": "fas fa-user-secret",
    "image": "",
    "is_vertical": true,
    "is_active": true,
    "is_visible": true,
    "permits": [
      22,
      21
    ]
  }
},
{
  "model": "security.module",
  "pk": 14,
  "fields": {
    "url": "/user/",
    "name": "Administradores",
    "moduletype": 2,
    "description": "Permite administrar a los administradores del sistema",
    "icon": "fas fa-user",
    "image": "",
    "is_vertical": true,
    "is_active": true,
    "is_visible": true,
    "permits": [
      35,
      36,
      37,
      38
    ]
  }
},
{
  "model": "security.module",
  "pk": 15,
  "fields": {
    "url": "/clinic/profession/",
    "name": "Profesiones",
    "moduletype": 2,
    "description": "Permite administrar las profesiones de los empleados",
    "icon": "fas fa-user-md",
    "image": "",
    "is_vertical": true,
    "is_active": true,
    "is_visible": true,
    "permits": [
      83,
      84,
      85,
      86
    ]
  }
},
{
  "model": "security.module",
  "pk": 16,
  "fields": {
    "url": "/mainpage/update/",
    "name": "Informaci\u00f3n",
    "moduletype": 3,
    "description": "Permite administrar la informaci\u00f3n de la p\u00e1gina principal",
    "icon": "fas fa-home",
    "image": "",
    "is_vertical": true,
    "is_active": true,
    "is_visible": true,
    "permits": [
      128
    ]
  }
},
{
  "model": "security.module",
  "pk": 17,
  "fields": {
    "url": "/homepage/news/",
    "name": "Noticias",
    "moduletype": 3,
    "description": "Permite administrar las noticias del dashboard",
    "icon": "far fa-newspaper",
    "image": "",
    "is_vertical": true,
    "is_active": true,
    "is_visible": true,
    "permits": [
      129,
      130,
      131,
      132
    ]
  }
},
{
  "model": "security.module",
  "pk": 18,
  "fields": {
    "url": "/homepage/videos/",
    "name": "Videos",
    "moduletype": 3,
    "description": "Permite administrar las videos del dashboard",
    "icon": "fas fa-photo-video",
    "image": "",
    "is_vertical": true,
    "is_active": true,
    "is_visible": true,
    "permits": [
      157,
      158,
      159,
      160
    ]
  }
},
{
  "model": "security.module",
  "pk": 19,
  "fields": {
    "url": "/homepage/socialnetworks/",
    "name": "Redes Sociales",
    "moduletype": 3,
    "description": "Permite administrar las redes sociales de la p\u00e1gina",
    "icon": "far fa-thumbs-up",
    "image": "",
    "is_vertical": true,
    "is_active": true,
    "is_visible": true,
    "permits": [
      141,
      142,
      143,
      144
    ]
  }
},
{
  "model": "security.module",
  "pk": 20,
  "fields": {
    "url": "/homepage/departments/",
    "name": "Departamentos",
    "moduletype": 3,
    "description": "Permite administrar los departamentos de la p\u00e1gina",
    "icon": "fas fa-city",
    "image": "",
    "is_vertical": true,
    "is_active": true,
    "is_visible": true,
    "permits": [
      116,
      117,
      118,
      119
    ]
  }
},
{
  "model": "security.module",
  "pk": 21,
  "fields": {
    "url": "/homepage/services/",
    "name": "Servicios",
    "moduletype": 3,
    "description": "Permite administrar los servicios de la p\u00e1gina",
    "icon": "fas fa-atlas",
    "image": "",
    "is_vertical": true,
    "is_active": true,
    "is_visible": true,
    "permits": [
      137,
      138,
      139,
      140
    ]
  }
},
{
  "model": "security.module",
  "pk": 22,
  "fields": {
    "url": "/homepage/statistics/",
    "name": "Estad\u00edsticas",
    "moduletype": 3,
    "description": "Permite administrar las estad\u00edsticas de la p\u00e1gina",
    "icon": "fab fa-stack-overflow",
    "image": "",
    "is_vertical": true,
    "is_active": true,
    "is_visible": true,
    "permits": [
      145,
      146,
      147,
      148
    ]
  }
},
{
  "model": "security.module",
  "pk": 23,
  "fields": {
    "url": "/homepage/freqquestions/",
    "name": "Preguntas frecuentes",
    "moduletype": 3,
    "description": "Permite administrar las preguntas frecuentes de la p\u00e1gina",
    "icon": "fas fa-question-circle",
    "image": "",
    "is_vertical": true,
    "is_active": true,
    "is_visible": true,
    "permits": [
      120,
      121,
      122,
      123
    ]
  }
},
{
  "model": "security.module",
  "pk": 24,
  "fields": {
    "url": "/homepage/testimonials/",
    "name": "Testimonios",
    "moduletype": 3,
    "description": "Permite administrar los testimonios de la p\u00e1gina",
    "icon": "fas fa-comment-alt",
    "image": "",
    "is_vertical": true,
    "is_active": true,
    "is_visible": true,
    "permits": [
      153,
      154,
      155,
      156
    ]
  }
},
{
  "model": "security.module",
  "pk": 25,
  "fields": {
    "url": "/homepage/gallery/",
    "name": "Galer\u00eda",
    "moduletype": 3,
    "description": "Permite administrar las im\u00e1genes de la p\u00e1gina",
    "icon": "fas fa-file-image",
    "image": "",
    "is_vertical": true,
    "is_active": true,
    "is_visible": true,
    "permits": [
      124,
      125,
      126,
      127
    ]
  }
},
{
  "model": "security.module",
  "pk": 26,
  "fields": {
    "url": "/homepage/team/",
    "name": "Doctores",
    "moduletype": 3,
    "description": "Permite administrar a los doctores de la p\u00e1gina",
    "icon": "fas fa-users-cog",
    "image": "",
    "is_vertical": true,
    "is_active": true,
    "is_visible": true,
    "permits": [
      149,
      150,
      151,
      152
    ]
  }
},
{
  "model": "security.module",
  "pk": 27,
  "fields": {
    "url": "/homepage/comments/",
    "name": "Comentarios",
    "moduletype": 3,
    "description": "Permite administrar los comentarios de la p\u00e1gina",
    "icon": "fas fa-envelope",
    "image": "",
    "is_vertical": true,
    "is_active": true,
    "is_visible": true,
    "permits": [
      115,
      114
    ]
  }
},
{
  "model": "security.module",
  "pk": 28,
  "fields": {
    "url": "/homepage/qualities/",
    "name": "Cualidades",
    "moduletype": 3,
    "description": "Permite administrar los comentarios de la p\u00e1gina",
    "icon": "fas fa-folder-open",
    "image": "",
    "is_vertical": true,
    "is_active": true,
    "is_visible": true,
    "permits": [
      133,
      134,
      135,
      136
    ]
  }
},
{
  "model": "security.module",
  "pk": 29,
  "fields": {
    "url": "/clinic/client/",
    "name": "Clientes",
    "moduletype": 4,
    "description": "Permite administrar a los clientes del sistema",
    "icon": "fas fa-male",
    "image": "",
    "is_vertical": true,
    "is_active": true,
    "is_visible": true,
    "permits": [
      47,
      48,
      49,
      50
    ]
  }
},
{
  "model": "security.module",
  "pk": 30,
  "fields": {
    "url": "/clinic/medical/parameters/",
    "name": "Par\u00e1metros M\u00e9dicos",
    "moduletype": 4,
    "description": "Permite administrar los par\u00e1metros m\u00e9dicos del sistema",
    "icon": "fas fa-mortar-pestle",
    "image": "",
    "is_vertical": true,
    "is_active": true,
    "is_visible": true,
    "permits": [
      71,
      72,
      73,
      74
    ]
  }
},
{
  "model": "security.module",
  "pk": 31,
  "fields": {
    "url": "/clinic/type/pet/",
    "name": "Tipos de Animales",
    "moduletype": 4,
    "description": "Permite administrar a los tipos de animales del sistema",
    "icon": "fas fa-folder",
    "image": "",
    "is_vertical": true,
    "is_active": true,
    "is_visible": true,
    "permits": [
      102,
      103,
      104,
      105
    ]
  }
},
{
  "model": "security.module",
  "pk": 32,
  "fields": {
    "url": "/clinic/breed/pet/",
    "name": "Tipos de Razas",
    "moduletype": 4,
    "description": "Permite administrar las razas de las mascotas del sistema",
    "icon": "fas fa-folder-open",
    "image": "",
    "is_vertical": true,
    "is_active": true,
    "is_visible": true,
    "permits": [
      39,
      40,
      41,
      42
    ]
  }
},
{
  "model": "security.module",
  "pk": 33,
  "fields": {
    "url": "/clinic/mascots/admin/",
    "name": "Mascotas",
    "moduletype": 4,
    "description": "Permite administrar las mascotas del sistema",
    "icon": "fas fa-bone",
    "image": "",
    "is_vertical": true,
    "is_active": true,
    "is_visible": true,
    "permits": [
      64,
      65,
      66,
      63
    ]
  }
},
{
  "model": "security.module",
  "pk": 34,
  "fields": {
    "url": "/clinic/historial/medical/admin/",
    "name": "Historial M\u00e9dico",
    "moduletype": 4,
    "description": "Permite administrar los historiales medicos de las mascotas",
    "icon": "fas fa-first-aid",
    "image": "",
    "is_vertical": true,
    "is_active": true,
    "is_visible": true,
    "permits": []
  }
},
{
  "model": "security.module",
  "pk": 35,
  "fields": {
    "url": "/clinic/color/",
    "name": "Colores",
    "moduletype": 4,
    "description": "Permite administrar los colores del sistema",
    "icon": "fas fa-file-medical",
    "image": "",
    "is_vertical": true,
    "is_active": true,
    "is_visible": true,
    "permits": [
      51,
      52,
      53,
      54
    ]
  }
},
{
  "model": "security.module",
  "pk": 36,
  "fields": {
    "url": "/clinic/sale/admin/",
    "name": "Ventas",
    "moduletype": 4,
    "description": "Permite administrar las ventas de la veterinaria",
    "icon": "fas fa-shopping-cart",
    "image": "",
    "is_vertical": true,
    "is_active": true,
    "is_visible": true,
    "permits": [
      95,
      94
    ]
  }
},
{
  "model": "security.module",
  "pk": 37,
  "fields": {
    "url": "/clinic/sale/employee/",
    "name": "Ventas",
    "moduletype": null,
    "description": "Permite administrar las ventas de la veterinaria",
    "icon": "fas fa-shopping-cart",
    "image": "",
    "is_vertical": false,
    "is_active": true,
    "is_visible": true,
    "permits": [
      99,
      101,
      100,
      98
    ]
  }
},
{
  "model": "security.module",
  "pk": 38,
  "fields": {
    "url": "/clinic/provider/",
    "name": "Proveedores",
    "moduletype": 5,
    "description": "Permite administrar a los proveedores para las compras",
    "icon": "fas fa-truck-loading",
    "image": "",
    "is_vertical": true,
    "is_active": true,
    "is_visible": true,
    "permits": [
      87,
      88,
      89,
      90
    ]
  }
},
{
  "model": "security.module",
  "pk": 39,
  "fields": {
    "url": "/clinic/product/type/",
    "name": "Tipos de Productos",
    "moduletype": 5,
    "description": "Permite administrar la linea de los productos",
    "icon": "fab fa-linode",
    "image": "",
    "is_vertical": true,
    "is_active": true,
    "is_visible": true,
    "permits": [
      79,
      80,
      81,
      82
    ]
  }
},
{
  "model": "security.module",
  "pk": 40,
  "fields": {
    "url": "/clinic/product/",
    "name": "Productos",
    "moduletype": 5,
    "description": "Permite administrar los productos del sistema",
    "icon": "fas fa-box-open",
    "image": "",
    "is_vertical": true,
    "is_active": true,
    "is_visible": true,
    "permits": [
      75,
      76,
      77,
      78
    ]
  }
},
{
  "model": "security.module",
  "pk": 41,
  "fields": {
    "url": "/clinic/purchase/",
    "name": "Compras",
    "moduletype": 5,
    "description": "Permite administrar las compras del sistema",
    "icon": "fas fa-vote-yea",
    "image": "",
    "is_vertical": true,
    "is_active": true,
    "is_visible": true,
    "permits": [
      92,
      93,
      91
    ]
  }
},
{
  "model": "security.module",
  "pk": 42,
  "fields": {
    "url": "/reports/sale/",
    "name": "Reportede  Ventas",
    "moduletype": 6,
    "description": "Permite ver los reportes de las ventas",
    "icon": "fas fa-chart-bar",
    "image": "",
    "is_vertical": true,
    "is_active": true,
    "is_visible": true,
    "permits": []
  }
},
{
  "model": "security.module",
  "pk": 43,
  "fields": {
    "url": "/reports/purchase/",
    "name": "Reporte de Compras",
    "moduletype": 6,
    "description": "Permite ver los reportes de las compras",
    "icon": "fas fa-chart-bar",
    "image": "",
    "is_vertical": true,
    "is_active": true,
    "is_visible": true,
    "permits": []
  }
},
{
  "model": "security.module",
  "pk": 44,
  "fields": {
    "url": "/reports/historial/medical/",
    "name": "Reporte de Hist. M\u00e9d.",
    "moduletype": 6,
    "description": "Permite ver los reportes de los historiales m\u00e9dicos",
    "icon": "fas fa-chart-bar",
    "image": "",
    "is_vertical": true,
    "is_active": true,
    "is_visible": true,
    "permits": []
  }
},
{
  "model": "security.module",
  "pk": 45,
  "fields": {
    "url": "/clinic/country/",
    "name": "Paises",
    "moduletype": 7,
    "description": "Permite administrar los paises",
    "icon": "fas fa-globe-europe",
    "image": "",
    "is_vertical": true,
    "is_active": true,
    "is_visible": true,
    "permits": [
      55,
      56,
      57,
      58
    ]
  }
},
{
  "model": "security.module",
  "pk": 46,
  "fields": {
    "url": "/clinic/province/",
    "name": "Provincias",
    "moduletype": 7,
    "description": "Permite administrar las provincias del sistema",
    "icon": "fas fa-globe",
    "image": "",
    "is_vertical": true,
    "is_active": true,
    "is_visible": true,
    "permits": [
      106,
      107,
      108,
      109
    ]
  }
},
{
  "model": "security.module",
  "pk": 47,
  "fields": {
    "url": "/clinic/canton/",
    "name": "Cantones",
    "moduletype": 7,
    "description": "Permite administrar los cantones del sistema",
    "icon": "fas fa-globe-americas",
    "image": "",
    "is_vertical": true,
    "is_active": true,
    "is_visible": true,
    "permits": [
      43,
      44,
      45,
      46
    ]
  }
},
{
  "model": "security.module",
  "pk": 48,
  "fields": {
    "url": "/clinic/parish/",
    "name": "Parroquias",
    "moduletype": 7,
    "description": "Permite administrar las parroquias del sistema",
    "icon": "fas fa-search-location",
    "image": "",
    "is_vertical": true,
    "is_active": true,
    "is_visible": true,
    "permits": [
      110,
      111,
      112,
      113
    ]
  }
},
{
  "model": "security.module",
  "pk": 49,
  "fields": {
    "url": "/clinic/employee/",
    "name": "Empleados",
    "moduletype": 2,
    "description": "Permite administrar a los empleados del sistema",
    "icon": "fas fa-male",
    "image": "",
    "is_vertical": true,
    "is_active": true,
    "is_visible": true,
    "permits": [
      59,
      60,
      61,
      62
    ]
  }
},
{
  "model": "security.module",
  "pk": 50,
  "fields": {
    "url": "/reports/client/",
    "name": "Reporte de Clientes",
    "moduletype": 6,
    "description": "Permite ver los reportes de los clientes",
    "icon": "fas fa-chart-bar",
    "image": "",
    "is_vertical": true,
    "is_active": true,
    "is_visible": true,
    "permits": []
  }
},
{
  "model": "security.module",
  "pk": 51,
  "fields": {
    "url": "/reports/mascots/",
    "name": "Reporte de Mascotas",
    "moduletype": 6,
    "description": "Permite ver los reportes de los clientes",
    "icon": "fas fa-chart-bar",
    "image": "",
    "is_vertical": true,
    "is_active": true,
    "is_visible": true,
    "permits": []
  }
},
{
  "model": "security.groupmodule",
  "pk": 95,
  "fields": {
    "group": 2,
    "module": 1
  }
},
{
  "model": "security.groupmodule",
  "pk": 96,
  "fields": {
    "group": 2,
    "module": 3
  }
},
{
  "model": "security.groupmodule",
  "pk": 97,
  "fields": {
    "group": 2,
    "module": 6
  }
},
{
  "model": "security.groupmodule",
  "pk": 98,
  "fields": {
    "group": 2,
    "module": 5
  }
},
{
  "model": "security.groupmodule",
  "pk": 99,
  "fields": {
    "group": 2,
    "module": 7
  }
},
{
  "model": "security.groupmodule",
  "pk": 100,
  "fields": {
    "group": 3,
    "module": 1
  }
},
{
  "model": "security.groupmodule",
  "pk": 101,
  "fields": {
    "group": 3,
    "module": 4
  }
},
{
  "model": "security.groupmodule",
  "pk": 102,
  "fields": {
    "group": 3,
    "module": 37
  }
},
{
  "model": "security.groupmodule",
  "pk": 147,
  "fields": {
    "group": 1,
    "module": 13
  }
},
{
  "model": "security.groupmodule",
  "pk": 148,
  "fields": {
    "group": 1,
    "module": 14
  }
},
{
  "model": "security.groupmodule",
  "pk": 149,
  "fields": {
    "group": 1,
    "module": 1
  }
},
{
  "model": "security.groupmodule",
  "pk": 150,
  "fields": {
    "group": 1,
    "module": 47
  }
},
{
  "model": "security.groupmodule",
  "pk": 151,
  "fields": {
    "group": 1,
    "module": 29
  }
},
{
  "model": "security.groupmodule",
  "pk": 152,
  "fields": {
    "group": 1,
    "module": 35
  }
},
{
  "model": "security.groupmodule",
  "pk": 153,
  "fields": {
    "group": 1,
    "module": 27
  }
},
{
  "model": "security.groupmodule",
  "pk": 154,
  "fields": {
    "group": 1,
    "module": 41
  }
},
{
  "model": "security.groupmodule",
  "pk": 155,
  "fields": {
    "group": 1,
    "module": 12
  }
},
{
  "model": "security.groupmodule",
  "pk": 156,
  "fields": {
    "group": 1,
    "module": 28
  }
},
{
  "model": "security.groupmodule",
  "pk": 157,
  "fields": {
    "group": 1,
    "module": 20
  }
},
{
  "model": "security.groupmodule",
  "pk": 158,
  "fields": {
    "group": 1,
    "module": 26
  }
},
{
  "model": "security.groupmodule",
  "pk": 159,
  "fields": {
    "group": 1,
    "module": 2
  }
},
{
  "model": "security.groupmodule",
  "pk": 160,
  "fields": {
    "group": 1,
    "module": 49
  }
},
{
  "model": "security.groupmodule",
  "pk": 161,
  "fields": {
    "group": 1,
    "module": 22
  }
},
{
  "model": "security.groupmodule",
  "pk": 162,
  "fields": {
    "group": 1,
    "module": 25
  }
},
{
  "model": "security.groupmodule",
  "pk": 163,
  "fields": {
    "group": 1,
    "module": 10
  }
},
{
  "model": "security.groupmodule",
  "pk": 164,
  "fields": {
    "group": 1,
    "module": 34
  }
},
{
  "model": "security.groupmodule",
  "pk": 165,
  "fields": {
    "group": 1,
    "module": 16
  }
},
{
  "model": "security.groupmodule",
  "pk": 166,
  "fields": {
    "group": 1,
    "module": 33
  }
},
{
  "model": "security.groupmodule",
  "pk": 167,
  "fields": {
    "group": 1,
    "module": 9
  }
},
{
  "model": "security.groupmodule",
  "pk": 168,
  "fields": {
    "group": 1,
    "module": 17
  }
},
{
  "model": "security.groupmodule",
  "pk": 169,
  "fields": {
    "group": 1,
    "module": 45
  }
},
{
  "model": "security.groupmodule",
  "pk": 170,
  "fields": {
    "group": 1,
    "module": 48
  }
},
{
  "model": "security.groupmodule",
  "pk": 171,
  "fields": {
    "group": 1,
    "module": 30
  }
},
{
  "model": "security.groupmodule",
  "pk": 172,
  "fields": {
    "group": 1,
    "module": 23
  }
},
{
  "model": "security.groupmodule",
  "pk": 173,
  "fields": {
    "group": 1,
    "module": 40
  }
},
{
  "model": "security.groupmodule",
  "pk": 174,
  "fields": {
    "group": 1,
    "module": 15
  }
},
{
  "model": "security.groupmodule",
  "pk": 175,
  "fields": {
    "group": 1,
    "module": 38
  }
},
{
  "model": "security.groupmodule",
  "pk": 176,
  "fields": {
    "group": 1,
    "module": 46
  }
},
{
  "model": "security.groupmodule",
  "pk": 177,
  "fields": {
    "group": 1,
    "module": 19
  }
},
{
  "model": "security.groupmodule",
  "pk": 178,
  "fields": {
    "group": 1,
    "module": 50
  }
},
{
  "model": "security.groupmodule",
  "pk": 179,
  "fields": {
    "group": 1,
    "module": 43
  }
},
{
  "model": "security.groupmodule",
  "pk": 180,
  "fields": {
    "group": 1,
    "module": 44
  }
},
{
  "model": "security.groupmodule",
  "pk": 181,
  "fields": {
    "group": 1,
    "module": 51
  }
},
{
  "model": "security.groupmodule",
  "pk": 182,
  "fields": {
    "group": 1,
    "module": 42
  }
},
{
  "model": "security.groupmodule",
  "pk": 183,
  "fields": {
    "group": 1,
    "module": 11
  }
},
{
  "model": "security.groupmodule",
  "pk": 184,
  "fields": {
    "group": 1,
    "module": 21
  }
},
{
  "model": "security.groupmodule",
  "pk": 185,
  "fields": {
    "group": 1,
    "module": 24
  }
},
{
  "model": "security.groupmodule",
  "pk": 186,
  "fields": {
    "group": 1,
    "module": 31
  }
},
{
  "model": "security.groupmodule",
  "pk": 187,
  "fields": {
    "group": 1,
    "module": 8
  }
},
{
  "model": "security.groupmodule",
  "pk": 188,
  "fields": {
    "group": 1,
    "module": 39
  }
},
{
  "model": "security.groupmodule",
  "pk": 189,
  "fields": {
    "group": 1,
    "module": 32
  }
},
{
  "model": "security.groupmodule",
  "pk": 190,
  "fields": {
    "group": 1,
    "module": 36
  }
},
{
  "model": "security.groupmodule",
  "pk": 191,
  "fields": {
    "group": 1,
    "module": 18
  }
},
{
  "model": "security.grouppermission",
  "pk": 277,
  "fields": {
    "group": 2,
    "permission": 68,
    "module": 5
  }
},
{
  "model": "security.grouppermission",
  "pk": 278,
  "fields": {
    "group": 2,
    "permission": 69,
    "module": 5
  }
},
{
  "model": "security.grouppermission",
  "pk": 279,
  "fields": {
    "group": 2,
    "permission": 70,
    "module": 5
  }
},
{
  "model": "security.grouppermission",
  "pk": 280,
  "fields": {
    "group": 2,
    "permission": 67,
    "module": 5
  }
},
{
  "model": "security.grouppermission",
  "pk": 281,
  "fields": {
    "group": 2,
    "permission": 97,
    "module": 7
  }
},
{
  "model": "security.grouppermission",
  "pk": 282,
  "fields": {
    "group": 2,
    "permission": 96,
    "module": 7
  }
},
{
  "model": "security.grouppermission",
  "pk": 283,
  "fields": {
    "group": 3,
    "permission": 99,
    "module": 37
  }
},
{
  "model": "security.grouppermission",
  "pk": 284,
  "fields": {
    "group": 3,
    "permission": 101,
    "module": 37
  }
},
{
  "model": "security.grouppermission",
  "pk": 285,
  "fields": {
    "group": 3,
    "permission": 100,
    "module": 37
  }
},
{
  "model": "security.grouppermission",
  "pk": 286,
  "fields": {
    "group": 3,
    "permission": 98,
    "module": 37
  }
},
{
  "model": "security.grouppermission",
  "pk": 420,
  "fields": {
    "group": 1,
    "permission": 22,
    "module": 13
  }
},
{
  "model": "security.grouppermission",
  "pk": 421,
  "fields": {
    "group": 1,
    "permission": 21,
    "module": 13
  }
},
{
  "model": "security.grouppermission",
  "pk": 422,
  "fields": {
    "group": 1,
    "permission": 35,
    "module": 14
  }
},
{
  "model": "security.grouppermission",
  "pk": 423,
  "fields": {
    "group": 1,
    "permission": 36,
    "module": 14
  }
},
{
  "model": "security.grouppermission",
  "pk": 424,
  "fields": {
    "group": 1,
    "permission": 37,
    "module": 14
  }
},
{
  "model": "security.grouppermission",
  "pk": 425,
  "fields": {
    "group": 1,
    "permission": 38,
    "module": 14
  }
},
{
  "model": "security.grouppermission",
  "pk": 426,
  "fields": {
    "group": 1,
    "permission": 43,
    "module": 47
  }
},
{
  "model": "security.grouppermission",
  "pk": 427,
  "fields": {
    "group": 1,
    "permission": 44,
    "module": 47
  }
},
{
  "model": "security.grouppermission",
  "pk": 428,
  "fields": {
    "group": 1,
    "permission": 45,
    "module": 47
  }
},
{
  "model": "security.grouppermission",
  "pk": 429,
  "fields": {
    "group": 1,
    "permission": 46,
    "module": 47
  }
},
{
  "model": "security.grouppermission",
  "pk": 430,
  "fields": {
    "group": 1,
    "permission": 47,
    "module": 29
  }
},
{
  "model": "security.grouppermission",
  "pk": 431,
  "fields": {
    "group": 1,
    "permission": 48,
    "module": 29
  }
},
{
  "model": "security.grouppermission",
  "pk": 432,
  "fields": {
    "group": 1,
    "permission": 49,
    "module": 29
  }
},
{
  "model": "security.grouppermission",
  "pk": 433,
  "fields": {
    "group": 1,
    "permission": 50,
    "module": 29
  }
},
{
  "model": "security.grouppermission",
  "pk": 434,
  "fields": {
    "group": 1,
    "permission": 51,
    "module": 35
  }
},
{
  "model": "security.grouppermission",
  "pk": 435,
  "fields": {
    "group": 1,
    "permission": 52,
    "module": 35
  }
},
{
  "model": "security.grouppermission",
  "pk": 436,
  "fields": {
    "group": 1,
    "permission": 53,
    "module": 35
  }
},
{
  "model": "security.grouppermission",
  "pk": 437,
  "fields": {
    "group": 1,
    "permission": 54,
    "module": 35
  }
},
{
  "model": "security.grouppermission",
  "pk": 438,
  "fields": {
    "group": 1,
    "permission": 115,
    "module": 27
  }
},
{
  "model": "security.grouppermission",
  "pk": 439,
  "fields": {
    "group": 1,
    "permission": 114,
    "module": 27
  }
},
{
  "model": "security.grouppermission",
  "pk": 440,
  "fields": {
    "group": 1,
    "permission": 92,
    "module": 41
  }
},
{
  "model": "security.grouppermission",
  "pk": 441,
  "fields": {
    "group": 1,
    "permission": 93,
    "module": 41
  }
},
{
  "model": "security.grouppermission",
  "pk": 442,
  "fields": {
    "group": 1,
    "permission": 91,
    "module": 41
  }
},
{
  "model": "security.grouppermission",
  "pk": 443,
  "fields": {
    "group": 1,
    "permission": 133,
    "module": 28
  }
},
{
  "model": "security.grouppermission",
  "pk": 444,
  "fields": {
    "group": 1,
    "permission": 134,
    "module": 28
  }
},
{
  "model": "security.grouppermission",
  "pk": 445,
  "fields": {
    "group": 1,
    "permission": 135,
    "module": 28
  }
},
{
  "model": "security.grouppermission",
  "pk": 446,
  "fields": {
    "group": 1,
    "permission": 136,
    "module": 28
  }
},
{
  "model": "security.grouppermission",
  "pk": 447,
  "fields": {
    "group": 1,
    "permission": 116,
    "module": 20
  }
},
{
  "model": "security.grouppermission",
  "pk": 448,
  "fields": {
    "group": 1,
    "permission": 117,
    "module": 20
  }
},
{
  "model": "security.grouppermission",
  "pk": 449,
  "fields": {
    "group": 1,
    "permission": 118,
    "module": 20
  }
},
{
  "model": "security.grouppermission",
  "pk": 450,
  "fields": {
    "group": 1,
    "permission": 119,
    "module": 20
  }
},
{
  "model": "security.grouppermission",
  "pk": 451,
  "fields": {
    "group": 1,
    "permission": 149,
    "module": 26
  }
},
{
  "model": "security.grouppermission",
  "pk": 452,
  "fields": {
    "group": 1,
    "permission": 150,
    "module": 26
  }
},
{
  "model": "security.grouppermission",
  "pk": 453,
  "fields": {
    "group": 1,
    "permission": 151,
    "module": 26
  }
},
{
  "model": "security.grouppermission",
  "pk": 454,
  "fields": {
    "group": 1,
    "permission": 152,
    "module": 26
  }
},
{
  "model": "security.grouppermission",
  "pk": 455,
  "fields": {
    "group": 1,
    "permission": 59,
    "module": 49
  }
},
{
  "model": "security.grouppermission",
  "pk": 456,
  "fields": {
    "group": 1,
    "permission": 60,
    "module": 49
  }
},
{
  "model": "security.grouppermission",
  "pk": 457,
  "fields": {
    "group": 1,
    "permission": 61,
    "module": 49
  }
},
{
  "model": "security.grouppermission",
  "pk": 458,
  "fields": {
    "group": 1,
    "permission": 62,
    "module": 49
  }
},
{
  "model": "security.grouppermission",
  "pk": 459,
  "fields": {
    "group": 1,
    "permission": 145,
    "module": 22
  }
},
{
  "model": "security.grouppermission",
  "pk": 460,
  "fields": {
    "group": 1,
    "permission": 146,
    "module": 22
  }
},
{
  "model": "security.grouppermission",
  "pk": 461,
  "fields": {
    "group": 1,
    "permission": 147,
    "module": 22
  }
},
{
  "model": "security.grouppermission",
  "pk": 462,
  "fields": {
    "group": 1,
    "permission": 148,
    "module": 22
  }
},
{
  "model": "security.grouppermission",
  "pk": 463,
  "fields": {
    "group": 1,
    "permission": 124,
    "module": 25
  }
},
{
  "model": "security.grouppermission",
  "pk": 464,
  "fields": {
    "group": 1,
    "permission": 125,
    "module": 25
  }
},
{
  "model": "security.grouppermission",
  "pk": 465,
  "fields": {
    "group": 1,
    "permission": 126,
    "module": 25
  }
},
{
  "model": "security.grouppermission",
  "pk": 466,
  "fields": {
    "group": 1,
    "permission": 127,
    "module": 25
  }
},
{
  "model": "security.grouppermission",
  "pk": 467,
  "fields": {
    "group": 1,
    "permission": 9,
    "module": 10
  }
},
{
  "model": "security.grouppermission",
  "pk": 468,
  "fields": {
    "group": 1,
    "permission": 10,
    "module": 10
  }
},
{
  "model": "security.grouppermission",
  "pk": 469,
  "fields": {
    "group": 1,
    "permission": 11,
    "module": 10
  }
},
{
  "model": "security.grouppermission",
  "pk": 470,
  "fields": {
    "group": 1,
    "permission": 12,
    "module": 10
  }
},
{
  "model": "security.grouppermission",
  "pk": 471,
  "fields": {
    "group": 1,
    "permission": 128,
    "module": 16
  }
},
{
  "model": "security.grouppermission",
  "pk": 472,
  "fields": {
    "group": 1,
    "permission": 64,
    "module": 33
  }
},
{
  "model": "security.grouppermission",
  "pk": 473,
  "fields": {
    "group": 1,
    "permission": 65,
    "module": 33
  }
},
{
  "model": "security.grouppermission",
  "pk": 474,
  "fields": {
    "group": 1,
    "permission": 66,
    "module": 33
  }
},
{
  "model": "security.grouppermission",
  "pk": 475,
  "fields": {
    "group": 1,
    "permission": 63,
    "module": 33
  }
},
{
  "model": "security.grouppermission",
  "pk": 476,
  "fields": {
    "group": 1,
    "permission": 31,
    "module": 9
  }
},
{
  "model": "security.grouppermission",
  "pk": 477,
  "fields": {
    "group": 1,
    "permission": 32,
    "module": 9
  }
},
{
  "model": "security.grouppermission",
  "pk": 478,
  "fields": {
    "group": 1,
    "permission": 33,
    "module": 9
  }
},
{
  "model": "security.grouppermission",
  "pk": 479,
  "fields": {
    "group": 1,
    "permission": 34,
    "module": 9
  }
},
{
  "model": "security.grouppermission",
  "pk": 480,
  "fields": {
    "group": 1,
    "permission": 129,
    "module": 17
  }
},
{
  "model": "security.grouppermission",
  "pk": 481,
  "fields": {
    "group": 1,
    "permission": 130,
    "module": 17
  }
},
{
  "model": "security.grouppermission",
  "pk": 482,
  "fields": {
    "group": 1,
    "permission": 131,
    "module": 17
  }
},
{
  "model": "security.grouppermission",
  "pk": 483,
  "fields": {
    "group": 1,
    "permission": 132,
    "module": 17
  }
},
{
  "model": "security.grouppermission",
  "pk": 484,
  "fields": {
    "group": 1,
    "permission": 55,
    "module": 45
  }
},
{
  "model": "security.grouppermission",
  "pk": 485,
  "fields": {
    "group": 1,
    "permission": 56,
    "module": 45
  }
},
{
  "model": "security.grouppermission",
  "pk": 486,
  "fields": {
    "group": 1,
    "permission": 57,
    "module": 45
  }
},
{
  "model": "security.grouppermission",
  "pk": 487,
  "fields": {
    "group": 1,
    "permission": 58,
    "module": 45
  }
},
{
  "model": "security.grouppermission",
  "pk": 488,
  "fields": {
    "group": 1,
    "permission": 110,
    "module": 48
  }
},
{
  "model": "security.grouppermission",
  "pk": 489,
  "fields": {
    "group": 1,
    "permission": 111,
    "module": 48
  }
},
{
  "model": "security.grouppermission",
  "pk": 490,
  "fields": {
    "group": 1,
    "permission": 112,
    "module": 48
  }
},
{
  "model": "security.grouppermission",
  "pk": 491,
  "fields": {
    "group": 1,
    "permission": 113,
    "module": 48
  }
},
{
  "model": "security.grouppermission",
  "pk": 492,
  "fields": {
    "group": 1,
    "permission": 71,
    "module": 30
  }
},
{
  "model": "security.grouppermission",
  "pk": 493,
  "fields": {
    "group": 1,
    "permission": 72,
    "module": 30
  }
},
{
  "model": "security.grouppermission",
  "pk": 494,
  "fields": {
    "group": 1,
    "permission": 73,
    "module": 30
  }
},
{
  "model": "security.grouppermission",
  "pk": 495,
  "fields": {
    "group": 1,
    "permission": 74,
    "module": 30
  }
},
{
  "model": "security.grouppermission",
  "pk": 496,
  "fields": {
    "group": 1,
    "permission": 120,
    "module": 23
  }
},
{
  "model": "security.grouppermission",
  "pk": 497,
  "fields": {
    "group": 1,
    "permission": 121,
    "module": 23
  }
},
{
  "model": "security.grouppermission",
  "pk": 498,
  "fields": {
    "group": 1,
    "permission": 122,
    "module": 23
  }
},
{
  "model": "security.grouppermission",
  "pk": 499,
  "fields": {
    "group": 1,
    "permission": 123,
    "module": 23
  }
},
{
  "model": "security.grouppermission",
  "pk": 500,
  "fields": {
    "group": 1,
    "permission": 75,
    "module": 40
  }
},
{
  "model": "security.grouppermission",
  "pk": 501,
  "fields": {
    "group": 1,
    "permission": 76,
    "module": 40
  }
},
{
  "model": "security.grouppermission",
  "pk": 502,
  "fields": {
    "group": 1,
    "permission": 77,
    "module": 40
  }
},
{
  "model": "security.grouppermission",
  "pk": 503,
  "fields": {
    "group": 1,
    "permission": 78,
    "module": 40
  }
},
{
  "model": "security.grouppermission",
  "pk": 504,
  "fields": {
    "group": 1,
    "permission": 83,
    "module": 15
  }
},
{
  "model": "security.grouppermission",
  "pk": 505,
  "fields": {
    "group": 1,
    "permission": 84,
    "module": 15
  }
},
{
  "model": "security.grouppermission",
  "pk": 506,
  "fields": {
    "group": 1,
    "permission": 85,
    "module": 15
  }
},
{
  "model": "security.grouppermission",
  "pk": 507,
  "fields": {
    "group": 1,
    "permission": 86,
    "module": 15
  }
},
{
  "model": "security.grouppermission",
  "pk": 508,
  "fields": {
    "group": 1,
    "permission": 87,
    "module": 38
  }
},
{
  "model": "security.grouppermission",
  "pk": 509,
  "fields": {
    "group": 1,
    "permission": 88,
    "module": 38
  }
},
{
  "model": "security.grouppermission",
  "pk": 510,
  "fields": {
    "group": 1,
    "permission": 89,
    "module": 38
  }
},
{
  "model": "security.grouppermission",
  "pk": 511,
  "fields": {
    "group": 1,
    "permission": 90,
    "module": 38
  }
},
{
  "model": "security.grouppermission",
  "pk": 512,
  "fields": {
    "group": 1,
    "permission": 106,
    "module": 46
  }
},
{
  "model": "security.grouppermission",
  "pk": 513,
  "fields": {
    "group": 1,
    "permission": 107,
    "module": 46
  }
},
{
  "model": "security.grouppermission",
  "pk": 514,
  "fields": {
    "group": 1,
    "permission": 108,
    "module": 46
  }
},
{
  "model": "security.grouppermission",
  "pk": 515,
  "fields": {
    "group": 1,
    "permission": 109,
    "module": 46
  }
},
{
  "model": "security.grouppermission",
  "pk": 516,
  "fields": {
    "group": 1,
    "permission": 141,
    "module": 19
  }
},
{
  "model": "security.grouppermission",
  "pk": 517,
  "fields": {
    "group": 1,
    "permission": 142,
    "module": 19
  }
},
{
  "model": "security.grouppermission",
  "pk": 518,
  "fields": {
    "group": 1,
    "permission": 143,
    "module": 19
  }
},
{
  "model": "security.grouppermission",
  "pk": 519,
  "fields": {
    "group": 1,
    "permission": 144,
    "module": 19
  }
},
{
  "model": "security.grouppermission",
  "pk": 520,
  "fields": {
    "group": 1,
    "permission": 25,
    "module": 11
  }
},
{
  "model": "security.grouppermission",
  "pk": 521,
  "fields": {
    "group": 1,
    "permission": 26,
    "module": 11
  }
},
{
  "model": "security.grouppermission",
  "pk": 522,
  "fields": {
    "group": 1,
    "permission": 24,
    "module": 11
  }
},
{
  "model": "security.grouppermission",
  "pk": 523,
  "fields": {
    "group": 1,
    "permission": 137,
    "module": 21
  }
},
{
  "model": "security.grouppermission",
  "pk": 524,
  "fields": {
    "group": 1,
    "permission": 138,
    "module": 21
  }
},
{
  "model": "security.grouppermission",
  "pk": 525,
  "fields": {
    "group": 1,
    "permission": 139,
    "module": 21
  }
},
{
  "model": "security.grouppermission",
  "pk": 526,
  "fields": {
    "group": 1,
    "permission": 140,
    "module": 21
  }
},
{
  "model": "security.grouppermission",
  "pk": 527,
  "fields": {
    "group": 1,
    "permission": 153,
    "module": 24
  }
},
{
  "model": "security.grouppermission",
  "pk": 528,
  "fields": {
    "group": 1,
    "permission": 154,
    "module": 24
  }
},
{
  "model": "security.grouppermission",
  "pk": 529,
  "fields": {
    "group": 1,
    "permission": 155,
    "module": 24
  }
},
{
  "model": "security.grouppermission",
  "pk": 530,
  "fields": {
    "group": 1,
    "permission": 156,
    "module": 24
  }
},
{
  "model": "security.grouppermission",
  "pk": 531,
  "fields": {
    "group": 1,
    "permission": 102,
    "module": 31
  }
},
{
  "model": "security.grouppermission",
  "pk": 532,
  "fields": {
    "group": 1,
    "permission": 103,
    "module": 31
  }
},
{
  "model": "security.grouppermission",
  "pk": 533,
  "fields": {
    "group": 1,
    "permission": 104,
    "module": 31
  }
},
{
  "model": "security.grouppermission",
  "pk": 534,
  "fields": {
    "group": 1,
    "permission": 105,
    "module": 31
  }
},
{
  "model": "security.grouppermission",
  "pk": 535,
  "fields": {
    "group": 1,
    "permission": 27,
    "module": 8
  }
},
{
  "model": "security.grouppermission",
  "pk": 536,
  "fields": {
    "group": 1,
    "permission": 28,
    "module": 8
  }
},
{
  "model": "security.grouppermission",
  "pk": 537,
  "fields": {
    "group": 1,
    "permission": 29,
    "module": 8
  }
},
{
  "model": "security.grouppermission",
  "pk": 538,
  "fields": {
    "group": 1,
    "permission": 30,
    "module": 8
  }
},
{
  "model": "security.grouppermission",
  "pk": 539,
  "fields": {
    "group": 1,
    "permission": 79,
    "module": 39
  }
},
{
  "model": "security.grouppermission",
  "pk": 540,
  "fields": {
    "group": 1,
    "permission": 80,
    "module": 39
  }
},
{
  "model": "security.grouppermission",
  "pk": 541,
  "fields": {
    "group": 1,
    "permission": 81,
    "module": 39
  }
},
{
  "model": "security.grouppermission",
  "pk": 542,
  "fields": {
    "group": 1,
    "permission": 82,
    "module": 39
  }
},
{
  "model": "security.grouppermission",
  "pk": 543,
  "fields": {
    "group": 1,
    "permission": 39,
    "module": 32
  }
},
{
  "model": "security.grouppermission",
  "pk": 544,
  "fields": {
    "group": 1,
    "permission": 40,
    "module": 32
  }
},
{
  "model": "security.grouppermission",
  "pk": 545,
  "fields": {
    "group": 1,
    "permission": 41,
    "module": 32
  }
},
{
  "model": "security.grouppermission",
  "pk": 546,
  "fields": {
    "group": 1,
    "permission": 42,
    "module": 32
  }
},
{
  "model": "security.grouppermission",
  "pk": 547,
  "fields": {
    "group": 1,
    "permission": 95,
    "module": 36
  }
},
{
  "model": "security.grouppermission",
  "pk": 548,
  "fields": {
    "group": 1,
    "permission": 94,
    "module": 36
  }
},
{
  "model": "security.grouppermission",
  "pk": 549,
  "fields": {
    "group": 1,
    "permission": 157,
    "module": 18
  }
},
{
  "model": "security.grouppermission",
  "pk": 550,
  "fields": {
    "group": 1,
    "permission": 158,
    "module": 18
  }
},
{
  "model": "security.grouppermission",
  "pk": 551,
  "fields": {
    "group": 1,
    "permission": 159,
    "module": 18
  }
},
{
  "model": "security.grouppermission",
  "pk": 552,
  "fields": {
    "group": 1,
    "permission": 160,
    "module": 18
  }
},
{
  "model": "user.user",
  "pk": 1,
  "fields": {
    "password": "pbkdf2_sha256$180000$onVoN26QFOQw$Y5JCxts0mkaMxjK9dK/8iIAonPmCwMwK7d3yk6kU11E=",
    "last_login": "2021-06-19T21:58:45.400Z",
    "is_superuser": true,
    "username": "0928363993",
    "first_name": "William D\u00e1vila",
    "last_name": "D\u00e1vila Vargas",
    "email": "davilawilliam93@gmail.com",
    "is_staff": true,
    "is_active": true,
    "date_joined": "2020-12-17T19:56:04.863Z",
    "dni": "0928363993",
    "image": "users/2020/12/18/foto_curriculum_-_copia.jpg",
    "is_change_password": false,
    "token": "e101c6ab-3803-4c4d-a6d2-4da725964cd9",
    "groups": [
      1
    ],
    "user_permissions": []
  }
},
{
  "model": "user.user",
  "pk": 2,
  "fields": {
    "password": "pbkdf2_sha256$180000$SuCOvGiAD5qa$74ELZ49/ercAlPbV+tOnHFbRKkWFUeG0KkXLGshsxS8=",
    "last_login": "2020-12-18T19:32:33.071Z",
    "is_superuser": false,
    "username": "0941335598",
    "first_name": "Kevin Paul",
    "last_name": "Locke Araguillin",
    "email": "kevinpaul1994@gmail.com",
    "is_staff": false,
    "is_active": true,
    "date_joined": "2020-12-17T21:35:51.856Z",
    "dni": "0941335598",
    "image": "",
    "is_change_password": false,
    "token": "2e49ca50-6374-4bb3-af71-c1ab3b2b6e37",
    "groups": [
      3
    ],
    "user_permissions": []
  }
},
{
  "model": "user.user",
  "pk": 3,
  "fields": {
    "password": "pbkdf2_sha256$180000$ChtdztkhOsSJ$mpGOwOtT5XlMvNlbqQrVp2pInJwagPbXiVRme5E9g94=",
    "last_login": "2021-06-19T21:57:53.773Z",
    "is_superuser": false,
    "username": "0940812183",
    "first_name": "Ana Gabriela",
    "last_name": "Matute Guman",
    "email": "anagabriela@gmail.com",
    "is_staff": false,
    "is_active": true,
    "date_joined": "2020-12-17T21:49:53.254Z",
    "dni": "0940812183",
    "image": "",
    "is_change_password": false,
    "token": "53a30427-0023-461f-840a-ff94cb1d1a54",
    "groups": [
      2
    ],
    "user_permissions": []
  }
},
{
  "model": "user.user",
  "pk": 4,
  "fields": {
    "password": "pbkdf2_sha256$180000$ZcNeePtS0HhK$YE3y1w041EhwBp1uy13qAKMISZ2ivjw/iSbTkwFG+6I=",
    "last_login": "2020-12-18T16:16:38.872Z",
    "is_superuser": false,
    "username": "0913960944",
    "first_name": "Oscar Alberto",
    "last_name": "Pinos Almeida",
    "email": "williamjairdavilavargas@gmail.com",
    "is_staff": false,
    "is_active": true,
    "date_joined": "2020-12-18T15:54:12.899Z",
    "dni": "0913960944",
    "image": "",
    "is_change_password": false,
    "token": "d45ca303-7073-4565-ac58-a25fbdef3301",
    "groups": [
      2
    ],
    "user_permissions": []
  }
},
{
  "model": "clinic.client",
  "pk": 2,
  "fields": {
    "user": 3,
    "gender": "masculino",
    "mobile": "0979454512",
    "phone": "0979154512",
    "address": "Cdla. Dager, Calle Rio Zamora entre Av. Tumbes y Av. Tarqui",
    "birthdate": "2020-12-17",
    "parish": 549
  }
},
{
  "model": "clinic.client",
  "pk": 3,
  "fields": {
    "user": 4,
    "gender": "masculino",
    "mobile": "0979014552",
    "phone": "2977552",
    "address": "Milagro",
    "birthdate": "2020-12-18",
    "parish": 549
  }
},
{
  "model": "clinic.employee",
  "pk": 1,
  "fields": {
    "user": 2,
    "gender": "masculino",
    "mobile": "0979014551",
    "phone": "29775541",
    "address": "Cdla. Dager, Calle Rio Zamora entre Av.Tumbes y Av. Tarqui",
    "birthdate": "2020-12-17",
    "parish": 549,
    "profession": 2,
    "curriculum": "curriculum/2020/12/17/CV_WILLIAM_JAIR_D\u00c1VILA_VARGAS.pdf"
  }
},
{
  "model": "security.accessusers",
  "pk": 1,
  "fields": {
    "user": 1,
    "date_joined": "2020-12-18",
    "hour": "10:26:31.886",
    "localhost": "192.168.1.72",
    "location": "DESKTOP-VQT91NH"
  }
},
{
  "model": "security.accessusers",
  "pk": 2,
  "fields": {
    "user": 3,
    "date_joined": "2020-12-18",
    "hour": "10:36:23.456",
    "localhost": "192.168.1.72",
    "location": "DESKTOP-VQT91NH"
  }
},
{
  "model": "security.accessusers",
  "pk": 3,
  "fields": {
    "user": 1,
    "date_joined": "2020-12-18",
    "hour": "10:38:21.062",
    "localhost": "192.168.1.72",
    "location": "DESKTOP-VQT91NH"
  }
},
{
  "model": "security.accessusers",
  "pk": 4,
  "fields": {
    "user": 2,
    "date_joined": "2020-12-18",
    "hour": "10:38:38.609",
    "localhost": "192.168.1.72",
    "location": "DESKTOP-VQT91NH"
  }
},
{
  "model": "security.accessusers",
  "pk": 5,
  "fields": {
    "user": 1,
    "date_joined": "2020-12-18",
    "hour": "10:40:19.941",
    "localhost": "192.168.1.72",
    "location": "DESKTOP-VQT91NH"
  }
},
{
  "model": "security.accessusers",
  "pk": 6,
  "fields": {
    "user": 1,
    "date_joined": "2020-12-18",
    "hour": "11:03:42.817",
    "localhost": "192.168.1.72",
    "location": "DESKTOP-VQT91NH"
  }
},
{
  "model": "security.accessusers",
  "pk": 7,
  "fields": {
    "user": 1,
    "date_joined": "2020-12-18",
    "hour": "11:09:16.189",
    "localhost": "192.168.1.72",
    "location": "DESKTOP-VQT91NH"
  }
},
{
  "model": "security.accessusers",
  "pk": 8,
  "fields": {
    "user": 1,
    "date_joined": "2020-12-18",
    "hour": "11:11:13.301",
    "localhost": "192.168.1.72",
    "location": "DESKTOP-VQT91NH"
  }
},
{
  "model": "security.accessusers",
  "pk": 9,
  "fields": {
    "user": 1,
    "date_joined": "2020-12-18",
    "hour": "11:13:52.519",
    "localhost": "192.168.1.72",
    "location": "DESKTOP-VQT91NH"
  }
},
{
  "model": "security.accessusers",
  "pk": 10,
  "fields": {
    "user": 1,
    "date_joined": "2020-12-18",
    "hour": "11:16:27.506",
    "localhost": "192.168.1.72",
    "location": "DESKTOP-VQT91NH"
  }
},
{
  "model": "security.accessusers",
  "pk": 11,
  "fields": {
    "user": 1,
    "date_joined": "2020-12-18",
    "hour": "11:16:52.921",
    "localhost": "192.168.1.72",
    "location": "DESKTOP-VQT91NH"
  }
},
{
  "model": "security.accessusers",
  "pk": 12,
  "fields": {
    "user": 1,
    "date_joined": "2020-12-18",
    "hour": "11:17:07.229",
    "localhost": "192.168.1.72",
    "location": "DESKTOP-VQT91NH"
  }
},
{
  "model": "security.accessusers",
  "pk": 13,
  "fields": {
    "user": 3,
    "date_joined": "2020-12-18",
    "hour": "11:49:54.194",
    "localhost": "192.168.1.72",
    "location": "DESKTOP-VQT91NH"
  }
},
{
  "model": "security.accessusers",
  "pk": 14,
  "fields": {
    "user": 1,
    "date_joined": "2020-12-18",
    "hour": "11:50:20.220",
    "localhost": "192.168.1.72",
    "location": "DESKTOP-VQT91NH"
  }
},
{
  "model": "security.accessusers",
  "pk": 15,
  "fields": {
    "user": 2,
    "date_joined": "2020-12-18",
    "hour": "11:52:06.750",
    "localhost": "192.168.1.72",
    "location": "DESKTOP-VQT91NH"
  }
},
{
  "model": "security.accessusers",
  "pk": 16,
  "fields": {
    "user": 1,
    "date_joined": "2020-12-18",
    "hour": "11:59:25.042",
    "localhost": "192.168.1.72",
    "location": "DESKTOP-VQT91NH"
  }
},
{
  "model": "security.accessusers",
  "pk": 17,
  "fields": {
    "user": 1,
    "date_joined": "2020-12-18",
    "hour": "12:12:06.657",
    "localhost": "192.168.1.72",
    "location": "DESKTOP-VQT91NH"
  }
},
{
  "model": "security.accessusers",
  "pk": 18,
  "fields": {
    "user": 2,
    "date_joined": "2020-12-18",
    "hour": "12:12:45.490",
    "localhost": "192.168.1.72",
    "location": "DESKTOP-VQT91NH"
  }
},
{
  "model": "security.accessusers",
  "pk": 19,
  "fields": {
    "user": 1,
    "date_joined": "2020-12-18",
    "hour": "13:56:53.663",
    "localhost": "192.168.1.72",
    "location": "DESKTOP-VQT91NH"
  }
},
{
  "model": "security.accessusers",
  "pk": 20,
  "fields": {
    "user": 1,
    "date_joined": "2020-12-18",
    "hour": "14:05:34.661",
    "localhost": "192.168.1.72",
    "location": "DESKTOP-VQT91NH"
  }
},
{
  "model": "security.accessusers",
  "pk": 21,
  "fields": {
    "user": 2,
    "date_joined": "2020-12-18",
    "hour": "14:12:11.262",
    "localhost": "192.168.1.72",
    "location": "DESKTOP-VQT91NH"
  }
},
{
  "model": "security.accessusers",
  "pk": 22,
  "fields": {
    "user": 1,
    "date_joined": "2020-12-18",
    "hour": "14:14:01.792",
    "localhost": "192.168.1.72",
    "location": "DESKTOP-VQT91NH"
  }
},
{
  "model": "security.accessusers",
  "pk": 23,
  "fields": {
    "user": 1,
    "date_joined": "2020-12-18",
    "hour": "14:32:25.147",
    "localhost": "192.168.1.72",
    "location": "DESKTOP-VQT91NH"
  }
},
{
  "model": "security.accessusers",
  "pk": 24,
  "fields": {
    "user": 2,
    "date_joined": "2020-12-18",
    "hour": "14:32:33.162",
    "localhost": "192.168.1.72",
    "location": "DESKTOP-VQT91NH"
  }
},
{
  "model": "security.accessusers",
  "pk": 25,
  "fields": {
    "user": 1,
    "date_joined": "2021-06-19",
    "hour": "15:32:18.642",
    "localhost": "192.168.80.118",
    "location": "DESKTOP-49B37T6"
  }
},
{
  "model": "security.accessusers",
  "pk": 26,
  "fields": {
    "user": 3,
    "date_joined": "2021-06-19",
    "hour": "16:57:53.843",
    "localhost": "192.168.80.118",
    "location": "DESKTOP-49B37T6"
  }
},
{
  "model": "security.accessusers",
  "pk": 27,
  "fields": {
    "user": 1,
    "date_joined": "2021-06-19",
    "hour": "16:58:45.466",
    "localhost": "192.168.80.118",
    "location": "DESKTOP-49B37T6"
  }
}
]
